title,lang,source_name,format,category,cefr_level,license,text
0001.xml,en,cefr-asag,document-level,learner,A2,CC BY-NC-SA 4.0,"everyday i get up at 8 a clock. I always turn my music on. To have a nice day. Firstly, i take my shower. In a second time I breakfast. Then i go to school. But that's depend about my timetable. I don't begin at 8h30 everday so sometimes I watch tv"
0002.xml,en,cefr-asag,document-level,learner,A1,CC BY-NC-SA 4.0,My family is very small. I have a big borther. He is twenty three years old. He is a student.
0003.xml,en,cefr-asag,document-level,learner,A1,CC BY-NC-SA 4.0,My name is {name}
0004.xml,en,cefr-asag,document-level,learner,A2,CC BY-NC-SA 4.0,"Hi my name is {name},"
0005.xml,en,cefr-asag,document-level,learner,A2,CC BY-NC-SA 4.0,"I have one sister, she is married and she has one children. His name is {name} and he is so cute, he loves the mininons and the car. My father and my mother work for the belgium military. They break up when i was 3 years old. My father are married with another women and my mother lives alone."
0006.xml,en,cefr-asag,document-level,learner,A1,CC BY-NC-SA 4.0,"I get up at 7 am on a weekly day, i go to my lessons. And when i come back at home in the evening, ik study a little bit, watch tv, play video games and then i go to sleep at 11 pm."
0007.xml,en,cefr-asag,document-level,learner,A2,CC BY-NC-SA 4.0,"I have a mother and a father and they are stil married. I have too a sister and a brother and I am am the jongest. my sister, pauline, don't live whit us anymore because she lives whith her boyfriend now."
0008.xml,en,cefr-asag,document-level,learner,A2,CC BY-NC-SA 4.0,"I really like playing video games online with my friend . But i do not see only my friend in games . I also like to go ou with them all ; drinking beer, dancing, laughing ,..."
0009.xml,en,cefr-asag,document-level,learner,A1,CC BY-NC-SA 4.0,In my daily life i go to class has the university. The rest of the time i ride horse. After horseriding i study for university and for work for the exams.
0010.xml,en,cefr-asag,document-level,learner,A2,CC BY-NC-SA 4.0,"I have a little family, i live with my father because my mother is dead last year. I have a lot of family to foreign country but i don't see my cousins and my uncle. She lives to France and Germany, for me my father is my alone family."
0011.xml,en,cefr-asag,document-level,learner,A2,CC BY-NC-SA 4.0,"I've one brother and one sister, they are 14 and 4 years old. My mother is 41 years, she works for the communal house of Waterloo and my father is 51 years, he works in a restaurant in Brussel. My parents are separated since 10 years and now, I'm living by my mother. She has a new boyfriend since 5 years. This man has one son of 14 years and we're living in Waterloo. We're the happiest family."
0012.xml,en,cefr-asag,document-level,learner,B1,CC BY-NC-SA 4.0,"I don't know if I prefere to draw or to cook. Drawing, because when I was a little girl, I used to draw everything I saw, everytime. And people told me I was an artist. But now, I don't draw anymore because I think that I don't have this ""mind child"" I had. I'm more intrested by food and health. One day, I want to be vegan, so I love cooking healthy meal, with organic food. It make me feel so good in my body and in my mind."
0013.xml,en,cefr-asag,document-level,learner,A2,CC BY-NC-SA 4.0,"My hobbies are hockey and golf. I like to play with my friends and i enjoy to have a great time after school or something like this. I train 2 times per week and i play a match of hockey 1 time per week-end, it's always the saturday and when i have more time , i play golf ."
0014.xml,en,cefr-asag,document-level,learner,A2,CC BY-NC-SA 4.0,"I get up at 7am and I take a shower! This very important if I want to feel me awake. Every morning I look at my Facebook and I wish ""happy birthday"" to my friends."
0015.xml,en,cefr-asag,document-level,learner,A2,CC BY-NC-SA 4.0,"Last week was the easter break. The first real break in the university school. But that was not the only name of this break, the other is ""pre-blocus"" in french. Also, i'hve study the second week for be ready for my exam session in june. i've just three exam and a english test. I'have learn economy, semiology and english. i've keep the statistics for later. The first week i've just nothing to do. My friends was in vacation but not me. Eat, sleep, show movies and series is for me the best vacation. I've also start sport with jogging in my village but that was hard with the hill of my location."
0019.xml,en,cefr-asag,document-level,learner,A2,CC BY-NC-SA 4.0,"Firstly , I'd like thanking you for the invitation. It had been a long time I didn't take part of a birthday's party. I'm hoping the best."
0024.xml,en,cefr-asag,document-level,learner,A2,CC BY-NC-SA 4.0,"Last summer I went to Thailand with a volunteer organisation. I went to a orphanage, and the projet is to cleaning and painting this orphanage."
0025.xml,en,cefr-asag,document-level,learner,B1,CC BY-NC-SA 4.0,"My biggest memory was in France last year. It was my birthday so we did a party with my best friend, my girlfriend and my parents. but before that, we were gone in a gastronomic restaurant. The same day, I received a gift : a holiday prepaid by my parents for the United States. So this year, I know where I'm going !"
0034.xml,en,cefr-asag,document-level,learner,B1,CC BY-NC-SA 4.0,"Last holliday, in jully , I went in Croatia, with my boyfriend for two weeks"
0036.xml,en,cefr-asag,document-level,learner,B1,CC BY-NC-SA 4.0,"Four years ago, I went to Bali on holidays with my famiy during two weeks. There we saw many beautiful landscapes and we visited a lot of temples. One day we visited a wonderful temple. The particularity of this temple is that ther were monkeys. But this monkeys were educated by dishonest men. This men had learned to the monkeys to stole the glasses of the tourists and then to render the glasses in exchange of a snoop. Then the dishonest mens asked money to the tourist in exchange of his glasses. That arrived to my aunt who didn't hold her glasses."
0037.xml,en,cefr-asag,document-level,learner,B1,CC BY-NC-SA 4.0,"I went to Lisboa in September. I was with 3 friends there. We lent an appartment not in the center of Lisboa. To go to Lisboa, we had to take a train during 20 minuts. There was a beach only 1 minuts far of the appartment."
0038.xml,en,cefr-asag,document-level,learner,B1,CC BY-NC-SA 4.0,"Dear {name},"
0040.xml,en,cefr-asag,document-level,learner,A2,CC BY-NC-SA 4.0,"During the first week of easter's holliday, i went in France for the wedding of my brother. It was absolutly amazing! My family and I where waiting for this moment so much and it was exactly like we wanted. After the wedding, a party was organised at the beach. It's seems crazy when I though that I've spend the wedding of my brother near from the see..."
0041.xml,en,cefr-asag,document-level,learner,A2,CC BY-NC-SA 4.0,"When i was ten yeard old, i walked in the moutain. When i'felt on a rock. The monitor has needed tp call a helicopter. At the hospital, the medecine told me that i has broken my leg. This the longer holliday of my life, sit on a sofa all of the day. The worst in this history, it was the second day of the beging of the holliday, i must waited eleven to back home"
0042.xml,en,cefr-asag,document-level,learner,B1,CC BY-NC-SA 4.0,"I don't know... it's quite hard to imagine what my life would look like in 10 years. Maybe i'm gonna be a famous comuter scientist, who is the author of somes famous piece of software, maybe a virus .... I've always been fascinated by the way botnets where working. That much power in the hands of one (or a few) man. the biggest are controlling millions of computers and are still anonymous, they're just genius."
0043.xml,en,cefr-asag,document-level,learner,B1,CC BY-NC-SA 4.0,"In 10 years time, I would like to be a famous journalist and travel around the world. I really enjoy travelling because I love moving and discover new things. But I also like to be informed and know what is happening in the world. In fact, I think that it is important to know the issues of our world and to try to find solutions about it."
0046.xml,en,cefr-asag,document-level,learner,A2,CC BY-NC-SA 4.0,In 10 years i will be an avocant. I hope and  will have 2 children. I will be riche because i will work hard. I will travel a lot in the world. I will retourn in Ethiopia and why not stay to live in there. In Ethiopia i will bult a lot bulding  for children. i hope so they will happy.
0047.xml,en,cefr-asag,document-level,learner,B1,CC BY-NC-SA 4.0,"Last year, I went to Vietnam with six friends during three weeks. That was very fun, interesting and a little bit hard too. We went first to the capital, Hanoi. It is so different that our culture , there is a lot of people all day all night in the street, we can think that the city never sleep ! After that we went to the beautiful Halong Bay : that's one of the seven beautifulest places in the world and we understood why. that's a paradisiac view and place and we were so grateful to be there."
0051.xml,en,cefr-asag,document-level,learner,A2,CC BY-NC-SA 4.0,"Two years ago I gone in Thaïland for summer holidays. The travel during three weeks and I was with my family, my mom, my dad and my little brother. It was juste awnsome the landschaps was wonderful. We visited the nord of the thailand and of course Bankok the capitalcity. We past one week on a island called kho tao with white beach ans blue water like in a postcard. We simmed with elephant too it was a moment who I can't forget."
0055.xml,en,cefr-asag,document-level,learner,B1,CC BY-NC-SA 4.0,"Hi {name},"
0056.xml,en,cefr-asag,document-level,learner,B1,CC BY-NC-SA 4.0,Thank you very much for you invitation {name}.
0060.xml,en,cefr-asag,document-level,learner,B1,CC BY-NC-SA 4.0,"Last year, I went in Italy with my school during 6 days. It was in April so it was warm and sunny every day. First, we went in Rome during 3 days. It's the most beautiful city that I have ever seen. We discovered a lot of monuments such as ""Il colosseo"", ""Fontanta di Trevi"",etc. Then, we went in Florence, another beautiful city ! We also visited a lot of things. Concerning the food, it was obviously delicious because in Italy, all is good ! This trip in Italy is my best momery of a holiday because I was with my friends and so it was very pleasant !"
0061.xml,en,cefr-asag,document-level,learner,A2,CC BY-NC-SA 4.0,"Firstly In 10 years time, I hope that I'll be happy like today. I'll be the boss of my compagny. I hope that i'll be married and that i will explorate the world with my wife, I want to know all about the planet where i live."
0062.xml,en,cefr-asag,document-level,learner,A2,CC BY-NC-SA 4.0,"In 10 years, i will be married to a famous basketball player and have 4 children ; 2 boys and 2 girls. I will leave in a beautiful house in Los Angeles with a big garden and a swimming pool. I will be a professional danser and i will go on Tour with celebrities. I will be a actress to. I will have done many movies with a lot of actors from Hollywod. This is how my life will be in 10 years."
0071.xml,en,cefr-asag,document-level,learner,B1,CC BY-NC-SA 4.0,"I'd like to share you a funny memory about the first time I went to New York. I'm not sure I need to told you because it means I'm very bad at english. I went there to visity my girlfriend who was working as an ""au pair"". During our stay we visited the MoMA wich is a very important building with a lot of rooms where you get easely lost. When we were looking at the pieces of Art in the garden a woman asked us the way to the exit. I decided to improve my english and I explained to her that she needed to go back inside and then turn left. I'm actually sure she did'nt understood me because she respond : ""ok anyway I will find by myself"". I was very disapointed because I was pretty sure my english was correct and clear. That was for me an interesting holiday's memory about my english level wich is the point of this exercise."
0075.xml,en,cefr-asag,document-level,learner,B1,CC BY-NC-SA 4.0,Hey buddy !
0076.xml,en,cefr-asag,document-level,learner,B1,CC BY-NC-SA 4.0,"Hi {name},"
0077.xml,en,cefr-asag,document-level,learner,B1,CC BY-NC-SA 4.0,"In 10 years, I would like to live and work in Canada because I love this country. I hope I would work in a big company in the Human Resources. I also hope that I will have a husband and 2 children. I think that my family will miss me and I will miss them but I don't want to stay in Belgium. It's my country but there is no future for my generation and the governement don't do the best for the poeple. They only think for the money."
0079.xml,en,cefr-asag,document-level,learner,A1,CC BY-NC-SA 4.0,I would like a family with a man and 2 children.
0083.xml,en,cefr-asag,document-level,learner,A2,CC BY-NC-SA 4.0,I hope that I will have a job in computer sciences in a society whether as a work in Belgium or in an other country. I may have a fiancee with whom I will live in a flat or a little house that we will praise. I would also like to have visit Japan once or twice... This is what I Imagine.
0085.xml,en,cefr-asag,document-level,learner,A2,CC BY-NC-SA 4.0,I went to the USA 2years ago. It was an amazing trip.
0088.xml,en,cefr-asag,document-level,learner,B1,CC BY-NC-SA 4.0,"Hello {name},"
0090.xml,en,cefr-asag,document-level,learner,B1,CC BY-NC-SA 4.0,"3 years ago, I went to New-York in June. It was my best holiday at all because this famous city that never sleep is a wonderfull  city ! I went there with my parents and my little brother. Every morning we went to a Starbuck to eat bagels and to drink a coffee like a real New-Yorker. We saw a lot of famous places like Times Square, China town, and so one. We also saw many places of movies, it was very cool !"
0091.xml,en,cefr-asag,document-level,learner,A2,CC BY-NC-SA 4.0,"My best memory of a holiday was San Torini. The sun was shining and the lanscape were beautiful. San Torini is an island in West Greece. There ares many white en little houses. the guide tells us the was in fact hotel today. she also tells us why these houses are whites, it's to keep cold air iside. there were also many orthodoxe chrurch. there were white with a blauw hood."
0103.xml,en,cefr-asag,document-level,learner,A2,CC BY-NC-SA 4.0,"Good morning my dear,"
0104.xml,en,cefr-asag,document-level,learner,A2,CC BY-NC-SA 4.0,"Four years ago, I went to Senegal during two short weeks and I think it was the most beautiful travel that I've made in my life. I took the plane and it was the first time for me because my parents doesn't like plane (my mother is afraid by that). It was the most beautiful travel because I discover a lot of thing that we doesn't know here in Belgium."
0106.xml,en,cefr-asag,document-level,learner,B1,CC BY-NC-SA 4.0,"Thank you for your invitation! If you want, i can help you to prepare your home! I can too bring somes alcohols, food and friends. You don't have enough friends to bring a good ambiance to your party, that's terrible! So i can help you in that way, i know that you need me for this! Maybe you will meet news peoples, that can be awesome for you. I know that you're very lonely, but don't think too much about that. You just need to feel the present as he comes to you. Don't be angry when you read this, that was a whole joke! I know that you don't love this kind of humour, but i'm like that. And please, don't get wasted like the last time we had a party, you was totally drunk and you wanted to date {name}, this ugly pig! No, i'm not rude, she's really the ugliest thing on earth, and she's not a good girl. She's a whore! Excuse me, but you know that i'm right! Anyway, i just wanted to thank you and give my help."
0110.xml,en,cefr-asag,document-level,learner,B1,CC BY-NC-SA 4.0,"Dear friend,"
0111.xml,en,cefr-asag,document-level,learner,B1,CC BY-NC-SA 4.0,"Hi {name}, Thank you for your invite ! I was so happy te receive it !"
0115.xml,en,cefr-asag,document-level,learner,B1,CC BY-NC-SA 4.0,"If i have to imagine my life in the future, it would probably looks like an adventure life. My childhood dream was to discover the world and learn about new culture in different country. So i hope that in 10 years, i will discovered so many beautiful landscape and met people who changed my life, with their culture, as i changed their."
0116.xml,en,cefr-asag,document-level,learner,B1,CC BY-NC-SA 4.0,"Hey body, thanks for your invitation for your birthay party! I was really happy when i saw it in my facebook page. So if you need some help on any matters, you know that I'm the man! I can bring some drink, make the decoration of the room, cook some meal,... Wathever you want. I see you tomorow at school, so we will speak about that. Bye!"
0121.xml,en,cefr-asag,document-level,learner,B1,CC BY-NC-SA 4.0,"The best book I've ever read is probably ""Harry Potter and the Deathly Hallows"" by Stephen King. In this book, there's a strange mix of passion, self-awareness, secrets, lies, action and fear (what's bring us more than fascination). It's a book who's adressed to a large public (but maybe not for kids ...). That's the untying of the sage Harry Potter and I have to say that I'm not disappointed ! When I've opened this book, I wasn't able to close it anyway. I advise to read this masterpiece as soon as possible !"
0133.xml,en,cefr-asag,document-level,learner,A2,CC BY-NC-SA 4.0,"For now, I have never think about these amount of monney, so I cna't have a clearly idea of what I can do with. But by thinking now, I can divide these monney to do different projects, like rise up a company, creata an orphanage. But primary I can say that my first goal will be how I can find a way to multipide those monney. It said in introducing the money in the economy."
0134.xml,en,cefr-asag,document-level,learner,A2,CC BY-NC-SA 4.0,"I think I will travel the world and visit the most beautiful areas of the world. But I find that with money it's too easy. If I want more adventure I have to meet the inhabitants of the country and walk in the nature. So, I will use the money for the plane ticket's and no for luxuous hostels. I have the project to visit south America because I have many friends in these country. They will be happy to offer me a home and to show me their country. I dream to walk in the historical Machu Pichu."
0144.xml,en,cefr-asag,document-level,learner,B1,CC BY-NC-SA 4.0,"Hi everybody,"
0145.xml,en,cefr-asag,document-level,learner,B1,CC BY-NC-SA 4.0,"I have already read a lot of book in my life. In my opinion, the best book is the Harry potter because there are more than one book for reading the full story. Moreover we can see after reading the book the film in cinema. It's really exciting  to read a book and imagine the situtation and the figurants. Then you can go to cinema and you can see how the productor wanted to show us the story of Harry potter. The goal of this book it's not to touch people or realise of a problem in the life but it's a funny book that you can read for your free time."
0148.xml,en,cefr-asag,document-level,learner,B1,CC BY-NC-SA 4.0,"I'm not a big fan of reading and i don't read many books. But six months ago, i had read one book very interesting."
0151.xml,en,cefr-asag,document-level,learner,B1,CC BY-NC-SA 4.0,"The best book I have ever read is ""La jeune fille à la perle"" of Tracy Chevalier. This book tell the story of a little girl who work for a rich family. In this rich family, live the artist Vermeer. The work of this girl is clean the house and after few months, she become friend with Vermeer. In fact, their friendly is an attirance.."
0153.xml,en,cefr-asag,document-level,learner,B2,CC BY-NC-SA 4.0,"""Brassicole the 16th of March"""
0156.xml,en,cefr-asag,document-level,learner,B1,CC BY-NC-SA 4.0,"The best book I've ever read is 20 miles under the seas by Jules Vernes. When I was 8, I had many books wrotten by this autor. The story occured under the sea. A terrible monster (looking like a giant octopus) was attacking many boats. In order to react at this threat, men organised a big expedition to kill the monster. According to them, it was nothing more than a big shark or a giant octopus. But what they discovered was scarier than their expectations. In fact, in the deep sea, they met an opponent. Neither the swords, neither the spears could beat it. For the first time in human history, men have to fight against a opponent stronger than them."
0165.xml,en,cefr-asag,document-level,learner,B1,CC BY-NC-SA 4.0,"If I had 1 million euros, I would first of all put them in investments that will make my old days better. Then, I would visit all the world with my family to discover new cultures and food.I also would stop to work and enjoy of my free time by making some sports, journeys and by being with my friends. Of course, il would every year give a part of this amount of money to charitables. And when I will have done this, I would buy excitings cars and a chalet in mountains so that I can enjoy the winter by skiing and the summer by sunbathing and making some walks into the wild."
0172.xml,en,cefr-asag,document-level,learner,B1,CC BY-NC-SA 4.0,"If i had 1 million euros, i would firstable give a part to my parents because they have been giving me a lot of money since i was born. Then i would buy a normal house and maybe a car if i still have enough money. For the house, a old house in the countryside could be great and for the car, a Clio or a small VW would be really good. One million euros is not so much in fact but it can help a lot !"
0175.xml,en,cefr-asag,document-level,learner,B1,CC BY-NC-SA 4.0,"If I had 1 million euros, I would spend that money for my family first, to bring them on holiday to do a whole world travel's tour. But I suppose that I still would have money after that. That's why I would give a part of this amount of money too poor countries, so that they can build hospitals and first help's buildings. I would like to help people who is in the need, whithout passing throught their government because I know they usually are currupted."
0183.xml,en,cefr-asag,document-level,learner,B1,CC BY-NC-SA 4.0,"My name is {name}, i'm belgian and today I want to share with you something that happened to me yesterday afternoon. I currently am in holiday and decide to leave my country to visit others. Me and my cousin choose to visit Denmark. We so have to take the plane to Copenhagen. That was the first time we were taking the plane by our own, we were so a little stressed. Once in the airport we were running everywhere asking for everybody where do we have to go. It was a this right moment that the 2 bomberman decide to blow up the airport. We were both safe but it was very frightened...there were people laying on the ground, smoke and dust everywhere."
0188.xml,en,cefr-asag,document-level,learner,A2,CC BY-NC-SA 4.0,La brassicole
0189.xml,en,cefr-asag,document-level,learner,B1,CC BY-NC-SA 4.0,If i had 1 million euros i'll try to help the people who are most in need.
0194.xml,en,cefr-asag,document-level,learner,B1,CC BY-NC-SA 4.0,"I m in a festival like event, a big festival where during 5 days and 4 nights, people from all around the world come here for music and enjoy it. There are truck foods, toilets, shower, chairs and sofa for relaxing, like at home. There are ten of thousands people here, Asian, French,Italian, Marocan, ... from every nationalities; it's very diversify. It's cool to be there because everybody is smiling, speaking with each other, making jokes, even if they know nobody. It's a particular ambiance that you must live once in your life !"
0210.xml,en,cefr-asag,document-level,learner,C1,CC BY-NC-SA 4.0,"The best book I've ever read was ""La guerre des clans"". I was 14 when I read it for the first time. Sure I was yong and I've read many other books since then. But this book is the one that makes me love reading. I can't explain why, cause I think nobody could understand. When I've been telling my friends about that book, they were not really excited... Well, it's a story about cats. Maybe they were thinking it was a book for children, but it wasn't. Even if the main characters were all cats, I could easy imagine they were humans. In the book, they can speak, they're feeling and thinking like humans would do. To be honnest the only difference was that they were fighting with claws instead of weapons. That's not a bad thing."
0215.xml,en,cefr-asag,document-level,learner,B2,CC BY-NC-SA 4.0,"The best book I have read ? In fact, those are every book of Guillaume Musso. Personally I can't say this book is better than an other because I liked all of  them. The universe of his books is the same in every book except the story and the figures. There are also two cities ( one in France and the other in the United States) and a love story with some mysteries. Sometimes some figures disappear or come out. His books are awazing from the beginning to the end. Guillaume Musso is in the habit of making his figures lovable. He includes at the beginning of every chapter of his books a quote and it is very pleasant to read, that inspire me a lot. He has an unbounded imagination. In most of the case, we are surprised at the end of the book because the situation turn around."
0217.xml,en,cefr-asag,document-level,learner,B1,CC BY-NC-SA 4.0,"Yesterday, I've been to the Revue of the CESEC circle. Do you know what is it? In fact, you find a lot of arts. There are dances, songs, theater made by the students and for the students. The actors play the role of the professor from the University of Louvain-la-Neuve. So the professor come to the Revue and are specator just as the student who wants to see their friends which organise and plays in the Revue. This year it happened in the Salmigondis place because the Aula Magna was too expensive. So it was a real challenge for them : there is no scene, no lights, no curtains. In three days, the organisator have to do the best to make it real! And they did it, there was a lot of humour. After, the professor offered beers to everybody to thank them for the show !"
0220.xml,en,cefr-asag,document-level,learner,B1,CC BY-NC-SA 4.0,"Last week, I attended a big fashion event in Paris. I went to Paris from thursday to monday evening. Paris is a fantastic city! The event was on saturday night in a big historic monument. It was magical. I met a lot of big names of the fashion industry. The show was on the afternoon, it started on 3 pm and ended one hour later. Before the show, a lot of photographs were at the entrance to take pictures of the last fashion clothes of the spectators. Once we were inside, we could find on each seats bags with presents from the brand in it, it is always great to receive free products from a brand. The show was beautiful, no one of the models did fall and their clothes were very nice. After that, I visit Paris. On monday evening, unfortunetly, I had to go back home, in Belgium. I spent a very good time on the event, a memory to always remember."
0226.xml,en,cefr-asag,document-level,learner,B1,CC BY-NC-SA 4.0,"If I had 1 millions euros, I would keep a part for me and give the rest to different associations for human's right, poverty, homeless people, refugees. I think that when you keep all the money for you and that you buy everything you want, you think you're happy and the king of the world but it's not the same hapiness that when you share it with people who really need it. I think that when you share, you become richer than when you keep your money for your own pleasure."
0230.xml,en,cefr-asag,document-level,learner,B1,CC BY-NC-SA 4.0,"If I had 1 million euros to spend, I will probably give a huge part to the people who needs it. I'll keep a small part to spend it with my family and friends and the rest will certainly go on a bank, which will permit me in few years to give a big part of this money to associations again. I'll use it also to travelled the world and discover different cultures, the way of life of the people from different countries and offer myself a great life lesson."
0234.xml,en,cefr-asag,document-level,learner,B1,CC BY-NC-SA 4.0,I would invest in a house of moreover 300.000 €. I would also buy a car for 30.000 € maximum. I would put all the rest at the bank on a spare account.
0235.xml,en,cefr-asag,document-level,learner,B1,CC BY-NC-SA 4.0,"The best book I've ever read is a classic, Harry Potter. I've grew up with the saga, since I was a child until now. This made all of my childhood and a part of my teenage."
0241.xml,en,cefr-asag,document-level,learner,B2,CC BY-NC-SA 4.0,"The best book I've ever read is the Harry Potter saga, which is composed by 7 books. I love reading this book because the writer talks of a new, magic world which a lot of character and also a lot of moral basis, like friendship, relationship, happiness and the fight between the good and the evil's character."
0244.xml,en,cefr-asag,document-level,learner,B2,CC BY-NC-SA 4.0,"I think thos question is very difficult. One does not simply know which book is ""the best"" he or she has ever read. My first thought would be of course for the Harry Potter saga, wich has made all my childhood and participated in a big proportion to my construction as an adult person. Yet today I often use it as a reference for many parts in my life. Bit is it the ""best book"" I've ever read ? I must answer no for many reasons. Which book then? My favoriete writter is Bernard Werber, bit it isn't the question and I couldn't choose just one of his. I guess my final answer will be the one I'm reading right now, first because he is really good, speacking about japan and modern live, but mostly because he perfectly fit to my current mood. And it isn't the definition of the best book anyone could ever read? the one who at some point of life and time, just suit you."
0251.xml,en,cefr-asag,document-level,learner,B2,CC BY-NC-SA 4.0,"A few months ago, I bought a book that I had seen in a library and which seemed very interesting. It's called ""invisible revolutions"". The book is divided in chapters, and actually each chapter is a small ""story"" about a real fact that is happening now. Every story has a link with the environment. For example, they talk about climate change and solutions about it..."
0256.xml,en,cefr-asag,document-level,learner,C1,CC BY-NC-SA 4.0,"The most important thing to know is that if I had one million euros, I would give the half to help people who need it. I wouldn't give everything to associations as soon as I receive it, but I would keep it until something happens in the world, like a earthquake, so I can help people at the moment they need it the most."
0259.xml,en,cefr-asag,document-level,learner,B1,CC BY-NC-SA 4.0,"At the moment, the only event I'm waiting for is the next summer holidays !"
0262.xml,en,cefr-asag,document-level,learner,B1,CC BY-NC-SA 4.0,"Hello everybody,"
0267.xml,en,cefr-asag,document-level,learner,B1,CC BY-NC-SA 4.0,"Yesterday, I went to a concert ! It was very original because there were not any intruments. It's weird, no?"
0268.xml,en,cefr-asag,document-level,learner,B1,CC BY-NC-SA 4.0,"I have just seen Batman vs Superman and I couldn't miss the occasion to share with you my opinion. I won't speak about all the aspects of the movie (I mean the plot, the actors or the music) because I would be too long to explain and you can easily find that on the internet. I just want to share something like verdict with you. Here is mine : it was good ! Whatever you could hear on the social networks or in the newspapers just remember this famous quote ""don't judge a book by it's cover"". I couldn't be more true. The fact that I like this blockbuster and superheroes movies may sounds strange for most of you but I find in this kind of stories something similar with greek mythology.. You will also notice some obvious references to Greece and also some potential philosophy subjects. You should definitely go there and see the movie, I hope you will enjoy it as much as me. Don't forget to comment."
0269.xml,en,cefr-asag,document-level,learner,B1,CC BY-NC-SA 4.0,"If I had the chance to won 1 million euros, I would give a part at associations for children who are so hungry in Africa for exemple and also for animals. I'm obviously going to use it to do some shopping with my sister, just to buy what we want and also to travel around the world. I really would like to discover new culture, new people, beautiful landscapes and just enjoy the peace on high moutains."
0272.xml,en,cefr-asag,document-level,learner,B2,CC BY-NC-SA 4.0,"In my opinion, everyone wants to reach happiness. That idea is what drives people throughout their lives, what influences them the most when facing important choices. Now, in a world where capitalism has so deeply spreaded in all aspects of the society that wealth became the principle value by which a person can mesure his success and thus, his happiness, grinding money for the sake of it seems like the rational thing to do."
0273.xml,en,cefr-asag,document-level,learner,B2,CC BY-NC-SA 4.0,"As a student, I would be really delighted if I could study abroad and discover new horizons. Travelling bring experience to the students and that can be really useful in the professional life. It gives them a new look to everyday-problem and this new look can help in future decisions making."
0276.xml,en,cefr-asag,document-level,learner,B1,CC BY-NC-SA 4.0,"Yes, i think that it should be mandatory because we have to be immerse in another country to learn well the language. Learning a language in our country is not enought, we just have more or less 4 hours at the university, so really not enought to be fluent. Nowadays without the capacity of speaking others languages, it's almost impossible to find a job. Furthermore, going overseas is a way to improve the language but it also a way to learn to be ressourceful, responsive and blooming. It's also an great opportunity to meet people from different cultures, and to discover their cultures."
0278.xml,en,cefr-asag,document-level,learner,B1,CC BY-NC-SA 4.0,"Nowadays, study abroad becomes more accessible for everyone. Indeed, a lot of programmes and associations propose to the students different opportunities to do part of their studies abroad. For example, the Erasmus program is very popular in the universities."
0281.xml,en,cefr-asag,document-level,learner,B1,CC BY-NC-SA 4.0,I don't think study abroad should be a compulsory part of education.
0282.xml,en,cefr-asag,document-level,learner,B1,CC BY-NC-SA 4.0,The issue of environment
0286.xml,en,cefr-asag,document-level,learner,B1,CC BY-NC-SA 4.0,"First of all, I'll just say that every little things are important. There are not ""little initiatives"". Let take the example of Louvain-La-Neuve, if every students try to sort the waste or take the train, it means that nearly 30 000 persons (whithout all the personals) are taking care of the environment. So, the first advice I can give is to see the big picture and don't think that your personal initiative are useless because we are thousands to do the same. Secondly, people could try to buy local products. It is difficult because we never know from where procucts come, that's why we need to create some labels for our local products (it will avoid a lot of pollution if we reduce the freight of some products). Finally, we could eat less fish and meat, for example we can try to eat veggie the week-end because we have much time to cook. The change could come from entreprises and governments because they can take important decisions about pollution and so on but first we have to show that we care about environment by doing ""our little initiatives""."
0295.xml,en,cefr-asag,document-level,learner,B2,CC BY-NC-SA 4.0,"I think the most important is to have an enjoyable job because the laps of time between the beginning of your carreer and your retirement is very long nowadays, and will grow in the future. So, you will have to manage all your life with a crappy stressful job."
0300.xml,en,cefr-asag,document-level,learner,B2,CC BY-NC-SA 4.0,"I think an enjoyable job is way more important, as long as you make enough money to live comfortably. If you are not happy when you work then it is a big problem because you do your job everyday for quite a few hours and during a big period of time. Money is of course important because you need some to live, to eat, to do stuffs on the weekends... But happiness is more than that ! If you don't like your job, you come home everyday in a bad mood and that's not nice for your family, your roomates, ..."
0314.xml,en,cefr-asag,document-level,learner,B2,CC BY-NC-SA 4.0,Eco friendly
0319.xml,en,cefr-asag,document-level,learner,B2,CC BY-NC-SA 4.0,"If you are a student, all possibilities are always open. You are young and eager, you can become everything you want... And if don't know what to do with your life... Never mind, you just start it. Make mikstakes, travels and create relationships all around the world. Stability is for after, live your dreams and reach the stars."
0322.xml,en,cefr-asag,document-level,learner,B1,CC BY-NC-SA 4.0,"Before starting and write down differents advices, I think this is important to the people to understand the fact that everybody have responsabilities about the environment problem, we all have to contribuate to the improving of this last one."
0327.xml,en,cefr-asag,document-level,learner,B1,CC BY-NC-SA 4.0,"Any people agree with this question but as I'm concerned, i don't think so."
0328.xml,en,cefr-asag,document-level,learner,B2,CC BY-NC-SA 4.0,I think that following classes abroad should be a compulsory part of education.
0329.xml,en,cefr-asag,document-level,learner,B1,CC BY-NC-SA 4.0,"I would try to convice poilitics that our productions's method is way less efficient than other methods. As an example, permacultural production of food which try to work with the nature instead of working against, has already prooved his ability to feed a good amount of population without causing any damages to the nature we're living in. It goes even more than than the only production of food. Indeed, the idea is to help the nature by recreate nice conditions for her to expand herself. This method is a good response to deserts due only to abusive deforestation. We can apply this method for ourserlves, but the deal is becoming so much important that we have to implicate politics into that matter. It might be hard, as this new method can't be used for big marchandizing and only work at local level. That is why anybody can start to practise on they own, wherever there are -even in cities - but they must keep in mind that the idea must appear at a largest level."
0330.xml,en,cefr-asag,document-level,learner,B1,CC BY-NC-SA 4.0,"To improve the environment is a large notion, i think however, that it is very important to find solutions in order to finght against the hight emmission of gazes causing global warming and other forms of pollution."
0334.xml,en,cefr-asag,document-level,learner,B1,CC BY-NC-SA 4.0,"At the moment, there are a lot of student who want to study abroad in their last year of education. Their main reason is to improve their level of a foreign language."
0337.xml,en,cefr-asag,document-level,learner,B1,CC BY-NC-SA 4.0,"I think that they are both of it important because to be happy, an enjoyable work is essential to be not bored during the day.  However, people need enough money to make activities and materials which improver our live quality. Too much people is not necessary but there is a minimum amount to reach per month. The goal is to find a good work life balance to have fun at work and money to have a good confort for us and our family."
0341.xml,en,cefr-asag,document-level,learner,B1,CC BY-NC-SA 4.0,"At my opinion, having an enjoyable job is better than making money."
0344.xml,en,cefr-asag,document-level,learner,B2,CC BY-NC-SA 4.0,"I think that study abroad is a beautiful experience for some students. They learn a new langage, meet new people and discover a new culture. But for others, being far from what they know, from their friends and family, could be catastrophic. For example, there are host families who are totally unfriendly with foreigner students. In this case, the student coul feel very bad, sad and maybe he will isolate him/herself from the social world. Furthemore, some students could be ""alone"" and lost when they go abroad to study. It could lead to school/academic failure and to depression."
0347.xml,en,cefr-asag,document-level,learner,B1,CC BY-NC-SA 4.0,"I think the better advice I have to give is ""Be healthy"". Why, because if you stop drinking or eating chimical food, you'll make our environment safer. For example, if you stop to drink soda, the companys will product less plastic which, part of it, finally stays in the oceans and kills fishes and the others. That safes not only our nature but people who can't drink a healthy water because of it too, like some countries in Asia (India,...).Some people in Brazil have to replace theirs habits (to drink water) by buying Coca-Cola because it's less expensif."
0351.xml,en,cefr-asag,document-level,learner,B1,CC BY-NC-SA 4.0,"We have a lot of means to improve the environment and we have to do it ! First, we need to give attention to the use of water. We spoil it with chemical products and it's a real probleme because that kills entire ecosystem and it's the reason of natural disaster. In a second time we need to take care of our forest because that's the way of breath of the earth! And finally we could limit the use of private transport. There are other means who don't reject as much of carbon than the cars for example."
0352.xml,en,cefr-asag,document-level,learner,B2,CC BY-NC-SA 4.0,"As I've seen in the movie ""Demain"", there are a lot of answers to this question. To name a few, people could grow some crops in dedicated areas in our towns in which everyone could help but also take what they need. After that, our Governments could improve renewables energies, make sure that factories don't exceed polution's limits or develop a better management of our bins. Efforts could also be made by firms by improving the way they produce and the energies and the materials they are using."
0353.xml,en,cefr-asag,document-level,learner,B2,CC BY-NC-SA 4.0,"Over the last few years, there has been growing concern about environmental issues. The challenges we are now facing offer unprecedented opportunities to move towards sustainable development."
0354.xml,en,cefr-asag,document-level,learner,C1,CC BY-NC-SA 4.0,"In my opinion, it should be a part of education, since it's a great experience for a student, especially those who aren't able to go abroad, mostly due to financial reasons."
0355.xml,en,cefr-asag,document-level,learner,C1,CC BY-NC-SA 4.0,"It seems to be rather obvious that social networks have become a key aspect of today's society, specially among millenials. Teenagers all over the world have started sharing their personal live's on these internet spaces at a suprisingly rapid pace, something that has proven itself to be a dramatic change on the way they interact with each other."
0356.xml,en,cefr-asag,document-level,learner,B1,CC BY-NC-SA 4.0,"According to more and more people, eating a balanced diet is one of the most factor for a healthy life."
0359.xml,en,cefr-asag,document-level,learner,C1,CC BY-NC-SA 4.0,Social networks have grown to become a huge part of our everyday lives and have completely changed the way we interact with people around us. It can be seen that people tend to spend more time speaking with their friends and relatives over the internet than meeting them in real life.
0360.xml,en,cefr-asag,document-level,learner,B2,CC BY-NC-SA 4.0,Some people argue that celebrities don't have a right to privacy but I am not sure that is the only part of the question and the right answer.
0362.xml,en,cefr-asag,document-level,learner,B2,CC BY-NC-SA 4.0,"In the last decade, there has been considerable debate over the right to privacy. Some people advocate an absolute right to privacy. Other objects it arguing that it is the price to pay when you are a famous person. Whilst I believe that there are strong arguments on both sides, I would suggest that people who live in the public eye deserve some privacy concerning their private life. The relatives of these people should be protected and some informations on their private life shouldn't appeared in the media."
0363.xml,en,cefr-asag,document-level,learner,B1,CC BY-NC-SA 4.0,The balance diert :
0365.xml,en,cefr-asag,document-level,learner,B2,CC BY-NC-SA 4.0,"I've always thought that the way we stalk actors, models and even celebrities we don't even know why we do know them, like Kim K, is one of the creepiest hobbies of the human kind."
0366.xml,en,cefr-asag,document-level,learner,B2,CC BY-NC-SA 4.0,"I believe that the impact of social networks on relationships can be both positive and negative, indeed, thanks to this new technology we have access to new ways of interacting with each other. Even if social networks can be useful some times, for example, in a long distance relationship these networks can also be damaging for the couple. As an example,"
0367.xml,en,cefr-asag,document-level,learner,B2,CC BY-NC-SA 4.0,Socials networks have completely changed relationships.
0368.xml,en,cefr-asag,document-level,learner,B2,CC BY-NC-SA 4.0,"I tend to think that people who live in the public eye have a right to privacy to a certain extent. In fact, this is their choice to show them as celebrities. Consequently they choose to show a part of their life to the public. As a result, they must not be surprised to be followed by paparazzis who always want to have a good scoop about them. But there are limits on this  celebrity."
0370.xml,en,cefr-asag,document-level,learner,B2,CC BY-NC-SA 4.0,"Well, I guess that social networks allow people to maintain more relationships than before, even though these relationships are less consistent than those in real life. But still, people can get information about ""friends"" they won't meet again anytime soon. This leads to what we could call a feeling of knowing about these people. In fact, social networks users tend to expose their life, and it allows their contacts to know way more than what they would know if their relationship didn't include social networks."
0373.xml,en,cefr-asag,document-level,learner,B2,CC BY-NC-SA 4.0,"Do people who live in the public eye have a right to privacy ?! Of course, they do. Why shouldn't they ? Because they represent us ? Because they are public figures ? I do not agree. They sould have the same rights as any citizen, but they could, maybe, have a few more duties than the average citizen."
0374.xml,en,cefr-asag,document-level,learner,B1,CC BY-NC-SA 4.0,"With the new technologies there is new possibilities to hold relationships. To chat with friends or to post photo's on internet at the view of friends is now totally common. Every ""friends"" on your Facebook is aware of your activities, where you was located and with which people. The social network is an open window on your private life."
0375.xml,en,cefr-asag,document-level,learner,B2,CC BY-NC-SA 4.0,"Nowadays, more and more people tend to think that the internet and social networks are a good way to socialize and meet new people.  However, in my opinion the social networks isolate people who use it."
0376.xml,en,cefr-asag,document-level,learner,B2,CC BY-NC-SA 4.0,"Do, nowadays, our relationships depend on social networks ?"
0377.xml,en,cefr-asag,document-level,learner,C1,CC BY-NC-SA 4.0,"It is probably true to say that people living in the public eye have a extraordinary life. Some people even argue that they are living a dream. However, I am doubtful about the true quality of living of people exposed in public."
0378.xml,en,cefr-asag,document-level,learner,C1,CC BY-NC-SA 4.0,"Some people argue that choosing the path to celebrity doesn't give you anymore the right to claim some privacy for youself. While I partly agree with that point of view, I tend to think every human being deserves the right to keep some decency and share only the things he or she wants."
0380.xml,en,cefr-asag,document-level,learner,B1,CC BY-NC-SA 4.0,It's sure that having a healthy diet helps to have a healthy life. But for me it's not the most important factor. The way of life is the most important factor. Don't smoking and don't drinking for example are some factors whose help to be healthy.
0381.xml,en,cefr-asag,document-level,learner,B1,CC BY-NC-SA 4.0,"I am pretty sure that eating a balanced diet can bring us a healthy life. As we can see, eating junky food or fat food will make us becomming bigger and when you start in this way you may have some problems to get back. Everything will start to decline in your body. You won't make sports or physical actvities anymore."
0383.xml,en,cefr-asag,document-level,learner,C1,CC BY-NC-SA 4.0,"There is a belief according which a balanced diet is the most important factor for a healthy life. Personally, I do not think it is THE most important factor for for a healthy life, but it appears to me that it is a key factor."
0385.xml,en,cefr-asag,document-level,learner,B2,CC BY-NC-SA 4.0,"I totally agree with that concept. In your life everything as to be balanced. Who said that a good burger was not a delicious thing when you're super hungry after a busy day? Who said you can't eat sweets, candies, ice creams, pastries when you just want to? All those things definitely aren't forbidden to eat, but people need to realize they have to do it with balance. Burger? Yes, but not everyday. Ice cream? Once a week maybe. Balance what your body needs or not. Take a little of the things that are ""not so good"", and thye won't affect your body that much."
0386.xml,en,cefr-asag,document-level,learner,B1,CC BY-NC-SA 4.0,Social networks : destroyer or potitif factor on relationships ?
0387.xml,en,cefr-asag,document-level,learner,C1,CC BY-NC-SA 4.0,"The right to privacy has never been as important as it is today. Wherever we look, this issue keeps making the front page of every newspaper. The progresses of technology makes it increasingly harder to guarantee it. Among those concerned by the issue, movie stars and VIP's. In this essay, it will be discussed about the right to privacy for those who live in the public eye."
0388.xml,en,cefr-asag,document-level,learner,B2,CC BY-NC-SA 4.0,"""We are what we eat."""
0391.xml,en,cefr-asag,document-level,learner,B2,CC BY-NC-SA 4.0,"For a long time, people did not pay attention at what they were eating. As a consequence, the life expectancy used to be much lower than it is today. I believe that a balanced and diversified diet can actively contribute to a healthy life. Moreover, failing to do so can deteriorate the health at an increasing rythm. However, it is not the only factor of that importance that support that goal."
0392.xml,en,cefr-asag,document-level,learner,C1,CC BY-NC-SA 4.0,"Most people think that social networks are just alienating and addictive networks, that are bad for people because it reduces communication and interactions in the real life. However, in my opinion, there are still many benefits behind it."
0393.xml,en,cefr-asag,document-level,learner,C1,CC BY-NC-SA 4.0,"Nobody can deny that in our modern daily life, social networks play a major role. Their appearance have changed the way we communicate with each other on a lot of aspects. Altough most of the people say that it has a real positive impact on our relationships because we can communicate more easily, I don't really think this way and I will explain why."
0394.xml,en,cefr-asag,document-level,learner,B2,CC BY-NC-SA 4.0,There are two different possible effect.
0395.xml,en,cefr-asag,document-level,learner,B1,CC BY-NC-SA 4.0,"In my opinion, social networks such as Facebook or Twitter or Instagram have a big impact on relationships. Because you always have to be careful of what you post in the public sphere. Pictures or even words can produce real troubles and can cause public disruptcies on the social life of the person who has posted them on the internet. Those social networks can also make trouble within families, because of a uncareful word in a commentary or in a conservation, families can be separated. Social networks have change the meaning of relationships and there is no turn around on that turf. If you're active on a social network, you'll always have to be careful of what you say because it is hard to repair something on the internet, it is not the same if you have the person in front of you and you can tell or what you mean."
0396.xml,en,cefr-asag,document-level,learner,B2,CC BY-NC-SA 4.0,"Nowadays, the internet is a part of our daily life. But it doesn't mean that it has only advantages. Knowing lots of people doesn't mean you are close to them."
0399.xml,en,cefr-asag,document-level,learner,B2,CC BY-NC-SA 4.0,Everyone would agree on the fact that we have to develop a healthy lifestyle but according to me eating balanced is not always the most important factor.
0402.xml,en,cefr-asag,document-level,learner,B2,CC BY-NC-SA 4.0,"Nowadays, thanks to the many progresses in the medecine sector, people are far more aware that their health is highly linked with what they eat."
0405.xml,en,cefr-asag,document-level,learner,C1,CC BY-NC-SA 4.0,"In order to take a stance on that statement, it is necessary to give a more accurate definition of the word ""privacy"". According to me, the right to privacy relates to the possibility, not of hiding some of our actions, but to be able to live without having  judging eye following us in our thoughts and deeds."
0407.xml,en,cefr-asag,document-level,learner,B2,CC BY-NC-SA 4.0,"We are tought to have a balanced diet early in life but the society in wich we live has a tendency to make us eat whatever is advertised the most. Be eat fast food, lots of sugar-base product and a lot of meat."
0408.xml,en,cefr-asag,document-level,learner,C1,CC BY-NC-SA 4.0,"Some people argue that a balanced diet is the most important factor for a healthy life. I believe it's mostly true to say that, nevertheless I don't think the factors can be organised to least important to most important."
0409.xml,en,cefr-asag,document-level,learner,B1,CC BY-NC-SA 4.0,"First of all, social networks take a big place in our life. Everyone is confronting all day with smartphone, laptop."
0410.xml,en,cefr-asag,document-level,learner,B2,CC BY-NC-SA 4.0,Social networks are present for even everybody in our civlization and particulary for people between 14 and 35 year old. Social networks have consequences in different ways and one of the most important way is the relationships. This is what I will speak about.
0411.xml,en,cefr-asag,document-level,learner,B2,CC BY-NC-SA 4.0,"For starters, social networks have spread the ease to communicate and to meet new people. Thus, the feeling that it generates can often be of mistrust."
0412.xml,en,cefr-asag,document-level,learner,B2,CC BY-NC-SA 4.0,"Nowadays, people, especially women, feel very concerned about their weight while the amount of junk food and the obesity are rising. So when someone, for example a teenage girl, decides to start a diet, she'll more than often will be excessive, thinking that the less you eat, the more you loose is the right way to proceed. Then she'll reach a point when she won't handle her diet and go back to all the unhealthy foods she was avoiding, and it's well known that our world is surrounded by cheap horrible food sellers; fast foods like Mc Donald, Burger King and so one or simply supermarkets encouraging to eat chips, biscuits, candies just by their price. What do i mean? You want to buy some healthy food, like Gluten  free cookies or veggies for example, it's way too expansive for the average population, meanwhile the rest is so cheap that it becomes the best alternative. So no one teach to those girls who feel awful in their body how to proceed and what's the key; I really think teaching how to have a balanced diet should be a priority in education, people should learn that the way to feel good is to eat enough and well, but healthy, and stop watching those unrealistic models we have such as actors, Instagram addicts and others. I suffered of that for a long time and there wasn't anyone to tell me i wasn't looking at things the right way. So again, yes it's really important, for the ones who can't afford healthy food (what should be available to everyone) and for the ones who don't accept themselves the way they are, we need to learn what exactly is a balanced diet."
0413.xml,en,cefr-asag,document-level,learner,B2,CC BY-NC-SA 4.0,It's probably true to say that eating a balanced diet is a key factor for a healthy life.
0414.xml,en,cefr-asag,document-level,learner,C1,CC BY-NC-SA 4.0,The most important factor of a healthy life
0415.xml,en,cefr-asag,document-level,learner,C1,CC BY-NC-SA 4.0,The most important factor of a healthy life
0416.xml,en,cefr-asag,document-level,learner,C1,CC BY-NC-SA 4.0,"Social networks are certainly gaining an important place in our lives, we are now able to contact our family and friends insanely fast thanks to Facebook ,Twitter allows us to follow people and firms' activities on a daily basis, while Instagram rallies a community of photographs' lovers. Now, how did we react to such big changes over the last decade ?"
0417.xml,en,cefr-asag,document-level,learner,B2,CC BY-NC-SA 4.0,"Since the begining of humanity, men are triying to build new things, to find new technologies. We live in a connected world thanks to the internet. Now, we can easily get in contact with anybody, anywhere, at any time."
0418.xml,en,cefr-asag,document-level,learner,B2,CC BY-NC-SA 4.0,The most important factor of a healthy life
0419.xml,en,cefr-asag,document-level,learner,A2,CC BY-NC-SA 4.0,"My hobbies are : cooking, gardening, sewing, learning chinese ( Mandarin), play with my grandchildren. I also like to improve my English language for example ""Memrise"" Chinese -  English. With ""Skritter"" reproduce caractères in Chinese."
0420.xml,en,cefr-asag,document-level,learner,B1,CC BY-NC-SA 4.0,"I'm keen on drawing. My passion started when I was a little girl. Despite of the years, I stil draw in my room. It's like a therapy. All stress is done. My family is proud of me and my passion for painting. But my best way to draw is with a black pencil. I enjoy to taste different kind of shadows to make it more realistic, with all the perspectives.  My favourite subjects are people. I can take one hour to make a realistic face. Eyes are the most interisting part to draw. Because of their depth power. I stil train when I have time to consacrate to it. Even if I have a good level, we have always things to learn."
0421.xml,en,cefr-asag,document-level,learner,A2,CC BY-NC-SA 4.0,"We are two persons living in the same home. I am married whith {name}, he is fifty seven years old. My name is {name} and I am sixty one years old. We are married since 1978. We have no childrens, but we have many members of our family around us."
0422.xml,en,cefr-asag,document-level,learner,A2,CC BY-NC-SA 4.0,"I'm seventy seven,years old. I've got a big family withe five boys, and now six granddaughters et six grandsons. My husband is dead since nine years.  I live alone, but I see a lot my childrens et grandchildrens. I have too a little black dog, I'm a atist painter et I'm studuing chinese writer.  I'm learning english, because I would like go to Australia visited my brother's family. I have a large part of my family in Austrlia, because I live in Verviers. A long time ago, this city was the capitl of the wool.Ant the first businessman, mine grant mother's brother, went to Sidney in 1918. My brother found a entreprise there, Care Glass, do you now? And geft to the name at a belgium's friend. Y 'll go there if I've a good comprehension in english langage.  Because, I've not very a gift for the stranger langage. I hope so taht's right. Thank's for this exercise."
0423.xml,en,cefr-asag,document-level,learner,A1,CC BY-NC-SA 4.0,"I haven't many hobbies. I'm working like teacher in a primary school and prepare some activities for my students is my favorite hobby. Also, i like to go shopping with my daughter and my friends, to walk outside when the weather is good. I don't like sport very much, but roll on my bicycle when the sun is, is very enjoy for me!"
0424.xml,en,cefr-asag,document-level,learner,A2,CC BY-NC-SA 4.0,"I am a single father of twoo boys. The older is fifteen years old. He is tall with short brown hairs, and is name is {name}. The younger is ten years old, with blond hairs and is name is {name}. They are very kind and I am so proud of them."
0425.xml,en,cefr-asag,document-level,learner,A2,CC BY-NC-SA 4.0,I have a daugther .She is 13 years.  I have a sister who is 55 years . My mother is dead because she had a cancer. She was 71 years when she dead  My father live alone whith his little dog. I go to his house every day to take his news
0426.xml,en,cefr-asag,document-level,learner,A1,CC BY-NC-SA 4.0,"I like sport. 3 times in week i run. I pratice a chinese martial art: this is the wing tchun, it's a style of kung-fu. When i have times i watch movies in cinema. I like go to visit another city and another country. when i have time i go on internet for listen musique."
0427.xml,en,cefr-asag,document-level,learner,A2,CC BY-NC-SA 4.0,"My hobbies are yoga because it's a good exercices psychic, physic and spirituel ; tennis and petanque for a pleasure. Are a good hobbies because i meet somes persons and give a strong moral. I dream to be yoga's teacher for  children. I like too to learn how to play guitare or harmonica. I find teacher  to assist me."
0428.xml,en,cefr-asag,document-level,learner,A1,CC BY-NC-SA 4.0,"Hello, I'm {name}. I have a big family: I have two parents, six sisters any brother but I have three brothers-in-law and one niece. My niece, her mother and the sister's husband live in Italy. I have also twenty-nine cousins and fourten uncle and tant"
0429.xml,en,cefr-asag,document-level,learner,A2,CC BY-NC-SA 4.0,"My hobby is learn and create a lot of things who ask me to use my creativity. For exemple, today I work on a project for a contest. I must make a demo actor's video. I feel very good, I feel alive when I'm doing this. I'm not actor or video fitter but I use google for help me to make everything."
0430.xml,en,cefr-asag,document-level,learner,A1,CC BY-NC-SA 4.0,"My family is happy , it is a beautiful family. In my family we are strongh serious , enjoy , every body is happy. their . My mather wonderfull woman. My family is wonderful family"
0431.xml,en,cefr-asag,document-level,learner,A1,CC BY-NC-SA 4.0,"At home, my hobbies are sudoku, to watch télévision and  the BD.  I like to travelling with my familly in the different country in the world.  i visit the muséum and the city with my camping-car"
0432.xml,en,cefr-asag,document-level,learner,A2,CC BY-NC-SA 4.0,"I like Athletics.I run three times a week in my club.My club is Seraing Athletics.But I have 2 or 3 other hobbies as video games and I play oudside with my friends.I really really like video games.I have a xbox 360 for play whith my games.And the last one is in summer I go to my city for play with my friends and speak the school,jobs,hobbies..."
0433.xml,en,cefr-asag,document-level,learner,A1,CC BY-NC-SA 4.0,"My favorit hobbie's running in nature.  I like it, it's fun,  and after, i'm relaxed for any time!  I should like progress, step by step!   The running, is verry important for my self!  :-)"
0434.xml,en,cefr-asag,document-level,learner,A1,CC BY-NC-SA 4.0,"I usually get up at 7:00 in the morning. I have lunch and then take a shower. I share then work until 17:00. Go home, i eat dinner I then watch a little tv news. Then i go to bed."
0435.xml,en,cefr-asag,document-level,learner,A2,CC BY-NC-SA 4.0,My family doesn't understand me after some bad experiences in my life. Some projects didn't succes and I lost one situation. Since few months I try to build again my life with a woman. We try to have a baby to have our family. But it's not easy each day to sruvive with a minimum of money but each day is a new experience.
0436.xml,en,cefr-asag,document-level,learner,A1,CC BY-NC-SA 4.0,"We are three at home.  My daughter have 15 years, she is called {name}.  My husband work as employee.  We live in the country.  I'm work at Brussels in the public sector and I take the train for at working."
0437.xml,en,cefr-asag,document-level,learner,B1,CC BY-NC-SA 4.0,"I usually get up at 7 since I finished work. I take my breakfast and have a shower. Then I usually read for half an hour, before I go out for a walk. I don't run but I like very much to step fast for more or less an hour. When I come back home, I drink a coffee and I do what I have to (iron, PC , ....) Two times a week (tuesday and friday), I eat at noon with my friend {name} and sometimes, after, we go for shopping or for a movie. When it's about six o'clock, I prepare dinner and my husband and I eat about seven. After, I often read again for an hour or two, or I watch Tv until we go to bed at eleven. Every wednesday it's ""grandchildren day""! I like my new life very much!"
0438.xml,en,cefr-asag,document-level,learner,A2,CC BY-NC-SA 4.0,"I get up with my children at zeven o'clock. I have a shower. I get dressed and I always have breakfast. I go to work in my bookshop from eight o'clock until zeven o'clock. In the evening, I do the children's homework, I cook.  I sometimes watch Tv and go to bed at eleven o'clock."
0439.xml,en,cefr-asag,document-level,learner,A1,CC BY-NC-SA 4.0,"I like travelling. My favourite country is South Africa with the bush, animals and beautiful landscape. People is fantastict with a very good bevahiour. I like gardening. It is a moment where i don't never thing. I like cooking."
0440.xml,en,cefr-asag,document-level,learner,A1,CC BY-NC-SA 4.0,"Hello, I describe my hobbies. The first hobby, it's a music. I play three instruments : piano, accordeon and saxo.  The second hobby, it's indoor soccer. Indeed, i'm a referee. And the last hobby, i like to travel in the other land, especially Italy. My origine is Sicily and it's a beautiful isle. I travel with my family. I've my wife and thre children. Two girls and a boy."
0441.xml,en,cefr-asag,document-level,learner,A1,CC BY-NC-SA 4.0,"I like cooking when I have the time, I like reading to,the books thriller or police,,  I 'm walking in the wood when the weather is good and when it rains I watching TV"
0442.xml,en,cefr-asag,document-level,learner,A1,CC BY-NC-SA 4.0,"I like my job,i'm a butcher. I'm work in a hypermarché in a good team. I like and eat meat everyday. My boss is a women,a very good boss. She work like a man."
0443.xml,en,cefr-asag,document-level,learner,B2,CC BY-NC-SA 4.0,"Hi {name},  Thank you a lot for this invitation ! I've never organized any birthday in the past but I imagine you have a lot of things to do before this party. So if you want I can help you for the preparation.   First I'll send to your friends the invitations, I can write them if you want ! Unfortunatly I'll not be able to prepare the dinner . You know I'm not a good cook so I prefer  you ask it to another person. After the meal I'll do the dishes and we could do an animation with the guests. The next day, I'll come back to clean the house with you. It will be a very good birthday !  With best wishes, {name}"
0445.xml,en,cefr-asag,document-level,learner,A2,CC BY-NC-SA 4.0,"It was more than 40 years ago,  I've been to London with a close friends to see a one day festival in Wembley Artist present was Jesse Colin Young, Joni Mitchell, The Band and Crosby,Stills, Nash and Young. We've taken the train from Liège to Oostende and than the boat to Dover and finally the train to Victoria Station At the end of the Show we miss the last train to Dover and sleep in the Station Finally early in the morning we takes the train and return home"
0446.xml,en,cefr-asag,document-level,learner,A2,CC BY-NC-SA 4.0,"I was in holidays last year in morroco. I went there by plane and i come back by bus. With my cousin we went to the beach every day until the afternoon and we take a bath of sun. All evening we were doing tour by car and listening music it was so cool, we had enjoy a  lot. We are now waiting for the next holiday we are going to Málaga !"
0448.xml,en,cefr-asag,document-level,learner,B1,CC BY-NC-SA 4.0,hello my friend! Tkank you for the invitation of your birthday. I may be late the day that you indicated on your invitation but i can help you to prepare your party I can go shopping with your mom like that we can take more things and avoid unnecessary trips and economise time and money I can also be there to arrange and decorate the room I can help you in everything you want I'm free throughout that week  big kiss
0449.xml,en,cefr-asag,document-level,learner,B1,CC BY-NC-SA 4.0,"It was in my city and I was 13 years old. With a friend, we decided to discover our own city. We walked in very old small streets, we admired splendide houses from past times, we visited museums...  There is a very beautiful church in my town, much visited by tourists. That day we had a guide just for us, so we could play some notes on the organ, we even went under the roof and it was great!"
0451.xml,en,cefr-asag,document-level,learner,B1,CC BY-NC-SA 4.0,"Dear friend, At first, i want to thank you for your birthday's invitation. I was so glad to received your letter. For your party at your home, i propose you my help for the organisation, if you want. I can come earlier for prepare the buffet and the dancefloor.  I can take some foods and drinks with me if you want too. At the end of the party, i can stay later for help you to tidy up your home, i supposed you will need it. I can't wait this day!  See you later!"
0452.xml,en,cefr-asag,document-level,learner,A1,CC BY-NC-SA 4.0,"I was go to Canada in 1984 for holidays. I have 19 years old ,, it was very fantastic! Peoples are very cool ! I have visited Montreal , Quebec and remonted the St Laurent just the Sagnay. I have make camping in the largest  forests whive wilds animals: burns, eagles ....I have fisching in the wilds rivers and swimming in the lakes. I hope go to the Middle West in USA next time whive my wife. I like travels and holidays"
0453.xml,en,cefr-asag,document-level,learner,A2,CC BY-NC-SA 4.0,"My son went in Democratic Republic of Congo .He received a coq. In the night he took a  pot ,for his coq to made his toilette,but in the morning he found nothing in the pot ,my son was sad  he went and bring water so his coq can wash his body but his coq could't.He was cring but at his age of 5 year he coul't know that animal can't do toilette as human being."
0455.xml,en,cefr-asag,document-level,learner,A2,CC BY-NC-SA 4.0,"Idream to fly again to Moskow, where i was in holiday last year during two weeks. I maked many russains freinds, with them i visited many places like  the Red Square or the Lenin's Mausoleum. I spent a goed time there.I have been never see a nices metro stations like the Moskow Metro stations.They are wondeful !   In dispite  of my stay in Moskow,  i discovered  the russain style life, It's defferent from belguim.I don't know how explain that. People, there, are more simple then people here. Finaly and in conclusion, i advice evrybody to visit Moskow but firstly ,you must start  stady Russain language or English."
0457.xml,en,cefr-asag,document-level,learner,A2,CC BY-NC-SA 4.0,"He {name},  I'am very happy to come home next week-end to celebrate your birthday. I asked to my friend {name}, the photograph to take some pictures during de the party. He is Ok.  {name} take the wonderful pictures.  Can you send him your adress please? Him number phone is {number}.  See you next week. Kiss."
0459.xml,en,cefr-asag,document-level,learner,B1,CC BY-NC-SA 4.0,"In 2013, my partner and I traveled to Iceland for 10days. We have rent a car (Jeeps are a requirement, it can be very tricky sometimes to ride!) and move everyday from a place to another one in the South of Iceland. We have visited several amazing places. The landscape are also astonishing; sometimes, you had the feeling to be on the Moon, alone. We were also surprised by the sheeps. There are a lot of sheeps everywhere. But unlike in Belgium where they live in groups, in Iceland, they live by group of three, the mother and two baby sheeps. Everywhere, if you see one sheep, the two others are not far away! This is one of my best memories!"
0461.xml,en,cefr-asag,document-level,learner,B1,CC BY-NC-SA 4.0,"I wish I could work in a hospital that I like. Work with passion and determination. My dream is to help people. I wish that I have 2 children.  This is not easy to imagine my life in 10 years. I can't imagine myself in next month so all that I can imagine is that I'm a happy woman.   I think that I will live in a great house. I imagine myself see different countries and see many places. All I want is health, wealth and happiness for my family and myself."
0463.xml,en,cefr-asag,document-level,learner,A2,CC BY-NC-SA 4.0,"How will be my life in 10 years. It's difficult to imagine. I can see my life with positive thoughts.I can dream that i shall speak English. I could travel in many countries. I could meet many various culture people.I could perhaps read english books. I love cinema. I prefer original version of movies.I can imagine understand  them; Today it's my goal in my life : to speak English. Later, i could imagine something . To learn an another language or climb a moutain. Why not ? all is possible."
0467.xml,en,cefr-asag,document-level,learner,B1,CC BY-NC-SA 4.0,"This is easy for me to answer the question. Because I'm not going to vacation. But I wish I could go. Ok, if I could go on vacation, I would go in the countries where there are horses and I will do of ethology with them. I would choose the USA or Venezuela. In the USA I would gather the herds of horses and take it back to the coral. Here's how I would spend the holidays."
0470.xml,en,cefr-asag,document-level,learner,B1,CC BY-NC-SA 4.0,"Dear {name},  I'm happy to receive your invitation. Yes of course it's a pleasure to help you for organize your birthday. First time we could to drink a glass and listening a music. After that we could to go listen a movie. and second time, we could to go eat a restaurant  and finish in the dancing.   What do you think about that see you later my friend's"
0471.xml,en,cefr-asag,document-level,learner,B1,CC BY-NC-SA 4.0,The sun is shining and is  warming my heart. The blue sky is smiling   me  to bring  dream. The   light and cool wind is rocking me like a child. The birds  are singing to tell the aperitf  time with a  lot of friends. It is  a simple  moment  of peace and sharing. A soft wave of frienship  is dancing in my heart and my soul. I m happy
0472.xml,en,cefr-asag,document-level,learner,A2,CC BY-NC-SA 4.0,"Every year, for 12 years, we go to the same club in Turkie. We know the animators and some customers who come every year as we. My best memory is the night of 21th July last year. We have clothes and accesories with the colors of Belgium and the atmosphere was fantastic. We always have fun there and we forget everything else."
0473.xml,en,cefr-asag,document-level,learner,B1,CC BY-NC-SA 4.0,"it was last summer i was in Spain with my family and we would leave the next day. so i wanted to enjoy a last time of the beach and there was a party near the sea. i went with my cousin and it was very great. we danced, we laughed a lot, we met two very handsome guys but it was funny because we didn't understand a word of what they told us as we can't speak spanish. we really had a good time. my favorite moment was when the sun goes down because i like it it's so wonderful. then we went back home abd we watched a tv show together. i really like when my cousin come with me on vacation. she's so funny and we always have a great time !"
0475.xml,en,cefr-asag,document-level,learner,A2,CC BY-NC-SA 4.0,"T iamagine my life in 10 years time ? I notice that everything is going faster and faster. A lot of things were changing during these last ten years. When i look back, it seems that tecnology is the most evoluting aspect. Everything goes faster and faster. Internet communication has a great influence on the daily life. I 'll be home-working, I'll speak with other people and I'll be informed from my own workspace. Virtual reality - science fiction - may be?"
0476.xml,en,cefr-asag,document-level,learner,A2,CC BY-NC-SA 4.0,"Well, my best memory of a holiday, It was this summer. I went to Montenegro with my mother and my brother. I tested for the first time; paragliding. It's similar that parachute jump but you are not jump by a plane, you must go at the top of a mountain, you run and you jump on the air. After that, you just look the landscape and relax. This view was amazing. The blue sea, the moutain, the beach, everything was beautiful. This memory is the best experience that i've done!"
0477.xml,en,cefr-asag,document-level,learner,A2,CC BY-NC-SA 4.0,"In ten years, I would like visit many country in the world to meet many people and speak, change ideas between us. The first land to visit is the America of south : deserts, mountains, cities and seas with different transports : aeroplane, auto, car, bike and boat. For that, I would like learn spanish and englih language. It is most aisy to meet people if you understand their language."
0478.xml,en,cefr-asag,document-level,learner,A2,CC BY-NC-SA 4.0,"Last year, I went to a camping in French. I went there with my family : my mother, his boyfriend and children's boyfriend. I always went to swimmingpool, I liked parties the afternoon. But my boyfriend miss you. I would like come back in Belgium to see my boyfriend. We stayed two weeks during the holiday. We came back by car. I didn't like stay it too long."
0479.xml,en,cefr-asag,document-level,learner,A2,CC BY-NC-SA 4.0,"Hi friend, that's wonderful you make a great dinner for your birthday, but it's not cool that you has all the work if you want I'll be there to help you. What can I do ? I like drink dance laugh then I can create the atmosphere and fun.If you want I'll say to my sister to come with me, because she likes working cooking washing then with us two, everything will be perfect.  See you soon"
0481.xml,en,cefr-asag,document-level,learner,A2,CC BY-NC-SA 4.0,"In ten years time, my life will be easy! My children will be adults, so i could stop to work. Everyday, i will go to walk and after i could read a lot of books. I will go to travel too. I want to plant many flowers and trees. Sometimes, i'll go to see my friends and my sisters."
0482.xml,en,cefr-asag,document-level,learner,A2,CC BY-NC-SA 4.0,"I remember me, the next year, I saw a beatiful girl. She speaks Italian and me French, we couldn't speak together but she didn't stop to watch to me, and me too ... I'm really tired because I know I could try something to kiss her but I didn't have the courage ... We I had to leave the aqualand, she comes and give me kiss on my cheek. I was really happy but I knew I'll never see her again. But I think to her occasionaly ! Her and her kiss ..."
0484.xml,en,cefr-asag,document-level,learner,B1,CC BY-NC-SA 4.0,"I'm keen on the mountains, specialy The Alpes. And my dream would be living there. I imagine the fixture and furniture in a pretty chalet or flat, front of a majestic vieuw. I often could walking in this marvelous scenary. Sometimes, friends and especcialy my children would come for some stays. They could be accomodated at our home, of course. I must be patient and keep hope. Time will tell us."
0487.xml,en,cefr-asag,document-level,learner,A2,CC BY-NC-SA 4.0,"In 2026 I will be 62 years old. I have today 4 children. {name} is 28 years old,  {name} is 26, {name} is 24 an {name} 23. In 10 years time {name} and {name} will get engaged.{name} will have with her husband {name} two children and {name} will work abroad. So I will like to spoil my grandchildren during the week-end because I will still work. The age of pension will be relayed because of a lack of money at the Belgian Financial Ministery."
0490.xml,en,cefr-asag,document-level,learner,A2,CC BY-NC-SA 4.0,"My life in 10 years time will be Happy !!! i hope !!!  I am already Grand-mother of one beautiful and lovely little girl and in a fews weeks , i will be still an happy Grand-mother for the second time !  My life in 10 years time will be happy with my little children !   i will travel around the world like ""Marie Popins"" for the see my lovely little girls...  Because , i have a american girl , she is born in San-Francisco and  my futur little girl will be born in London ...   i will need many money for to take often the airplane !  My life in 10 years time will be rich of Happinness with my little children ...  it' very enjoy to travel with my husband and with my children ! i like to visit the cities , the landscapes, de countries ...   i like to visit the museums, to eat at the restaurants and to discovery the news musics , the news paintings of the World...  i like also to speak English with the news peoples ...   i like also shopping !! but it is an expensive activity !!!  i hope to keep a good healthy for me and for my all family ...   i will need for ever my family around me ...   My favorite activity is to travel for to see my lovely children and my grandchildren ...  i can also achieve the beautiful things with my grandchildren ... i like painting with them or learning the news things ...  i like the life for ever !!!  As soon !  {name}"
0492.xml,en,cefr-asag,document-level,learner,B1,CC BY-NC-SA 4.0,"Two years ago, I went in Italy with my parents and my grand-parents in July to discover the village of my grand-father in Bergamo. It was the first time that I went in this city and it was really a beautiful trip.  Firstly, the weather was very good. Every day was sunny and the sky was blu. The landshappes were wonderful because of the high mountains and the beautiful lake that passed through the village. Secondly, I have meet the family of my grand-father for the first time. His sisters and brothers and also his nieces. The life there is poor but people live with the necessary, there are simple and they are rich in what they have learnt in their life. Moreover, I have seen the house in which my grand-father was born and has growth. Now, they have built an italian restaurant in this place..the things are changing...herbs are replaced into cement..clams are changed into buildings...the worlds is falling down...  The day after, We went to the cimetery to pray for the ones that aren't there yet. The last day, we visted the center of Bergamo. In the old part of the city, there are a lot of old museums, churches, typical bakeries and restaurants. In the modern part of the town, there are especially many shops and bars.  I will always remember this holiday because this trip was rich in emotions, in discoveries and in surprises. The city was amazing and it's important to know where we really come from."
0493.xml,en,cefr-asag,document-level,learner,A2,CC BY-NC-SA 4.0,"Last year, I went to Antalya for ten days with my girlfriend. Antalya is a big region in the south of Turkije, very quiet and hot city. The people are very friendly and respectable. In the morning we took the breakfast at the hotel. After the breakfast we went every day for a few hours to relaxed in the swiming pool. Because it's too hot to go outside to walk in the afternoon! It was fourty degrees! Before dinner we did a little sport, we played voley beach and water polo, it was very nice. In the evenning we had shower en we went outisde the hotel to visit the city and walk. Very nice holiday, we go again to Turkije."
0497.xml,en,cefr-asag,document-level,learner,A2,CC BY-NC-SA 4.0,"My life in 10 years time, probably on beautifull island in Indonesia with my son. My occupation would be, scuba diving teatcher on a sailboat with friends or family, certainly my son would be dive master too. We would have a house on the beach very closer the sea, with two dogs. That was a beautifull dream, but can be make it happens."
0499.xml,en,cefr-asag,document-level,learner,C1,CC BY-NC-SA 4.0,"Hello, I've just received your invitation and I wouldn't miss it for the world! Thanks a lot!! I know organising a party can be difficult: there is so much to plan, to think of... So if you need my help, don't hesitate to ask. I could for example come tomorrow morning to help you with the decoration, or run errands for you this afternoon. Let me know ;) Bye!!"
0503.xml,en,cefr-asag,document-level,learner,B1,CC BY-NC-SA 4.0,I imagine that I will be professor at university. I would have done my doctorat. My son will be at university. My daughter will be 15 years.In 10 years I speak perfect English and I understand it perfect. My write will be fluent. I hope... but there is still a lot of work!!!  The work in my house will be finished. My annexe will be build and my bathroom will be great. I also hope that I will have traveled and discovered the news continents and the news cultures. And I hope that I will always be happy like now or better and my family too.
0504.xml,en,cefr-asag,document-level,learner,A2,CC BY-NC-SA 4.0,Last year we went on holiday in France by car with my wife my sister in law and her husband. We were in the south where the sun was often over there. It was of the first of september when there were only a  few tourists. We visited the Perigord during ten days. Usually we walked in the small villages to discover the castels and the site where the view was beautiful. The evening we choosed a typical restaurant where the crowd was limited. The come back by car was  soft and the night was marvellous.  I hope you will understand what i wont explain to you.
0508.xml,en,cefr-asag,document-level,learner,A2,CC BY-NC-SA 4.0,"In the month of September, it was my friend's birthday, she was 60 years old. She doesn't want a special feast, then we decided to make a court trip, 3 days in Tyrol, at Lermoos, she and me and the two husbands. We have choiced a typical Hotel, a chalet in hood with vieuw on the mountain. The food was delicious. We have made an excursion in Garmich Partenkirchen to see the spring-board for ski jumping. It was famous. We also went to the top of the Mount Zugspitze with the cable. The vieuw was splendid. We have also visited the Linderhof castle. It was to short, but we have had many pleasure."
0519.xml,en,cefr-asag,document-level,learner,B1,CC BY-NC-SA 4.0,"Oh, my best book? Well, to be honnest, I don't read at all. I don't know why but I can't spend my time reading books, I fell it like a waste of time... it's not funny because I want to read, the Lovecraft's novels seems to be very good for me, for my imagination maybe. Now I don't know what to write for you, maybe a story?"
0522.xml,en,cefr-asag,document-level,learner,B1,CC BY-NC-SA 4.0,"As I'm retired, I'll give a part of it to my son to enable it to carry out a major project he wants to achive."
0524.xml,en,cefr-asag,document-level,learner,B1,CC BY-NC-SA 4.0,"Two years ago, I went to a casting in Liège for a film written by the brothers Dardenne. It was interresting. I had to tell a text behind a camera. The two brothers were there and gave me some informations to made it better. After the casting, they didn't give me any return. So I dreamed of meeting some stars like Marion Cotillard. I waited for a reponse during a long month. At the end, I not hopped so much. If I could, I'll do it again. It's a good experience."
0529.xml,en,cefr-asag,document-level,learner,A2,CC BY-NC-SA 4.0,"Great event, when sport met charity!"
0532.xml,en,cefr-asag,document-level,learner,B1,CC BY-NC-SA 4.0,"If I had 1 million euros, I think that I will build a big house. I would like to have 3 children so I want they will have a lot of place to play, to run outside, play football or something like that."
0534.xml,en,cefr-asag,document-level,learner,B1,CC BY-NC-SA 4.0,"The best book I've ever read in my life is the Holy Quran because it is the book i've ever read completely. It is full of love, forgiveness, and pity. The words of God are the most wonderful words in the world. The Holy Quran learns to us a full of qualities. To pray god and love our human brothers and all kind of life on the planet. It is learn to us the rules to live together in peace and respect of eachother.that is why I love this book."
0535.xml,en,cefr-asag,document-level,learner,B1,CC BY-NC-SA 4.0,"Yesterday, I attended at the launch of the new perfume of the Delavigne corporation, the famous Californian's firm."
0537.xml,en,cefr-asag,document-level,learner,B1,CC BY-NC-SA 4.0,"It is not a question easy to answer because I read a lot of books each year. But I like reading thriller book and the problem is very difficult to find a good thriller with a good intrigue. But one of the last I read was astonishing and surprizing. This book is ""Before I go to sleep"" written by S.J Watson. The suspense is present until the last page of this book and it is genial when the writer succeeds it. I did not expect for the end and I like feeling it because it means that the writer has done his job, it is to say, keep us in suspense."
0542.xml,en,cefr-asag,document-level,learner,B1,CC BY-NC-SA 4.0,"It's easy for me.I would give half of this million to my son. With the other part, I would travel around the world. There are lots of countries that I don't know I would see. I would see again a country that I like, it's Canada.But, above all, I would buy a chalet in Switzerland because it's the country I love, it's the country where I'm feeling fine.It's a country where I often went with my parents and my grand-parents when I was young and I have Swiss blood because my grand-father was a Swiss man."
0543.xml,en,cefr-asag,document-level,learner,B1,CC BY-NC-SA 4.0,"It's a good question, my opinion changes each month but now i think it's the saga of ""Pierre Bottero"". (i hesitate with R.A. salvatore, writter of Drizzt's saga and adaptator of Star wars for books, he is talented and the charism of his characters is great)"
0544.xml,en,cefr-asag,document-level,learner,C1,CC BY-NC-SA 4.0,"The last book I read was a novel of Mary Higgins Clark. The next I'm going to read is a book of Arthur Conan Doyle, or Agatha Christie, or Michael Connelly, or ..."
0555.xml,en,cefr-asag,document-level,learner,B2,CC BY-NC-SA 4.0,"I've just finished to read the book entitled ""A new earth"", a Eckhart Tolle's book translated in French. I find that it's the most interesting book that I've ever read until now because it deals about spirituality and personal development's stuff which have always interested me. I think these subjects can be very helpfull to everyone in their daily life. For example, it helps me a lot to improve myself to become happier and it works ! I've became aware of my ability to destruct myself which made me unhappy. I've understood the advantages that everyone has to enjoy life's little things and above all the fact that I can choose to change my life and make dreams come true if I really want to. All of this explanation isn't a fantasy or unreal at all. I lived some experiences that have been ""confirmed"" by this book and I am truly convinced that the whole humanity have the power to change some things if people want to live ""better"" or become happier."
0558.xml,en,cefr-asag,document-level,learner,B1,CC BY-NC-SA 4.0,"I think, i'll give a part for caritatives associations, i'll give a part to my family, i'll give a part to my best friends who needs it, and finally i'll hold the last part ..for me sure!!! But i would not  spend this money in stupid thinks!! No I think that i'll try to invest in ""ecology "" First, i'll by a house, and i turn it to be  completely autonomous environmentally, and économilly.I 'll produce my own electricity, i'll have my own system for collect and purify my water, ect..."
0561.xml,en,cefr-asag,document-level,learner,B1,CC BY-NC-SA 4.0,"Hi Guys,"
0562.xml,en,cefr-asag,document-level,learner,A2,CC BY-NC-SA 4.0,"It's only a dream for me but, if it happened, you'll find my projects."
0563.xml,en,cefr-asag,document-level,learner,B1,CC BY-NC-SA 4.0,"I read a lot of books. And in my view, the best book, I've ever read, it's ""D. "", writting by Robert Harris."
0566.xml,en,cefr-asag,document-level,learner,B2,CC BY-NC-SA 4.0,"It is very difficult to determin which book is the best I have ever read because I have read many and many and I am still doing it. However, after a few minutes of thinking, I would say the Harry Potter books. First, they helped me love reading when I was a little girl. Indeed, my father ""almost"" ordered me to read at least one or two chapters everyday in order to improve my reading speed, my vocabulary and so on and so forth. When I finished the third one, I was completely in love with the books and it gave me the desire to pick up another one. Today, I have at least a hundred books at home. Second, they are my first saga so they are more precious to me than could be The Chronicles of Narnia or even The - So Precious- Lord of the Rings. Finally, we can not deny that JKR made an enormous work given that she created a world from A to Z: the characters, the places, some of the creatures, the spells, .... Her whole magic world has had a huge impact on our own one because we are using her specific vocabulary in the daily life. For instance, someone is saying to be a muggle when he or her is lacking particular skills. In conclusion, the Harry Potter books are definitely one of the best books I have ever read."
0569.xml,en,cefr-asag,document-level,learner,B1,CC BY-NC-SA 4.0,"I was on holiday in Scotland. Scotland is a famous country in the north of England. There is many landscape without city, we lived in the middle of the nature , the wind was blowing and the sky was always grey. We saw a lot of sheeps in the meadows. There are also many fjords which enter the scotisch earth. One of then is very famous, and many tourist go ther in order to see the Loch Ness Monster . The inhabitants call him Nessie . He looks likes a big snake floating on the see; it possible to see him, at some special hours of the day.I was very lucky because I saw him, I took many pictures fron him. I speak to him too, I tell him "" Hello , how are you, I came from Belgium expecially for your, I am very happy to see you"" - Hy, {name} , he answers, have a nice trip , here ! See you soon, next year."
0570.xml,en,cefr-asag,document-level,learner,B1,CC BY-NC-SA 4.0,On Sunday I had the opportunity to participate to the Batibauw event and I would like to share my feeling with you !
0572.xml,en,cefr-asag,document-level,learner,A2,CC BY-NC-SA 4.0,"Hello world,"
0578.xml,en,cefr-asag,document-level,learner,B1,CC BY-NC-SA 4.0,That's a very good question !
0580.xml,en,cefr-asag,document-level,learner,B1,CC BY-NC-SA 4.0,I think i woudn't change too much my live.
0581.xml,en,cefr-asag,document-level,learner,C1,CC BY-NC-SA 4.0,"If I had 1 million euros, I'd like to buy a house in California, USA..."
0582.xml,en,cefr-asag,document-level,learner,B1,CC BY-NC-SA 4.0,"The politicians could choose and pay for other energy than the nuclear. And they could invest more in renewable energy. It is for all the planet in oneway, not only for one state or one little group."
0587.xml,en,cefr-asag,document-level,learner,B2,CC BY-NC-SA 4.0,"Tryiing to avoid carbon energy, using public transport, recycling whatever may be recycled, using local food and season food such as vegetables coming from our country and not using imported food such as exotic fruit and vegetables. Walking by foot as soon as possible and so often we can."
0588.xml,en,cefr-asag,document-level,learner,B2,CC BY-NC-SA 4.0,"According to my opinion, an enjoyable job is more important than a job that brings more money even if we need money to cope with life. I think that when we are working on an enjoyable job, we are more satisfied with our life when coming back in the evening, we don't worry about lots of points that make induce questioning about the aim of our existence. A job that brings money may surely seem like being more reassuring . But, when someorne executes a job that he has chosen in full awareness and with interest, he seems to be less fed up with his daily obligations. He will execute his duties with a light heart and a good energy. Only this is really satisfying and grateful when he comes home and there is no reason to worry about the usefulness of his existence. Executing ones work wtih  a light heart and pleasure seems far more easy and satisfying, there is no reason to worry about lots of useless questions. This person, that enjoys his job and copes wih everything his job requires, has  a real merit doing everything his job requires. When this person needs more money, he is even able to find a complementary source of incomes because he or she isn't fed up by his or her current job. That may  leave him or her enough energy to cope with a second job after work if there is a need or it."
0590.xml,en,cefr-asag,document-level,learner,B2,CC BY-NC-SA 4.0,"I'm not sure it's something necessary for everybody, it depends of what you want to do later. Some people'll never use language is theyre job and for some people, languages are boring, you may not force somebody to learn languages."
0592.xml,en,cefr-asag,document-level,learner,B2,CC BY-NC-SA 4.0,Both are important in some points of view.
0597.xml,en,cefr-asag,document-level,learner,B1,CC BY-NC-SA 4.0,"No I think we could only learn by ourself. For instance, the simple fact that we spend hours on internet which is a lot written in english help us to improve."
0598.xml,en,cefr-asag,document-level,learner,B1,CC BY-NC-SA 4.0,"First i'll give as an important advice, to turn off the the tap while brushing teeth."
0599.xml,en,cefr-asag,document-level,learner,B2,CC BY-NC-SA 4.0,"It would be great to change first the vision of environment people have. All day long, we receive dozens of messages that have a negative impact on our mood: pictures of dead delphins or cutten trees produce anger, sadness, incomprehension; documentaries about our way of life (meat industry, for example) produce guilt. I don't believe in negative messages to generate positive actions. The problem is not in the way we treat environment, it's in the way we think it. We must think first about why we feel so separated from environment, then what we want to do with that relationship, and in the end what we want to change or to keep that way."
0602.xml,en,cefr-asag,document-level,learner,B2,CC BY-NC-SA 4.0,"First, it's important to modify our behaviour when we have to move ! Nowadays, the car is the easier mode of locomotion but this is not the best. Public transports are a good solution. The problem is that these public transports aren't well organized. When you want to go to a big city, you can note that there are not enough parkings near the stations, the underground, then you go further with your car... And another problem of public transports is the lack of fiability, the failure to respect timetables, they are too often late so the people are discouraged and they return to their cars..."
0603.xml,en,cefr-asag,document-level,learner,B1,CC BY-NC-SA 4.0,"I think the most important is to feel happy with your work, whatever your salary."
0604.xml,en,cefr-asag,document-level,learner,B2,CC BY-NC-SA 4.0,"In a world where tthe countries no longe have frontiers, it seems attractive to travel and why not study abroad ?"
0607.xml,en,cefr-asag,document-level,learner,B1,CC BY-NC-SA 4.0,Study abroad would be an interesting way for students to learn or improve easier a new language. So for students who are learning new language it should be a compulsory part of education because you can't learn a new language without immersion. An this for all field of sudy because it's also a way to increase each student selfconfidence and open new horizons to the student letting Him/She take some responsabilities by him/herself and see how our contry or way of life is different from where they'll be studying.
0611.xml,en,cefr-asag,document-level,learner,C1,CC BY-NC-SA 4.0,"This question is very interesting indeed and especially when you are reconsidering your career path, after having been in the same company for many many years."
0615.xml,en,cefr-asag,document-level,learner,B2,CC BY-NC-SA 4.0,I personally think it is more important to have an enjoyable job than to make money.
0616.xml,en,cefr-asag,document-level,learner,B2,CC BY-NC-SA 4.0,"As far as I am concerned, I indeed think that studying abroad should be a compulsory part of education. However when I say ""education"", I mean higher school or university. Whatever three or five years, every student should spend at least six months abroad. First and foremost, from a personal point of view, it allows the student to be out of his confort zone which is a essential step in every life. It forces the youth to discover another culture, sometimes even another language, enabling him to come back in his country more open-minded, critical, aware of what happening outside of his borders. From a educational point of view, it makes possible for the student to be conscious about another way of studying. With regard to my experience, I made my university exchange in Peru. There the system was quite different than the Belgian one. Whereas Belgian universities don't give students an ongoing work, the Peruvian requirements were higher along the whole year. I had to work every week which enables me to be ready for the exams whitout being forced to study a lot the week before. For those reasons, studying abroad should be compulsory for everyone as long as it makes you happier."
0621.xml,en,cefr-asag,document-level,learner,B1,CC BY-NC-SA 4.0,"The world where we are isn't very good in matters of environment. There are pollution, radiation, we destroy forest and nature. By this way we also kill himanity."
0622.xml,en,cefr-asag,document-level,learner,B2,CC BY-NC-SA 4.0,It shouldn't because it's not easy for everyone to be comfortable with that. It's difficult to be away from friends and family.
0623.xml,en,cefr-asag,document-level,learner,B1,CC BY-NC-SA 4.0,"I'm an artist. I make comix, silkscreen printing, engraving. So maybe am i a particular kind of people...I always knew i'll never make a lot of money with this sort of life, and maybe i put this idea so deep in my mind that i made an aversion to money winning. I make drawings all the time, and sometimes i make illustrations to have some money, and the artistic process is more difficult in these cases...not because i make it for others,  because there is money at the end...i don't know why... Some people makes thiers jobs to have money, they have no problems with any questions...  after the work, the work is over, they have the money, they have the rest of the day to make other things. For me it never stop, creation is always in my mind, the day  never end, i dream of it, and i don't have money. So what is the best ? I love my work,  it's all my live, and i can't do anything else... And i don't care about the money. Enjoying our work is very important, but it's just a question of priority. There are a lot of jobs really fun where you can make a lot of cash, money is your goal, why not after all ... And there  are a lot of job really fun where you make no cash... but you like it anyway, because you trust in what you do, money is not a goal, you wake up in the morning to make something that makes you happy, and maybe proud. It's a conscience choice..."
0629.xml,en,cefr-asag,document-level,learner,B2,CC BY-NC-SA 4.0,"In my opinion, traveling abroad is the best way to learn a language. First of all, it's incredibly faster than in your own country because you have to speak non-stop in the other language. Moreover, speaking with native speakers increase your listening and speaking skills in a real conditions of living. For exemple, I went to Canada during 4 months and I learnt more than what I studied while I was at school in Belgium. So yes, if we want to increase the number of multilanguals people in Belgium, studying abroad must be a compulsory part of education."
0633.xml,en,cefr-asag,document-level,learner,B2,CC BY-NC-SA 4.0,"N.B. I did not know the word ""compulsory"" and I needed to check the translation :)"
0636.xml,en,cefr-asag,document-level,learner,B1,CC BY-NC-SA 4.0,"I think that studying abroad is something everybody should live. It is a good way to open someone's mind : another culture, meeting new people, etc. It is also good to make people better organized and at ease on their own. I made an internship in Quebec when I was a student. It was not easy but very intresting. But I could not have a first eperience in a belgian compagny so it was not so easy to find a job after."
0643.xml,en,cefr-asag,document-level,learner,B2,CC BY-NC-SA 4.0,"In my opinion, the first item is more important for various reasons. The only important thing in this world, for me, is to be happy and the best way to get happiness is to do good around us. In this sense, as we spend a lot of our time at work, it seems important to me to have a job where you can realize things that can help people, in one way or another, regardless of the money you get. For me, that's the true meaning of an 'enjoyable job'. Moreover, I think that money, even necessary in our world, could be a source of a lot of suffering (interpersonal conflicts, disproportionate desire, psychological stress, divorce,...) while an enjoyable work could rather be, in one's daily life, a source of social and personal blooming."
0644.xml,en,cefr-asag,document-level,learner,B1,CC BY-NC-SA 4.0,"Study abroad will allways be an interesting way to learn foreign langages, other peoples and ways of life.  Meanwhile, you can't oblige someone to be interested by those matters.  In such a case, it will be a loss of time and money.  I prefer someone, maybe with a limited ambition for his carreer, studying in his country because he will feel free, moving in his familial neighbourood, remaining in good conditions for his scolarity.  Leaving your cocoon, your family, your friends, your country to study abroad could be felt by a boy (or a girl) like jumping from a plane without a parachute!  It's not always the case.  Some students go away with friends.  Some others are so strongly motivated that they don't be afraid of that big jump!"
0645.xml,en,cefr-asag,document-level,learner,B1,CC BY-NC-SA 4.0,"Money and enjoyable job, both are important. I need money to live and I also need to feel comfortable with my Job."
0647.xml,en,cefr-asag,document-level,learner,B1,CC BY-NC-SA 4.0,"First of all, I advice every body to do sparings: water sparing but also food, electricity and in genaral power sparings."
0650.xml,en,cefr-asag,document-level,learner,B2,CC BY-NC-SA 4.0,We need money to live. That's a fact.
0653.xml,en,cefr-asag,document-level,learner,B2,CC BY-NC-SA 4.0,"If we speak about the Earth environment, and thus, global Earth bad conditions, maybee the first thing to do, internationnaly, from each human to each company (from the smalest to the biggest) is to reduce what we consume."
0655.xml,en,cefr-asag,document-level,learner,B1,CC BY-NC-SA 4.0,"For me, the most important think is to have a job you enjoy. Sure the money is not a little part of it and if you need it, it's also important..I certainly prefer a job with a correct environement, a kind atmosphere, lots of nice people and a very interesting job. To be your self and also to work correctly in a place you appreciate. But what is for you an ""enjoyable job"" ? Could you tell me more about it ? I also need your interpretation : I suppose here it's not only a survey but also an exercise to practise your favorite language ! Can I have an answer ? Thanks a lot for your response,"
0657.xml,en,cefr-asag,document-level,learner,B2,CC BY-NC-SA 4.0,According to my experiences I would say that having an enjoyable job is really more important that having a boring one with a high salary.
0658.xml,en,cefr-asag,document-level,learner,B2,CC BY-NC-SA 4.0,"First of all, I think that work takes a big place in everyone's life. That's why I would probably say that it's more important to have en enjoyable work than to make money. In fact, both would be perfect... But in my opinion if you don't feel good when you are at work and if you don't even want to go to work when you get up, then it's a real problem because that could have really huge consequences on your personal life. My point of view is that when you don't feel good at work, you don't feel good in life. A lot of companies don't care about how their employees feel at work. They only think about making profit instead of caring about people. The worst is that some people become depressive because of their work. And being depressive can lead to suicide. This is why having an enjoyable work is more preferable according to me."
0659.xml,en,cefr-asag,document-level,learner,B2,CC BY-NC-SA 4.0,"The environment, our contemporary green gold, is key for human life, and after many years of drawing resources, the mankind has realised it is really necessary to stop this massacre until it becomes irremediable. In order to live on a sustainable manner without coming back to the Prehsitoric times, I would carry on building off-shore and inland wind turbines, multiplying solar panels on roofs and on parkings to load electric car. I would also encourage inhabitants from developed countries first, as they are more disposed financially to make efforts, to compost and plat trees in their garden and to sort out their wastes more consciously. As farmming has a big impact on our planet, it is an emergency to get people conscious about the need they decrease thei meat consumption. Though we already have observed changes, I would encourage financially companies, universities, schools that promote the right attitude and invest in and implement efficient autonomous facilities and the use of ecological products. Finally the mankind have the capacity to live sustainably but do ou politicians and lobbies be ready to move in a radically manner from a polluting to a greener free-market economy"
0660.xml,en,cefr-asag,document-level,learner,B2,CC BY-NC-SA 4.0,"I don't totaly agree with that point of view. For sure, eating a balanced diet is necesary for a healthy life, but it is not enough."
0662.xml,en,cefr-asag,document-level,learner,C1,CC BY-NC-SA 4.0,"People who live in the public eye certainly do have a right to privacy. This is a fundamental right of all human beings. However, the reality is probably that this right is not respected. For many famous persons, we see too often private pictures or information relative to intimacy published in tabloids. I cannot imagine that stars, politicians, members of royal families, etc. can go out in any public place without the fear of being recognised. If I were them, I would feel that as a violation of my freedom and of one of the most basic human rights. Medias and fans seem to forget that famous people are as human as they are and that they have the same needs, dreams, fears and hopes as anybody else. Yet, there may be some exceptions: some people who actually like to see their whole life becoming public. They may accept to lose their privacy in the name of glory and fame. But I believe that this is rare and that most famous people actually wish to see their right to privacy respected."
0663.xml,en,cefr-asag,document-level,learner,B1,CC BY-NC-SA 4.0,"Yes they have. If I were a ""star"" I would enjoy to meet my fans ,"
0664.xml,en,cefr-asag,document-level,learner,B1,CC BY-NC-SA 4.0,"Yes, there should be a separation between private and professionnal life. Even tough a part of some people's job is to be famous, well knowned, and therefore being seen, they should have the right to a private life. The devellopment of their children and their couple relation might be endangered with the omnipresence of photographs and media in their life. They already have to bear this situation at their work or when they show themselves, and it's got to be enough pressure. So let them have a family life without trying to sneak in! Isn't it the first amendement of the constitution to have the right to freedom? And what freedom is greater than the freedom to be forgotten to be eyes of the others, the ones that you do not care about. And this, to be more present to those you love, because real love don't come from a horde of unknowned people! This kind of love is called ""admiration"" and this is so futile that you can lost all admiration in one time. But you will always get the love you deserve. If you deserve it!"
0667.xml,en,cefr-asag,document-level,learner,B2,CC BY-NC-SA 4.0,"At first, we can consider social network as an easy way to keep in touch with other people (for instance : friends from childhood, close ones living far away...), as well as a manner to discover new people ""by chance"" on the internet enabling us to widen our circles."
0669.xml,en,cefr-asag,document-level,learner,C1,CC BY-NC-SA 4.0,"Social Media are made to bring people closer. MySpace, MSN Messenger at the time, Facebook, Twitter or WhatsApp today were all designed to share your daily life and passions with your friends, fictional or not. But fifteen years after the upcoming of these networks, one has to admit: these actually brought us appart. In a couple, rare are those who don't go to sleep with their smartphone, while their loved ones are lying down next to them, doing the same routine. Checking facebook, browsing on Twitter, liking on Instagram (Google+ is just irrelevant). Those ritual moves are killing daily relationships and give the false impression to be closer of your so-called friends.So here is my opinion: social networks are the new opium of the people, as they tear people appart while giving the impression to be closer of fake, unreliable friends. People should care about their direct circle, spouse/husband, kids, friends, enjoying little moments for themselves instead of thinking of a good filter to pimp up their photographs."
0671.xml,en,cefr-asag,document-level,learner,C1,CC BY-NC-SA 4.0,"I totally agree with this sentence. In fact, if you want to be fit, a balanced diet is more important than doing sport only. But being fit is not the only purpose in life. A good diet keeps you in shape, lively, awake... It brings you everything you need ( vitamins, calcium, ... ) and keeps away illness."
0672.xml,en,cefr-asag,document-level,learner,C2,CC BY-NC-SA 4.0,"Social networks can impact relationships at different levels. First of all, they can serve as upgraded address books that allow people to remain connected even if life has separated them. Social networks also allow people to stay closer as they can stay away while remaining aware of their friend's whereabouts."
0674.xml,en,cefr-asag,document-level,learner,B2,CC BY-NC-SA 4.0,My opinion has to be qualified .
0678.xml,en,cefr-asag,document-level,learner,B2,CC BY-NC-SA 4.0,"I think that eating a balanced is a central piece to maintain or reach a healthy lifestyle. It means that you can eat of everything, but in an appropriate amount compared to dietetic rules and food pyramid. If you exclude a category of nutriments or if you follow a monodiet regimen, it will have a worse impact on your body than doing nothing. Every category of nutriment is important: protein to construct the muscles, lipids to repair the cells, carbohydrats to give strenght and energy, but most of all water for life! Nevertheless, I've heard that without physical exercice, healthy diet is less effective. Combined with it, it can for instance revert type 2 diabetes symptoms, diminish the risk of cardiovascular diseases, reduce arthritis disorders. Healthy lifestyle is something global, it includes the diet, but also the physical exercice, the quality of sleep, avoiding alcohol and tobacco use, emotional management, adaptation skills and social support."
0680.xml,en,cefr-asag,document-level,learner,C1,CC BY-NC-SA 4.0,"Let's first see what privacy still means nowadays, knowing that most people have a mobile phone linked to an e-mail address, have private and professional accounts on social media websites, manage their bank accounts online, as well as their travels and all kinds of other purchases. They probably save all their pictures and films on their laptop, communicate through social medias or relevant apps. Not to say all of this information might be saved in the 'cloud'. Believing that all this very personal information remains private would be rather naive, I guess. We know that it is being sold and used for commercial and marketing purposes - ""If you're not paying for the product, you are the product'. And although all of the above is normally done in full knowledge of the facts, it remains a very personal decision/choice, which is also a right, that should be somehow protected, as many of us are de facto living in the public eye."
0681.xml,en,cefr-asag,document-level,learner,B2,CC BY-NC-SA 4.0,"I think that social networks are a usefull and powerfull tool from our century. They kind of change the way that people communicate with each other. Sometimes for the best but sometimes, unfortunately, for the worst."
0682.xml,en,cefr-asag,document-level,learner,B2,CC BY-NC-SA 4.0,"Each day we can hear stronger the sentence ""We are what we eat"". We keep on seeing on the news how in developed countries there are higher percentages of obese children. Usually, we can see those kids eating a hamburger-fries-soda menu of any well-know food chain. Is it what we want for our present and future?"
0683.xml,en,cefr-asag,document-level,learner,B2,CC BY-NC-SA 4.0,According to me social networks have a huge impact on our relationships. Many people nowadays have access to social media and use it to communicate and we can all say that communication is a basic thing for every relationship.
0684.xml,en,cefr-asag,document-level,learner,B2,CC BY-NC-SA 4.0,"In my opinion every have a right to have a private life. Doing a job, that puts us in the public eye should not prevent us keeping a part of our life secret for the others. It is not because we are famous that everybody has to know everything about us."
0688.xml,en,cefr-asag,document-level,learner,C1,CC BY-NC-SA 4.0,Social networks such as Facebook can have postive impacts as well as negative impacts on relationships.
0689.xml,en,cefr-asag,document-level,learner,B1,CC BY-NC-SA 4.0,"Social networks are giving the feeling to have relationships, by sharing informations to 'friends'.  In place of having real contacts with other people, and building real relations, we are sitting in front of our screens, sharing unimportant news to people we don't really know."
0693.xml,en,cefr-asag,document-level,learner,B2,CC BY-NC-SA 4.0,"I don't totally agree with this sentence. Of course, to have a healthy life you need to look after what you eat but this isn't the main thing. You will also need to do some sport. I am not talking about going to the gym, walking or cycling instead of taking the car when possible is enough, as long as it is done more than once a week."
0695.xml,en,cefr-asag,document-level,learner,C2,CC BY-NC-SA 4.0,"Privacy is a big issue for everyone nowadays but famous people certrainly have it the roughest due to the fact that they have many fans who want to keep up with their idols. However privacy is something everyone should have a right to, famous or not. It can be both taxing and frustrating for a person to be in the spot light day in and day out, expecially when it comes to pop stars for example. Having to work hard to please the fans and fight for a moment of privacy and relaxation while being hunted down by the paparazzi can be tiring and can sometimes even lead to the artist in question succumbing to depression and turning to drugs. Some time ago a famous Youtube-based entertainer had his cell phone number leaked to the public which resulted in him ceaselessly receiving calls from fans, ending with him having to change his number. The attention that overly obsessed fans pay to stars can sometimes turn into harassment and can have negative effects on their health. The well-being of a person should always be placed first. No matter who you are, you're entitled to your privacy!"
0696.xml,en,cefr-asag,document-level,learner,C1,CC BY-NC-SA 4.0,"Humans, like all the other animals, need to eat to live. Indeed, nutriment intake is the main source of energy for our bodies and therefore one of the most important aspect of our health. In fact, one can live without exercices, one can live without sun (albeit indirectly humans need sunlight), or one can even live without social life or intellectual activity."
0697.xml,en,cefr-asag,document-level,learner,C1,CC BY-NC-SA 4.0,"In my opinion, this statement is basically true. It has been shown by several studies that malnutrition and/or one-sided nutrition is not healthy in the long run and also affects mood, motivation and wellbeeing in general. We all know that we do not feel particularly good when we eat nothing but fast-food for a week or have just devoured a complete chocolate cake. However, being obsessed about your diet, constantly thinking about it and restricting yourself too much is not healthy either. For me a healthy balanced diet means also that I can eat what I crave for. Usually, the body knows best what he wants. If you are thirsty, you drink water. If you need salt, you want to eat salty food etc. Of course, we can also not completely give in to our cravings, but it is important to find a healthy balance to achieve a healthy life-style."
0698.xml,en,cefr-asag,document-level,learner,C1,CC BY-NC-SA 4.0,"My opinion is that there are MANY factors responsible for being healthy or not. In order to be healthy one needs to pay close attention to one's life habits: eating well but also getting enough sleep, having regular exercise, drinking enough water and avoiding excessive consumption of coffee, alcohol or tobacco. Being satisfied with your life, especially as concerns the relationship(s) and professional areas, is also extremely important. So I tend to disagree with the above sentence as it tends to give the impression that eating healthily is (almost) enough, while I believe what makes one healthy is the right (and balanced: ""Who lives without folly is not as wise as (s)he thinks"") combination of factors."
0699.xml,en,cefr-asag,document-level,learner,B2,CC BY-NC-SA 4.0,"Privacy is indeed a right. The reasons why someone may be in the public eye are varied, but they should be the only things we are allowed to know. If you are an actor, a politician, a musician or a writer you already give yourself to the eye of the society. The public is the way they earn their lives, but that doesn't mean they are parasites and therefore that we have the right to penetrate their intimacy. They have agreed to share a bit of themselves but that bit should only be what they feel comfortable about and shouldn't be much more than what they are doing for instance a musician can talk about something personnal to explain a song or a politician can explain why a subject is close to his heart,and that should be it. People who are thirsty of more and more about personnal business of others are broken inside,unsatisfied about their lives and they need to fulfill  their daily routine with drama or they like to feel clever when watching dumb and spoilt people in their own little meaningless lives. Thus, privacy is a right but not every person in the public eye wants it, some people just want to be rich and famous and will show no mercy to their integrity and because of those people, others have to go through unnecessary awkward and though situations to keep their lives out of the eyes. At the time of social media, the lack of privacy touches everyone, we do not know the boundaries of it anymore, so if you already know everything about your best friend's cousin then why is it so wrong to know all about this famous person that knowingly put himself in the public eye?"
0700.xml,en,cefr-asag,document-level,learner,C2,CC BY-NC-SA 4.0,"Do social networks have an impact on relationships? Yes, they do. Another question would be to define the kind of relationships which are affected. According to me social networks can either damage relationships or make them feel more real than they actually are."
0701.xml,en,cefr-asag,document-level,learner,B2,CC BY-NC-SA 4.0,Yes of course they are ppl after all.
0702.xml,en,cefr-asag,document-level,learner,B2,CC BY-NC-SA 4.0,On one hand social networks represent a huge contributions to remotelly  located relationships allowing them to keep contact no matter of the distance. On the other hand relationships between people located at the same place might suffer because of the attention we are putting in monitoring our social network and remote relationships forgetting to take advantage of the actual presence in front of us at the very real space and time where we are.
0703.xml,en,cefr-asag,document-level,learner,C1,CC BY-NC-SA 4.0,"Though I would have fully agreed with the statement a few years ago, I now believe that the quality of the food is what matters, more than a balanced diet unfortunately."
0704.xml,en,cefr-asag,document-level,learner,C1,CC BY-NC-SA 4.0,"My answer to this question is yes, famous people do have a right to privacy. Artists, actors, musicians, politicians (and so on) don't need every single aspects of their life known and shown to the whole world. The only thing that should matter is if these people do their job right. As long as they don't break any rule, why should we know who they married and what their children look like or if they cheated,... Furthermore, media making money by invading privacy are often terrible. Examples of this are tabloids or reality show like the Kardashians. That is not good TV."
0705.xml,en,cefr-asag,document-level,learner,C2,CC BY-NC-SA 4.0,"To me a healthy lifestyle starts with eating in a healthy, balanced way. It is of utter importance because food is what fuels your body. If you use the wrong fuel for your car, you won't be going very far! It's the first step towards overall well-being and a healthy body. If you eat healthily, you'll feel better and you'll be more inclined to take on physical activities and sports, as you know that your body is ready to make such efforts. But it is also the first step towards overall well-being; as they say, a healthy mind in a healthy body! If you feel good in your body, you'll feel good on a psychological level."
0706.xml,en,cefr-asag,document-level,learner,C2,CC BY-NC-SA 4.0,"We all have a right to privacy, people in the public eye aren't an exception, but the extent of their privacy depends on the function they have. There are limits to privacy for people in the public eye, nonetheless. A politician should have the right to go on holiday and live with his or her family without people snooping on them, but must remain open when excercising their public functions. Celebrities should be allowed to be left alone as long as they attempt to remain anonymous, but they waiver that right when they try and use their influence as a public figure to gain specific advantages. Notorious Criminals in the public eye should also expect to lose alot of their rights to privacy- personal rights end when the rights of others are compromised."
0707.xml,en,cefr-asag,document-level,learner,B2,CC BY-NC-SA 4.0,"Social networks tends to create a distance between people, but paradoxally it is also a very good way to keep in touch with friends and family abroad."
0708.xml,en,cefr-asag,document-level,learner,B2,CC BY-NC-SA 4.0,"Dear reader, let me share with you a little of what I gain by being schooled at Liège city. Any level of expectation is subject to a scale. In my understanding, unit of measurements have been made and are maintained by humans. In other words, talking about eating a balanced diet as the most important factor for a healthy life, remains what humankind has always been trying to do : compare itself to its ability to tailor its own scale, which should be the best if the wiĺlingness of continious positive improvement exist. The real question is : who is scaling the initial scale in order to keep as long as possible the power of the scale ownership factor  ? ..  Health is like the factor  which has to be closely monitored. Without being healthy any human lost their mind. So to be a good scaler one should absolutely be as healthy as possible. What if life is not understandable at the highest state of consciouness, who will be able to judge weather choices are what is called balanced ? History shows that any species alive deserves what is best for them but jealousness as failed in giving what any species really deserves. Free choices as well as imposed ones are not anymore at stake. What will define the future steps of the evolution process is our ability to learn from history, to live it through experiences, to learn to look ahead and to share. {name}. {name}. {name}. {name}."
