text,cefr_level
Is that your bike ?,A1
She had a beautiful necklace around her neck .,A1
I forgot to bring my umbrella .,A1
The baby kept crying .,A1
Do you know what you 're doing this weekend ?,A1
No one had money .,A1
Ben must like his new car a lot .,A2
Harrison got very excited when his parents gave him a car .,A2
I like dogs more than cats .,A2
"Now I am being called by Softbank , too !",A2
Larry has a shark 's tooth .,A2
He 's already gone to bed .,A2
He 's very good at taking care of children .,A2
Sushi is raw fish .,A2
Children love to play outdoors .,A2
I want to eat something sweet .,A2
I will do it as soon as I return .,A2
Can you draw the British flag ?,A2
She 's so quiet that we forget she 's here .,A2
Where are my khaki shorts ?,A2
These are the friends whose names you know .,A2
David sent his friend a wedding gift .,A2
I wish I had some cool water to drink .,A2
Do n't wear khakis to the business meeting .,A2
Mother was too shy to wear a bikini .,A2
Shall I teach you to dance ?,A2
This huge store only has three cashiers !,A2
These were the men who ran the red light .,A2
His wife is Vietnamese .,A2
They were cycling in the mountains .,A2
They 've just asked her to stay another year .,A2
I have lunch after third period .,A2
This iPad is as fast as a desktop computer .,A2
It was past twelve when we arrived home .,A2
I find it easy to sleep .,A2
He planned to kill the president .,A2
I wish I could have stayed there forever on that beach .,A2
I could n't do it even if I tried .,A2
Keep your knees up when you jump .,A2
You may drive my car .,A2
Driving is something I enjoy doing .,A2
"Do your work , or you wo n't get paid .",A2
I wish it could be different .,A2
It 's hard to tell if these are my socks or his .,A2
I always wanted to be an athlete .,A2
She 's changed her major from math to chemistry .,A2
Were there any dresses you wanted to buy ?,A2
Carley went shopping for a dress today .,A2
He has a talking dog .,A2
What 's the date today ?,A2
I thought I had to talk to him .,A2
I thought I saw him .,A2
There is very little traffic on Sundays here .,A2
He ran to the bus stop .,A2
Sugar was bad for Henry .,A2
We always see red fruit in the autumn .,A2
You can find the contractor in his office .,A2
I 'm looking for a carpenter .,A2
Let 's go for a bike ride .,A2
The divers were protected by a metal cage .,A2
He has done more than anyone else .,A2
I was called twice about it .,A2
Those musicians ' guitars were stolen .,A2
We should ask Amanda how to start a volunteer project .,A2
We went to look for food .,A2
Do you know what to say if you are stopped by the police ?,A2
Megan started playing soccer during the summer break .,A2
I do n't often wear ball gowns .,A2
John did n't know why Amanda was so angry at him .,A2
John knew they were bad people .,A2
The driver did n't know where to turn .,A2
I ca n't read all of these books .,A2
It is easy to understand people who speak clearly .,A2
You are as beautiful as ever to me .,A2
She was as helpless as a baby .,A2
It is difficult to talk to her peacefully .,A2
We watch the Olympics on TV .,A2
That clock is five minutes fast .,A2
I slept while he was gone .,A2
He was as old as my father .,A2
Many Russians died in WWII .,A2
"Could you get my waiter , please ?",A2
"Fortunately , salad was Gina 's favorite food .",A2
There is a photographer 's studio over there .,A2
I buy my bread from a local baker .,A2
They must be exhausted after their three month journey in Africa .,A2
She is jealous of your dog .,A2
I think that one is his .,A2
Do n't go swimming over there .,A2
"If you wanted to talk to someone , who would you call ?",A2
You must feel very sick .,A2
My mother calls every weekend .,A2
Is there any of the vegetable spaghetti left from last night 's dinner ?,A2
Spotlight is a movie about some Boston reporters .,A2
I made dinner while you were napping .,A2
I will come with you to make sure you are okay .,A2
The temperature dropped as low as minus 20 .,A2
I did n't tell her to go .,A2
We have to change planes in New York .,A2
They were all required to wear suits .,A2
We rushed to the place where we last saw her .,A2
She is usually understanding .,A2
It was the teacher who wrote that .,A2
I wish I could be more like you .,A2
I met someone who is also from Vancouver .,A2
I hate Monday morning .,A2
She keeps the key in a flower pot by the door .,A2
They stood watching us from the window .,A2
The doctor asked if he had come to yet .,A2
When was the last time you saw yours ?,A2
Her son became a dentist .,A2
She 's inviting all her friends to the picnic .,A2
It is close to the station but far from home .,A2
He needs to make it clear .,A2
He said he had to come .,A2
I wish I knew who broke in to our house .,A2
"I wish I could tell you who was responsible , but we may never know .",A2
He walked around the garden .,A2
She does n't want this one .,A2
I do n't know where I 'm going .,A2
I did n't know where you went .,A2
We saw a brown mouse run across the road .,A2
You have nothing left .,A2
Many things were broken .,A2
Did you brush your teeth ?,A2
Have you changed your hairstyle ?,A2
I have n't changed anything .,A2
I am very content with life and every day is filled with laughter .,A2
I 've never seen a movie about frogs .,A2
Are you on the field hockey team ?,A2
Can anyone lend me a pencil ?,A2
He failed the test to become a firefighter .,A2
Not all people like to have their pictures taken .,A2
The dog learned to sit .,A2
We can watch the planes from here .,A2
Everyone looked for the missing boys .,A2
Who is the Israeli prime minister now ?,A2
We hired a new gardener .,A2
He fell on his knees .,A2
I said this movie must be good .,A2
"We were very close to going to France , but the flight was canceled .",A2
That was the day when we saw it .,A2
I 've spoken with all the parents except for his .,A2
I do n't like wearing skirts during winter .,A2
I shop where I see happy employees .,A2
Have you lost your mind ?,A2
Have you made up your mind ?,A2
I wonder why people still die of curable diseases .,A2
He is the man whose daughter is missing .,A2
These sneakers are so soft I could wear them to sleep in .,A2
Did you get what you wanted ?,A2
He did n't know how he should state that .,A2
They 'd be angry if she had gone too .,A2
She said she has not seen anyone all night .,A2
Nothing is as good as my mother 's homemade seafood pasta .,A2
Not all adults are always correct in what they do or say .,A2
This will help them to improve .,A2
Mayweather is the current heavy weight champion .,A2
He recently started boxing .,A2
My flight leaves at two o'clock .,A2
Latin is a dead language .,A2
We waited a long time for her arrival .,A2
They wish they could be happy .,A2
I am a high- level manager in a small company .,A2
A man dressed as a policeman was asking questions .,A2
It 's easy to buy silk in Asia .,A2
I love my cashmere sweater !,A2
I told her to call me if there was any news on his condition .,A2
The park near our house reminds me of our first date .,A2
The Seto Ohashi Bridge was built in the 1980s .,A2
Were there dogs at the park ?,A2
The teacher loves picking on me .,A2
The highway is faster .,A2
This is an area where most people drive rather than walk .,A2
I was excited because Stella and I had 500 dollars to share between the two of us .,A2
I have been ill since morning .,A2
It was that time when you got sick .,A2
Is the dog safe to pet ?,A2
Do you know what the kids ate for dinner last night ?,A2
"If they had gone north , we could have followed them .",A2
There is no more water .,A2
Is there enough water ?,A2
Her smile told me everything I needed to know .,A2
We are against elephant hunting .,A2
The doors must be locked by midnight .,A2
There were many rabbits at the petting zoo .,A2
We have been to England as well as to France .,A2
"Since she was n't feeling well today , she was working badly .",A2
Please ask your father to call me .,A2
Was there a man or a woman in the car ?,A2
Is there a problem ?,A2
There 's not enough salt .,A2
She does n't know what she is doing .,A2
Who wants to lead the way ?,A2
"If I found myself in a new city , I 'd take a tour .",A2
Freestyle snowboarding is now an Olympic sport .,A2
Your mother told me all about your new job when I called last night .,A2
She sat at the table in front of ours .,A2
She put jam on her toast .,A2
The plastic chair is broken .,A2
She gave him a new cup .,A2
He has already opened all his birthday gifts .,A2
Look at that shooting star !,A2
I do n't know why he dislikes me .,A2
I 'd like you to meet my parents .,A2
I wish she could have forgiven him .,A2
"If he was a few years older , he could join .",A2
"If it were me , I 'd join .",A2
Can you keep a secret ?,A2
I felt sad after watching that movie .,A2
We had lobster for Jake 's birthday dinner .,A2
There is a hole in my sneakers .,A2
There were leaves in her hair .,A2
Stadium food is expensive .,A2
She was the woman whose name was forgotten .,A2
She went looking for her dog .,A2
Have you just arrived ?,A2
She 's just sent me a letter .,A2
"If he went on Saturday , there might be less traffic .",A2
"If he were my father , I 'd write him .",A2
My grandson visits often .,A2
It is close to our house .,A2
He never listens to what I say .,A2
It will start getting chilly in Tokyo soon .,A2
It 's too windy to sit outside .,A2
It is difficult to see you in pain .,A2
Liz got up quietly .,A2
Were there people at the concert ?,A2
Do you know what book he was reading ?,A2
I lost my gold ring .,A2
Have you been studying French ?,A2
That parking lot is full .,A2
My car was damaged in that parking lot .,A2
There are plans to build a new library at my school .,A2
Have you already had your lunch ?,A2
Every day he tells his wife not to worry but I know she does .,A2
Jill was always excited to eat melons .,A2
I need a place to put my bag .,A2
This is my bag .,A2
Louis finds fashion interesting .,A2
He has already left for his class .,A2
Gloria always wore very big earrings .,A2
Jack kept a white mouse as a pet .,A2
We did n't want to wake the sleeping girls .,A2
She started counting sheep so she could sleep .,A2
None of them were confident they would win .,A2
I wish they would stop knocking on my door .,A2
Turkey sandwich was her favorite .,A2
Have you been staying up late ?,A2
I do n't know how he did it .,A2
He does n't know how to do it .,A2
I ca n't wait for the day when we have flying cars .,A2
There were not many swimmers in the water .,A2
"If we were all alike , life would be boring .",A2
All the dishes were broken in the earthquake .,A2
It 's too hot to sleep .,A2
You must not get too close to the fire .,A2
I wish she could have seen it .,A2
"We were planning to go together , but she got sick .",A2
She often wore her pajamas until noon .,A2
Where are the kids ?,A2
He never talks about his ex-wife .,A2
The teacher asked him to close the windows .,A2
Mother was happy to finally get a new dog after Daisy died .,A2
Does it snow here ?,A2
He felt his chest tighten .,A2
That was the moment when they sang .,A2
Few people liked her .,A2
It 's football season in America .,A2
All of you should leave .,A2
Please return my book as soon as possible .,A2
Have you met our brother ?,A2
I do n't like heavy metal music .,A2
Lady Gaga is a woman whom many young people enjoy .,A2
I became interested in Japan .,A2
These houses were built before the war .,A2
There are few girls in the soccer team .,A2
The woman listening to the music looked so happy .,A2
She cooks for her little brother .,A2
Her little brother liked collecting pocket knives .,A2
There will be consequences .,A2
They were married in Rome .,A2
It 's time to go .,A2
The teacher often gave out chocolate .,A2
I wish I could find my real parents .,A2
I wish we could have gone to the movies .,A2
The soccer stadium was full of fans .,A2
The meat was still a little too raw .,A2
I am not sad either .,A2
His grandfather retired last year .,A2
I prefer mild climates .,A2
"This was hers , and she gave it to me a few years before she died .",A2
He always had a toothpick in his mouth .,A2
She will do it as soon as she comes back from lunch .,A2
Would you like me to carry that for you ?,A2
He had to wear a tie to work .,A2
Today is another weekday .,A2
You can use ours .,A2
I wish I had a cat .,A2
My printer ran out of ink .,A2
Her eyes were closed .,A2
I wish I could go out tonight .,A2
I left the house on time but the train was late .,A2
Both of you are late .,A2
There is a teacher from France .,A2
There was a girl killed here yesterday .,A2
He ran around the park .,A2
He ran across the basketball court .,A2
He asked the teacher what to do .,A2
I feel it necessary to speak up .,A2
We rarely see each other .,A2
We have n't met yet .,A2
Everyone needs healthy food .,A2
Carrie knew her sister was happy .,A2
Would you hand me that white one ?,A2
Do you think you were changed by what you saw ?,A2
I have n't seen her since we were in high school together .,A2
He pressed the leaf in the pages of an old book .,A2
I wish I could find my other sock .,A2
We 've lived in Tokyo for a long time .,A2
This is made of paper .,A2
Chicken is healthier than beef .,A2
I have never met his girlfriend but I have seen her .,A2
He 's got a girlfriend .,A2
I was born here .,A2
I do not always listen to music .,A2
I 'm not sure when to use this unusual fork .,A2
You ca n't pet service dogs or police dogs .,A2
She runs very fast .,A2
I do n't know who she is .,A2
The area was best known for their pineapples .,A2
She taught her children to be polite .,A2
I wish I could be a scientist .,A2
He always boiled his broccoli .,A2
I wish I had known .,A2
The presenter started to speak .,A2
Can you teach her how to walk ?,A2
You must teach her where to go .,A2
Is it Tuesday already ?,A2
Is it already 5 p. m.?,A2
Sitting for too long is a bad idea .,A2
I got bored at the beach .,A2
There was nothing to save after the fire .,A2
There were several lobsters in the tank .,A2
Would you mind if our friends came with us ?,A2
He 's got a bad temper .,A2
I would like you to do it before dinner .,A2
Some pop singers have no talent .,A2
She is an FBI agent .,A2
She is very excited about her upcoming trip .,A2
My aunt had three daughters .,A2
I think I need to lose a few more kilograms .,A2
The dryer ate my sock .,A2
I grew up with three brothers .,A2
Shall I help you with your homework ?,A2
Each story is different from the others .,A2
Who is your favorite Japanese artist ?,A2
It was the day when she broke her arm .,A2
She was happy but now she is sad .,A2
I have n't mailed it yet .,A2
I wish we could tell them .,A2
I told him I would do it .,A2
I told you he could do it .,A2
What a boring teacher !,A2
Have you ever been married ?,A2
Have you met the groom yet ?,A2
She only has a few friends .,A2
It is as hot as the desert .,A2
"If it was his , where did it go ?",A2
That child has a puppy .,A2
That boy seems interested in you .,A2
It would be better if I went .,A2
Many cities have metros .,A2
The food was brought on beautiful plates .,A2
They went skiing last winter .,A2
Let 's wait in front of the store .,A2
Mother loved mixing cream with everything .,A2
Many children picked the fruit .,A2
"If we had known , we 'd have come .",A2
"If I had known it would be like this , I would n't have come !",A2
The story was covered by many reporters .,A2
I tried to clean up .,A2
How many frogs are in your aquarium ?,A2
I wish it would stop raining .,A2
"If she had known , she 'd have stayed .",A2
"In order to lose weight , he ate vegetables .",A2
"In order to save time , he drove .",A2
I said I was going home .,A2
She hoped to find a good job at the job fair .,A2
Movies produced in Hollywood are popular .,A2
She said she had something to tell you but she did n't say what it was .,A2
He spoke to both of us .,A2
He told us what he had seen .,A2
This area is known for its peaches .,A2
The food is usually good there .,A2
They planned to go to Canada .,A2
They often liked doing things together .,A2
I 'd like to be a godmother .,A2
"If I had found it , you 'd know .",A2
Have you ever seen this kind of issue before ?,A2
Have you ever seen anything like this before ?,A2
Where did you buy that beautiful pair of pajamas ?,A2
Jane had a nice jacket collection .,A2
My tooth is loose .,A2
I need to see my dentist for this toothache .,A2
She began to walk more and more slowly .,A2
My dog died when I was five .,A2
Have you ever been in a limo ?,A2
I lent her my coat .,A2
She put makeup on every day .,A2
She ate spaghetti every week .,A2
The trees planted last year look great .,A2
"It will be April soon , so I will finally get to see beautiful cherry blossom trees .",A2
Our kids have trouble deciding what to wear to school .,A2
Have you seen my sneakers ?,A2
My grandmother was always wonderful at telling bedtime stories .,A2
He caused a problem .,A2
Her hair was as soft as silk .,A2
The Americans fought in the Vietnamese War .,A2
We show children how to be creative .,A2
A baby sheep is called a lamb .,A2
It should get cooler in the afternoon .,A2
It is in the mountains where you see beautiful trees .,A2
Nothing in this dinosaur museum is real .,A2
They may be at the restaurant already .,A2
She went home late .,A2
Do not listen to your older sister because she is not always right .,A2
The story brought us hope .,A2
"Because his fingers were broken , he could no longer play the piano .",A2
The staff have n't opened the office yet .,A2
Whales are generally peaceful animals .,A2
She was as beautiful as they said .,A2
Who is the author of that book ?,A2
Tokyo is preparing for the 2020 Olympics .,A2
It was then that I saw her .,A2
It was summer when I saw her again .,A2
I have just finished my homework .,A2
He was n't allowed to have any alcohol .,A2
He is a man whose career has been long and successful .,A2
I 'd like you to set the table for dinner .,A2
Shall we start the conference now ?,A2
She works on Wall Street .,A2
Do you have plans to travel to Europe this year ?,A2
I hope to go to France one day .,A2
Have you seen it already ?,A2
Her eyes were as kind as ever .,A2
I have been teaching here for many years .,A2
I wish I was rich .,A2
I do n't know what to do about those noisy neighbors .,A2
Has the movie just started ?,A2
He had very powerful legs .,A2
Lisa does not always want to spend time with her boyfriend .,A2
The women coming over today are my friends .,A2
We love to invite our friends over .,A2
He died doing what he believed in .,A2
It was found yesterday .,A2
It was found on the train .,A2
She said I could borrow hers .,A2
I forgot my slippers but she let me borrow hers .,A2
I wish she could be there .,A2
We heard frogs near the lake .,A2
Shall we take Jessica to the hospital ?,A2
She had to start over .,A2
Let 's eat fish as many times as possible .,A2
He loves his sneakers more than his regular shoes .,A2
Why do you always wear sneakers ?,A2
Obama is a person whose power is respected .,A2
I do n't know where I put my house keys last night .,A2
I found his keys by the door .,A2
When was this built ?,A2
Which Canadian cities have you visited ?,A2
There is a storm coming .,A2
Limestone is often used in cement .,A2
There will be war .,A2
The windows were locked .,A2
He suddenly got angry .,A2
She placed her bag on the floor .,A2
The plane was as small as a car .,A2
He was followed by the police .,A2
The police came looking for the thief .,A2
What a gorgeous sunset !,A2
There are a lot of sheep in Ireland .,A2
Have you ever been on a plane ?,A2
Have you ever gone to sleep on a train ?,A2
Who is your favorite illustrator ?,A2
I love this illustrator !,A2
This is the room where it all began .,A2
I wish I could tell them good-bye .,A2
I wish I could tell them that I forgive them .,A2
The alarm will ring in a second .,A2
Tell him when to leave .,A2
The school allowed him to perform .,A2
Is that the house where we met ?,A2
I wish I could have finished it .,A2
Blue crabs are famous in this area .,A2
It has been raining since Tuesday .,A2
There have been fights .,A2
Have you seen hers ?,A2
Have you seen my sister ?,A2
I could n't believe what he said .,A2
I wish I were smarter .,A2
Will you allow us to go ?,A2
He learned when to start dancing .,A2
We learned to dance .,A2
It started raining during our picnic .,A2
Tokyo is one of the most exciting cities in the world .,A2
He walked through the door .,A2
I miss the way my mother laughed .,A2
I miss my mom .,A2
She must go home soon .,A2
She had warm brown eyes .,A2
He was a respected man in his community .,A2
She strained her neck .,A2
She received a ring from her boyfriend .,A2
I told her to visit again soon .,A2
He could n't stop looking at her .,A2
"I wish I could be there when she arrives , but I have another appointment .",A2
She has already arrived .,A2
Her eyes looked like emeralds .,A2
Her dress was emerald green .,A2
I wish I could go to bed instead of doing all this homework .,A2
He gave the boys some money to buy their mother some flowers .,A2
She got what she wanted .,A2
Did you forget yours ?,A2
He won an award for best actor .,A2
It was a great role that made him famous .,A2
"Wow , what a beautiful fabric .",A2
Blouses are more feminine than shirts .,A2
Everyone clapped their hands after the performance .,A2
Have you started classes yet ?,A2
"If you were me , what would you choose ?",A2
The dogs started to fight .,A2
There was a red car parked there .,A2
There were two tigers at the zoo .,A2
I have just started my new job .,A2
Have you started your new job yet ?,A2
That was the spot where the tree was .,A2
My parents died many years ago .,A2
My mother - in- law died three years ago .,A2
Her grandfather loved his steak rare .,A2
He liked his beef medium rare .,A2
She joined the U.S. Sailing Team .,A2
I 've never been outside of Japan .,A2
I have lived in Japan as well as in Canada .,A2
"She had beautiful , long hair .",A2
Eating more vegetables will help you to feel better .,A2
Both of them finished their homework .,A2
Emily finished her homework before she got too tired .,A2
The animals began to run .,A2
I wish we were all together again for one last dinner .,A2
I wish we could go again .,A2
Let me get you your coat .,A2
They could n't find anyone .,A2
He decided to buy flowers for his wife while he was out .,A2
None of them drink .,A2
You may go to the concert if you pay for it .,A2
I asked him to leave .,A2
"If I lived here , I 'd be so happy !",A2
I 'd be so happy if she lived here .,A2
They usually go to sleep early .,A2
He painted his room blue .,A2
It was painted blue .,A2
How long ago did it happen ?,A2
It happened a long time ago .,A2
She always wore boots with heels .,A2
She often shared her boots with her sister .,A2
It took the boat a year to travel across the whole world .,A2
I would have done it differently if I had known .,A2
Did you tell her where to meet us ?,A2
Did your wife come with you ?,A2
The train stopped before I arrived at my station .,A2
The train stopped suddenly .,A2
He 's my big brother .,A2
That 's the house where we hope to live .,A2
I would love to live in a house like this one .,A2
She 's made a lot of friends .,A2
She made many friends before leaving the country .,A2
The band started to play .,A2
Her heart was broken .,A2
Have you just finished ?,A2
Has it already been finished ?,A2
We learned about clouds today .,A2
It was a wonderful place to view the sunset .,A2
We sat watching the sunset .,A2
His bird died suddenly .,A2
There are many kinds of fruit in the world .,A2
Is this the spot where the restaurant is ?,A2
You 've made a promise .,A2
I wish I could have done it .,A2
It was time for dinner .,A2
You look like your sister .,A2
The temperature is really mild this morning .,A2
Yesterday was one of the warmest days so far .,A2
Children are not allowed in bars .,A2
My sister might leave early today .,A2
Most sharks are not dangerous .,A2
I hope to become a teacher .,A2
Have you changed your socks ?,A2
Did you have a chance to speak to your boss ?,A2
May I speak with your boss ?,A2
There are twenty children in one class .,A2
There were twenty people in the room .,A2
What if she went with us ?,A2
What if we went together ?,A2
Have you seen my book ?,A2
Do you want to read this book ?,A2
The second semester begins in September .,A2
The new US school year starts in September .,A2
All children need a good education .,A2
She dropped the napkin on the floor .,A2
Her arm was broken .,A2
Her leg was broken in the crash .,A2
Is that your car ?,A2
That 's the house where they went to play video games last week .,A2
We stood looking at the sky .,A2
Put away the winter pajamas .,A2
Pick up your pajamas .,A2
She always had an apple for snack .,A2
She always put apples in her yogurt .,A2
She asked me to stay .,A2
She would like you to come with us .,A2
She knows a place where we can go .,A2
Halloween is in October .,A2
I wish I could find that book .,A2
Could you lend me that book ?,A2
Have either of you guys finished the homework ?,A2
She is the woman whose research has been published .,A2
The sun began to rise .,A2
Pass me that football .,A2
"Pass me that ball , would you ?",A2
The children have already gone to sleep .,A2
College is expensive to go to .,A2
The students were bored .,A2
That is the house where she works as a maid .,A2
That 's the house where guests stay .,A2
It will rain tonight so you should take an umbrella .,A2
I wish I could go back in time .,A2
Some students did n't come to class .,A2
That was the day when she knew her life had changed .,A2
"In order to get there on time , he left work early .",A2
He left early in order to get home .,A2
There was a car parked next to the house .,A2
I wish I could be your friend .,A2
I wish I had a friend .,A2
Sometimes the baby would not stop crying .,A2
This school has many hard -working teachers .,A2
Have you got your homework ?,A2
Have you been doing your homework ?,A2
Do you have weekend plans ?,A2
Have you already done it ?,A2
Have you done it yet ?,A2
Vegetables are very healthy for you .,A2
Green vegetables are always good for you .,A2
"If it had been yours , you 'd cry .",A2
He is a man whom I trust .,A2
Nobody had enough money .,A2
She is a woman whom many people respect .,A2
She is a woman whom many people like .,A2
What would you do if you were me ?,A2
Do you have kids ? How many ?,A2
How many children do you have ?,A2
The room started to shake .,A2
He never trusts anyone except his older brother .,B1
Do you have a wind chill calculator ?,B1
"Although you 've no doubt seen this kind of crime before , it is nevertheless shocking to see the violence .",B1
The new immigration bill would allow some people to stay in the country .,B1
Petting animals is good for relaxing people under stress .,B1
I love petting our neighbor 's cat .,B1
I am a reading specialist .,B1
Mindy always wore cute orange earrings .,B1
My brother loved his pet mouse .,B1
She whispered so as not to wake him .,B1
He was very skilled in singing .,B1
I do n't know why the school changed their curriculum so suddenly .,B1
"The schedule has changed , but it is still possible to find good classes with good teachers .",B1
"On the trip , he bought a pair of lovely silk pajamas for his wife .",B1
He lived near a turkey farm .,B1
He had a huge cabbage farm .,B1
Each jockey wears a different color .,B1
"None of them would admit that they made a mistake , and that everyone was equally at fault .",B1
Hannah might be transferring to another school next semester .,B1
The sound came in intervals .,B1
I do n't have any money to lend you for your schemes .,B1
"No one likes their work to be criticized , especially when they have put a lot of time and effort into it .",B1
The pigs were kept in a small pen .,B1
The doctor asked me about what she ate .,B1
She was trying to find out what it was that was making them sick .,B1
My husband 's brother is my brother - in- law .,B1
"If we were all the same , would life be safer ?",B1
Tie the rowboat to the dock .,B1
Our rowboat is gone !,B1
We hope to see that movie but I heard the tickets might be sold out .,B1
"This year was one of the coldest winters in recorded history , some say because of the climate change issue .",B1
Giant stones crashed down from the mountain .,B1
Everyone stopped what they were doing when the earthquake shook the building .,B1
I found her crying quietly in her room the day her cat died .,B1
This building is for people whose income is quite high .,B1
The dog is afraid of the thunder .,B1
She told what I saw as a convincing story of her experiences .,B1
My school friend is an Army general now .,B1
"If he tried to touch it , he would be burned .",B1
By telling jokes in class Professor Allen kept his students alert and amused .,B1
A psychiatrist lives in my building .,B1
"If she had been with me , I know we would have had such a great time .",B1
Few people succeed in starting their own business and profiting greatly from it .,B1
"Strangely , she only ate cereal at night .",B1
Anything from Japan reminds me of home .,B1
He never greets people he dislikes .,B1
There were many stray cats along the road .,B1
The dog was pleased to see his master again after a long time .,B1
There is one girl in our class who always falls asleep .,B1
Heroin is one of the most dangerous drugs because it is so addictive .,B1
The lion roared loudly .,B1
The coach yelled loudly .,B1
Nobody liked the new uniform design .,B1
She practiced so as to improve .,B1
She did n't understand why many people disliked peas .,B1
She pointed her finger at him .,B1
Some people are not at all affectionate .,B1
They threw away what they could n't eat .,B1
He followed her movements like an eagle .,B1
We learned how to predict typhoons .,B1
He did n't like how sticky peanut butter was .,B1
He loved the scent of peanuts .,B1
No airplanes are flying because of the violent storm .,B1
Is fish healthier than fruit ?,B1
Fresh fruit in the diet may protect against cancer .,B1
She wore a hat to block the sun .,B1
It feels good to get these assignments finished early .,B1
It 's nice to see a paper you 've been working on for months finally completed .,B1
Many buildings are made with steel beams .,B1
He learned where to get good Japanese food .,B1
She was the woman whom I called my closest friend .,B1
Her memory began to fail until finally she no longer knew me .,B1
She borrowed money to pay her bills .,B1
So many high school graduates do n't know what they want to study at university .,B1
Do you think he will mind if I borrow his ?,B1
They have n't gotten any sleep since the twins were born .,B1
The heated air feels great in winter .,B1
He would be happy if I went too .,B1
What we eat says a lot about us as a society .,B1
She always preferred soy beans over anything .,B1
Football is played in stadiums .,B1
"They had a long , loving marriage .",B1
Snow boots are good to have because they are warm .,B1
The championship game had a large crowd .,B1
There is no reason to be so depressed about the results .,B1
I am disappointed by what I find in my refrigerator .,B1
Some people would like to know what it is to be like a celebrity .,B1
We wanted to get started before the rising sun get too hot .,B1
The quiz is impossible to complete .,B1
Her notebook was next to mine when I saw it last .,B1
She is our foster daughter .,B1
Gina added more beans to her diet .,B1
Nobody spoke another word after the professor got mad .,B1
His friends often come over and hang out at our house .,B1
He asked her what to get for his mother 's birthday .,B1
Some teachers with large classes never get to know their students .,B1
She gave me beautiful gloves for Christmas .,B1
He fixed his tie before starting his presentation .,B1
Cargo ships dock in port cities .,B1
"You can borrow ours , but please just be careful with it .",B1
I got newspaper ink on my shirt .,B1
Lots of people got sick on the cruise ship .,B1
They all seemed scared of the noises .,B1
The students learned to check their papers with spell and grammar tools .,B1
Tim was always trimming his moustache .,B1
Her favorite vegetable is cauliflowers .,B1
She used vegetable oil to fry the vegetables .,B1
Please have someone walk you back after the party .,B1
Could anyone send me directions to the dinner party ?,B1
I approached my professor before class to ask him some questions .,B1
She was given several distinguished awards for her work .,B1
This is something which needs to be said .,B1
It 's cold enough to wear sweaters again .,B1
I like to wear my warm clothes in the fall .,B1
I wish I had gotten my black belt when I was younger .,B1
I wish I had earned my PhD before I turned 40 .,B1
The snow is good to have during Christmas .,B1
There are several movies about wolves .,B1
Some snakes are completely harmless .,B1
Would you hand me that piece of paper ?,B1
"What I saw was an opportunity to change my life for the better , so I took it .",B1
He looked through the books carefully .,B1
Elk meat is leaner than beef .,B1
Quiet background music can help you to concentrate .,B1
Why do n't you use a fork ? Nick said .,B1
The tourists had no idea about where to stay .,B1
The doctors tried as much as possible to save her .,B1
"Amanda , who was the fastest runner in our grade , ran across the field at full speed .",B1
The door has been locked since she left .,B1
A group of university graduates wanted to go backpacking around Europe .,B1
I wish I could have had a chance to clean up before your arrival .,B1
There were people protesting the military base in Okinawa .,B1
You might try contacting your professor before you register for his class .,B1
Your professor must be notified in advance if you are planning to take his classes next semester .,B1
"Take it from me , you are much better off thinking about all the things in life you are grateful for than complaining about things that upset you .",B1
I wish they would stop complaining .,B1
I do n't think that they will show the movie yet .,B1
I wish I could have told you myself but I did n't know you were here .,B1
I need to sell some of these books before I can buy more .,B1
I am looking for someone who can drive me to the airport .,B1
I do n't know who burned all the books .,B1
Unidentified teachers protested the policy .,B1
He was thrilled to get a job there .,B1
The police saw the gate and its broken lock .,B1
The police had been asking if anyone had seen the snake that escaped from the pet store .,B1
Have you seen my missing snake ?,B1
He gave her a shoulder massage .,B1
Ryan picked up his little sister and finished all of his assignments before six o'clock .,B1
Doctors and nurses sometimes work in war zones .,B1
The teacher took the children to the aquarium to show them many types of fish that live in the sea .,B1
They were given several types of fish .,B1
There are wild goats in Hawaii .,B1
There were lots of goats in Greece .,B1
"If they had seen the fire , they would have gone to check it .",B1
He always got a strawberry milkshake .,B1
He always had his bagel with cream cheese .,B1
I wish I knew how to lose all this extra weight .,B1
Were you offended by what he said to you ?,B1
He has been dieting since his heart attack last spring .,B1
He carefully moved across the crowded room .,B1
Amanda was pleased to see all of the residents happy in her newly built apartment .,B1
It 's not raining anymore but they stopped playing outside anyway .,B1
"The door was locked , the curtains were drawn , and the newspapers were piled up in the mailbox .",B1
We took the cable car up the mountain .,B1
The view from the cable car was amazing .,B1
Spanish is the fastest growing language .,B1
He became a man whom others feared .,B1
She always chose to eat lamb at restaurants .,B1
He is a man whose life has been mostly lived abroad .,B1
I wanted the kids to wash the car today but I think it might rain .,B1
Was there good food at the gathering ?,B1
I knew he was a person who got angry very quickly .,B1
"If it went by express mail , they should have it by now .",B1
Fine wool from sheep is used to make sweaters .,B1
She sang passionately so as not to bore the audience .,B1
"Despite being a great singer , she sang very badly that night .",B1
I wish it could be someone else that drove the car off the bridge .,B1
The old man who caused the accident died yesterday .,B1
The man in that car caused the accident .,B1
It was hot in the sun where we stood .,B1
One look at the exam made her feel nervous .,B1
There is an urgent need for more doctors who are willing to volunteer in Africa .,B1
Your research must have gotten a lot of attention from the scientific community .,B1
Can you read a barometer ?,B1
Sailors check the barometer often .,B1
He 's very keen on getting a puppy .,B1
He keeps looking in my direction .,B1
The professor said he had to adjust everyone 's grade because the class did so poorly on the final exam .,B1
"If the public wanted changes , they would demonstrate .",B1
I tried to teach them to answer job interview questions successfully .,B1
Let 's wait over by the badminton court .,B1
Our grandmother loved feedings us desserts .,B1
That author 's books give many people pleasure .,B1
I was bored with so much rain .,B1
The president of the company claimed one of his employees stole the money .,B1
Was there something wrong with the food ?,B1
It is a long way from downtown Chicago so I recommend you stay there with your sister .,B1
I like to be around cheerful people .,B1
I enjoy meeting new people and expanding my social circle .,B1
She drove fast because she wanted to get there on time .,B1
My father was awarded a Bronze Star .,B1
The money has been missing since he quit .,B1
There are many police officers around the embassy .,B1
The policemen remain focused on the investigation .,B1
He believed it was his hard work brought him success .,B1
He was glad to have a job at a time when so many others didn't .,B1
Any job was better than the one she had worked before .,B1
The citizens were taught where to go for safety during an emergency .,B1
A place that is safe to go to is important for people in danger .,B1
She told me to listen for the phone while she was in the shower .,B1
She leaned on her knee as she listened .,B1
The earthquake startled the tourists .,B1
There are so many good restaurants in my area that it is hard to decide where to eat .,B1
We were talking about childhood stories and they shared theirs with us .,B1
Most wild tigers live in Asia .,B1
Being a godmother is a special responsibility .,B1
How many eggs did the chickens lay ?,B1
A woman whom I admire is Angelina Jolie .,B1
We could hear the fire engines in the distance .,B1
There were several fire engines in Mita yesterday .,B1
On what floor will I find the pajamas ?,B1
Shall I drop by the bookstore to pick up my textbook ?,B1
"His wealth was reflected by the beautiful furniture in each room , which was from different parts of the world .",B1
The guests did n't know where to sit .,B1
The wives and the children were supposed to be seated first .,B1
"Start studying now , or you will regret it later .",B1
Please turn over your test papers now .,B1
He considered it a new start and stayed positive .,B1
You may spare yourself the conflict if you remain quiet about the issue .,B1
Monkeys are too dangerous to have as pets .,B1
The next generation faces many problems .,B1
This explains how and when to treat injuries .,B1
The professor was pleased to see his students working hard .,B1
Her favorite way to fall asleep is to read before bed .,B1
I wish I could have explained it better so the students would have understood more clearly .,B1
The teacher explained it as simply as he could .,B1
"Since he 's so good to her , I approve of their marriage .",B1
The researchers were happy to have finally found a new cure for that disease .,B1
My father was a soldier in the Vietnam War .,B1
Silk clothes can be expensive .,B1
She is very attractive for a middle - aged woman .,B1
No one could find the dog or its owner .,B1
He ate cashew nuts instead of popcorn .,B1
It was sunny but now it is cloudy .,B1
He was talking to someone earlier .,B1
He spoke in a shaky voice .,B1
They 've been calling around to find someone to cook .,B1
That haunted house scared me .,B1
My boyfriend showed me what to buy for my ski trip .,B1
She hurried out of the house because she was already late .,B1
It is a long way from my house to yours .,B1
"Make sure you do n't arrive late to any more of your classes , or your final grade will drop .",B1
Hand in your essay before you go home .,B1
There are plans to close the nuclear plant .,B1
Florida has beautiful sunsets skies .,B1
The manager has n't told the employees about it yet .,B1
There will be a demand for electric cars in the future because of the increasing concern about global warming .,B1
What does that cloud look like to you ?,B1
The twins never got along and they were constantly arguing .,B1
You 'd be safe if I had gone .,B1
"If I had gone with you , I would have missed the delivery .",B1
The Haitian capital is Port-au- Prince .,B1
"I 'd like to join you , but it depends on what I am doing that day .",B1
There will be a lot of international tourists in Japan during the Tokyo Olympics .,B1
She loves getting a massage .,B1
I love having back massages .,B1
It would be nice if we went together .,B1
His robe was a dark red .,B1
He looked wise in a robe .,B1
Scientists are studying black holes .,B1
I ca n't believe she took yours without asking you !,B1
Shall we move the conference to another day since it seems like it will rain heavily this afternoon ?,B1
Every professor had to take attendance .,B1
Black snakes eat insects such as cockroaches .,B1
Someone who carried the virus boarded the plane in New York and infected all the passengers .,B1
Acrylic fibers are similar to wool .,B1
Everyone began to sing as best as they could .,B1
"If I had known they were coming to dinner , I would have made more food .",B1
"If they were at my house , I would have fed them .",B1
Lisa only works certain shifts in the evening because she is extremely busy during the day .,B1
"Without actually telling us why , we were all asked to leave the party .",B1
They must get her medical attention immediately .,B1
Spring gives the new season many bright flowers .,B1
Prime ministers here do n't usually last very long .,B1
The lobster was overcooked .,B1
"After boiling it , the lobster turned orange .",B1
"If they had found any more survivors , they would have taken them to the hospital .",B1
He knew which bag to buy for his older sister 's birthday .,B1
She asked her sister which purse to buy .,B1
"If you always lived at home , it would be difficult to experience life fully .",B1
"When the sky began to darken , she closed all the windows and locked the doors .",B1
Boys wanted for the team were asked to tryout .,B1
She felt great after working out all day .,B1
She learned aikido so she would n't be fearful .,B1
People cheering with a loud voice encouraged the runners .,B1
Have you ever been to Canada 's northern territories ?,B1
Homes built with brick are common in the US .,B1
I thought he could get us the movie tickets in advance .,B1
I asked him to rent the new Tom Cruise DVD but he said it was n't available .,B1
What is the temperature today ?,B1
Let 's meet at the Irish pub .,B1
Let 's meet there on New Year 's Eve .,B1
Her dress was pastel pink .,B1
We saw a pack of wolves .,B1
Promise you wo n't ever tell anyone what you saw here today .,B1
If you do n't keep quiet you will wake the baby .,B1
I had hoped to get some sleep but the baby made too much noise .,B1
He was never a good cook so when he prepared dinner for his girlfriend it went badly .,B1
Was there anything left in your room or did you clear everything out ?,B1
Her cheeks turned pink .,B1
"In order to communicate with each other , both the French girlfriend and the Japanese boyfriend decided to learn a third language .",B1
Both of them were determined to learn a new language .,B1
"To prevent break-ins , the locks were changed .",B1
These shoes are made to conform to your feet over time .,B1
"I do n't remember exactly what he said , but I do remember he was quite angry .",B1
The men whom the reporters followed were famous musicians .,B1
It is a story about a world where wizards live .,B1
We finally got sunshine after days of rain .,B1
The newly discovered virus might be crucial in understanding the rapidly increasing death rate .,B1
Do you get along well with your siblings ?,B1
Emily quickly learned which teachers to rely on .,B1
Tokyo is full of well - dressed women .,B1
She asked for an extra napkin .,B1
This is the room where I do most of my thinking .,B1
Her back was crooked .,B1
The kids were less cranky after eating lunch .,B1
The timer will go off any second now .,B1
Haley wore her favorite boots .,B1
I want a world where people live peacefully .,B1
I dream of a world where energy is clean and free .,B1
We asked all the children to call their parents to let them know they were okay .,B1
He worked hard to get into the school .,B1
Beans are very healthy and nutritious .,B1
We qualified for the bridge tournament .,B1
We won the badminton game .,B1
"Until recently , women were not allowed to vote in that country .",B1
Is it possible to go outside or is it raining too heavily ?,B1
I have an aikido class on Sunday morning .,B1
I decided to take her advice and so I signed up for an aikido class .,B1
People who stare at computer screens all day often end up wearing glasses .,B1
She wore a very expensive looking dress .,B1
Her wedding dress had a full skirt .,B1
There is a tennis court near my house .,B1
She turned her head quickly .,B1
Her eyes were wide open .,B1
It took me a while to understand what he said .,B1
A monkey was sent into space .,B1
A monkey got loose in a train station .,B1
I wish I had better language skills .,B1
Bees are usually harmless .,B1
He looked strange without his eyebrows .,B1
It was found that exercise increases vitality .,B1
The raindrops battered my umbrella .,B1
"The door was not locked , so we came right in .",B1
She always wore fashionable coats .,B1
We are teaching children not to be powerless .,B1
Bees love pollen from flowers .,B1
Mr. Johnson 's wife must care a lot about their dog .,B1
She has a well - trained dog .,B1
Her arms were tanned to a golden brown .,B1
Would you return the borrowed book soon ?,B1
My family has lived here for generations .,B1
They 've lived there all their lives .,B1
He was a man whose family had given him up for dead .,B1
They were given a good education .,B1
They understood what they learned from their experiences .,B1
She felt an uncomfortable pain in her leg .,B1
Hana had an engagement ring on her finger .,B1
It is a polluted river .,B1
She went to a school taught by nuns .,B1
Wages in many industries have increased for the first time in many years .,B1
The light from the sun rising wakes me .,B1
Teachers play an important role in students ' lives .,B1
She was elated at the good news .,B1
They told her what they were expecting from her .,B1
Social media has changed how people interact with each other .,B1
A large plane flew across the sky a couple minutes ago .,B1
What kind of fabric is that ?,B1
There 's only a month left before I leave for college .,B1
We only have a few more days until we go on vacation .,B1
Steak is the best when it is medium rare .,B1
I have more shirts than blouses .,B1
Her favorite bracelet suddenly disappeared .,B1
Some people collect butterflies .,B1
That 's the area where the lightening hit .,B1
He hopped across the room because he injured his leg .,B1
"When the alarm sounded , all the doors were locked and we were asked to remain in one room .",B1
The car doors were locked and the alarm was on .,B1
Too much alcohol prevents you from thinking properly .,B1
It was a time when we slept outside .,B1
It was a time when we did n't have to lock our doors at night .,B1
The girls trying out for the team were chosen .,B1
She was one of the girls picked for the team .,B1
People do not always realize that even during off season athletes are constantly training and practicing .,B1
Football players often get injured .,B1
Would you mind picking up mine too when you go get your coat ?,B1
Hockey goalies are sometimes pulled .,B1
I wish I could find some way to convince her to come here for a visit .,B1
She prepared the food in a lovely manner .,B1
We counted shooting stars .,B1
We went outside to look for shooting stars .,B1
They were n't hopeful about finding the missing boys .,B1
"Being the good brother he is , he paid for his sister 's loans once he was able to afford it .",B1
It 's nice of him to get flowers for his mother .,B1
"I suddenly realized I no longer needed to stay , so I left .",B1
Researchers publish their findings in journals .,B1
The birds played among the leaves .,B1
Something startled the birds out of the trees .,B1
The crowd left the stadium slowly .,B1
Older people usually tend to go to bed and wake up early .,B1
Many kinds of fruit have tough skin on the outside that people throw away .,B1
He had very thick eyebrows .,B1
He had a very strange moustache .,B1
This is a medical alert bracelet .,B1
My brother is my favorite sibling .,B1
The disaster hit at a time when the economy was already weak .,B1
A tear rolled down her cheek .,B1
The police are still investigating .,B1
It will only get hotter but at least we can go to the beach .,B1
We are expecting another heat wave .,B1
The government program helps the people whom you insist need support .,B1
What we know about the causes of the accident has not been confirmed .,B1
There is no money in the bank .,B1
So many people have lost family members in the earthquake .,B1
The surgeon removed all the cancer .,B1
Is this the spot where the office is supposed to be ?,B1
Monkeys are sometimes used for scientific studies .,B1
I 've made a promise not to tell anyone .,B1
I wish I had done it differently .,B1
Boys are not allowed to wear hats indoors .,B1
Tin has been used for thousands of years .,B1
Not all American food consists of meat .,B1
She is allergic to oysters .,B1
I 've never seen such a fat turkey .,B1
The turkey was bigger than we expected .,B1
This is a neighborhood whose summer festivals become very crowded .,B1
I am close friends with my sister- in- law .,B1
Hurricanes form over water .,B1
Let 's create a world where education for all is valued .,B1
She dropped the pudding on the floor .,B1
Meteorologists have a tough job .,B1
What children learn is what they see others doing .,B1
The room suddenly became crowded .,B1
We watched the clouds in the sky .,B1
The test was too hard for any of the students to pass .,B1
A gun is not something which a child should be able to access .,B1
A woman whom many people like is Kate Middleton .,B1
I tried to convince her to stay here .,B1
The golden necklace was eye-catching .,B1
She is a woman whom the press adores .,B1
There were multiple butterflies around the flower .,B1
The field was covered with beautiful butterflies .,B1
Hurricanes can do terrible damage .,B1
The sun started to rise and the animals began to move around .,B1
"Since the children are so quiet , they must be asleep already .",B1
Take your umbrella if it 's overcast .,B1
We 're expecting a snowstorm overnight .,B1
Sometimes I wish I had the power to go back in time and change some of the decisions I made .,B1
It is important to help students to succeed .,B1
Students need to know that what they learn in school will be useful to them later .,B1
Some students did not attend the revision session last week .,B1
July and August are the hottest months .,B1
Carl XVI Gustaf is the Swedish king .,B1
She 's on the National Rowing Team .,B1
She 's on the Olympic Gymnastics Team .,B1
The area was hit by drought .,B1
Do n't be afraid of the thunder .,B1
Do n't go out in this thunderstorm .,B1
Students sleeping in class often upset teachers .,B1
It was thunder that we heard .,B1
The car sat parked in front of the house .,B1
He is a man whom I have trusted with all my investments .,B1
Jet aircraft can fly at the speed of sound .,B1
There were many people treated for injuries .,B1
"It was time to cook dinner , so she went into the kitchen .",B1
Copper has many uses .,B1
The injured people were rushed to hospital .,B1
This school has a great number of teachers rated highly by students in annual evaluations .,B1
College athletics attracts many students .,B1
"If it had been yours , you would have been so sad .",B1
He is a man whom I 've trusted for many years .,B1
"If you were in my shoes , what would you do ?",B1
Suddenly the room began to shake violently .,B1
"She started to glue the pieces back to together , but then realized it was hopeless .",B2
The season has changed and the warm spring air has given me hope .,B2
The spectators sang to encourage their team .,B2
We faced a hostile and angry crowd .,B2
I started to clean out some closets but got distracted .,B2
Her cheeks blushed red with embarrassment .,B2
Many planets and other astronomical events are not visible to the naked eye .,B2
Emily loves contributing in class and that makes her a very engaging student .,B2
The school counselors called in the children .,B2
There was a sudden hail storm .,B2
Much of what we know about human history comes from archaeology .,B2
You need to reserve racquetball courts here .,B2
It 's interesting that tadpoles become frogs .,B2
Give your urine sample to the lab technician .,B2
The orphanage was run by nuns .,B2
There was a scratch on her favorite bracelet .,B2
There were lots of dogs barking angrily at something .,B2
High - rise buildings are made to sway during earthquakes .,B2
The concert left us elated .,B2
We were all elated .,B2
My grandmother keeps a very old pair of scissors in the bureau .,B2
Linda is quite fond of collecting antique scissors .,B2
They did n't know when they were supposed to leave the stadium so everyone ended up lingering .,B2
I think it 's time to get you a new pair of socks .,B2
She has n't eaten any nuts or shellfish since she had a terrible allergic reaction when she was a child .,B2
"As he was trying to catch the ball , he sprained his leg badly .",B2
Meteorologists are predicting severe weather .,B2
"The injured people sat covered in blood , waiting for medical aid .",B2
There are millions of products that have become obsolete because of our rapidly improving technology .,B2
Pollution from industries causes smog .,B2
The scientist found a petrified dinosaur tooth .,B2
She is the woman whose team created the corpus .,B2
Our professor stopped talking when he spotted a student sleeping in class .,B2
Sleet is predicted tonight .,B2
There is a low chance of precipitation tomorrow .,B2
There is zero chance of precipitation today .,B2
We heard the downpour thundering on the roof .,B2
People injured in the crash were taken to the hospital .,B2
This article explains why the use of embryonic cells is controversial .,C1
The dermatologist diagnosed skin cancer .,C1
The bleeding girl was helped to her feet by several bystanders and taken to the hospital .,C1
Meteorologists can use computer algorithms .,C1
He saw a psychiatrist for his depression .,C1
I bought both of them .,A1
Can you speak Thai ?,A1
That dog running in circles is mine .,A1
Please give me the time .,A1
These seats are ours .,A1
I am trying to help you .,A1
I need a new one .,A1
We went to Hakone in the autumn .,A1
Do you have any last words ?,A1
Katsue 's birthday is September 8th .,A1
The car took us to school .,A1
Why is the sky blue ?,A1
She wants to play cards .,A1
I like your denim jacket .,A1
They put the food in bags .,A1
Please tell your wife .,A1
Her daughter wants to become a personal trainer .,A1
Can I have his cake ?,A1
Is it your birthday ?,A1
Emma sat down next to her sister .,A1
Our sun looks yellow .,A1
Are you in a league ?,A1
Let 's try to read .,A1
He 's always very nice .,A1
Do you worry about what you eat ?,A1
Sheep and cows eat grass for food .,A1
Give me a call before you leave .,A1
My husband works hard .,A1
She said it was n't a good idea .,A1
Say good - bye to her old life .,A1
There were mice scratching in the walls .,A1
The book is Murakami's .,A1
"Give her the pen , please .",A1
What is this song called ?,A2
Please raise your hand if you have questions .,A2
Sony has given me an interview next week .,A2
Is this a one-way ?,A2
I want it badly .,A2
The masked man ran from the bank .,A2
I am a boy called Ned .,A2
I do n't know where to look .,A2
No man wants to look weak .,A2
What I know wo n't help you .,A2
We need someone to cover his shift .,A2
I am trying to get my work done during the day so I can go out in the evening .,A2
Do you want some Greek olives ?,A2
"When the time comes , I will tell you .",A2
The bill was paid yesterday .,A2
This is my favorite slip .,A2
Do you think that it will work ?,A2
Are there fewer chances now ?,A2
Can you raise one eyebrow ?,A2
He needed one in order to be friends with Tom .,A2
I won the bet .,A2
I know this one will be bad .,A2
Please do n't touch mine .,A2
I 'm your new diving instructor .,A2
I 'm so angry right now .,A2
This phone looks damaged .,A2
The boys tried to fly the kite .,A2
Bali is an Indonesian island .,A2
Which one is the managing director ?,A2
"Although I 'm turning twenty today , I still feel like a child .",A2
Think about what you have learned here .,A2
I need to get a job .,A2
We decided to go there on our own .,A2
Please introduce me to your friend .,A2
I know how to make curry .,A2
I 've seen three people running by here in the last few minutes .,A2
I 've never seen him use that racquet .,A2
Mickey lent Goofy his gloves .,A2
I do n't know how to make this any clearer .,A2
I really like being the boss .,A2
"Although you may not want to remember , I wo n't forget .",A2
Do you belong to a gym ?,A2
Tom told Jess his phone number before he left .,A2
I do n't know what you have in mind .,A2
Are you doing what I think you are doing ?,A2
She bought those pants five years ago .,A2
"Okay , let 's get started .",A2
Could you please teach me to use this website ?,A2
The room was so quiet I could hear every sound clearly .,A2
It 's time for you to buy proper gear for running .,A2
Many people agree that Brazilian women are beautiful .,A2
There was a room where the employees could take a break or eat lunch .,A2
I 've never seen a Dutch oven before .,A2
Microsoft has lost a lot of customers .,A2
They were sitting in the nurses ' station .,A2
You might hear from your colleague about the new business project .,A2
I 'm flying on Thai Airlines .,A2
"If I wanted more , I could ask .",A2
Please sit facing me .,A2
He 's from the Scottish Highlands .,A2
The cruise ships stop in Hawaii .,A2
I ca n't tell you how sorry I am .,A2
My Uncle Bill discovered information about himself online .,A2
Is there a bus to the hotel ?,A2
This is played on a laptop .,A2
You 'll need to ask the editor about that .,A2
The painters all wore work pants .,A2
I do n't know whether I should take care of him .,A2
Is someone in there ?,A2
February is the shortest month .,A2
Would you make some more coffee ?,A2
The rookie is good but needs more practice .,A2
The aikido uniform is called a dogi .,A2
Janet keeps her sewing room cluttered .,A2
Jane did n't know why Leon was homeless because he was clearly very smart .,A2
Theirs is over there .,A2
The play reminds me of Shakespeare .,A2
"If you were an actor , what role would you want to play ?",A2
The monster whom Harry killed was Voldemort .,A2
I do n't think that he will play in the game tomorrow .,A2
Liam works very fast .,A2
I stayed behind in order to study .,A2
James wanted nothing to do with Melissa .,A2
I saw theirs on Facebook .,A2
You look very pleased !,A2
I told them my dog would stay inside today because of the heat .,A2
John and his wife have sold furniture for years .,A2
Chikako is always so cheerful .,A2
The ships crossed the Arabian Sea .,A2
What are the different phases of the Moon called ?,A2
Could you please dry clean my suits ?,A2
I wish my boyfriend would stop looking at other girls .,A2
I need someone who can fix my car .,A2
Can you smell something burning ?,A2
The rat bit the children on the face .,A2
The dogs ran around the living room .,A2
Which is the best way to get to Shinjuku ?,A2
Was there something you were concerned about ?,A2
That is the world where they are from .,A2
My toast was a perfect golden brown .,A2
He said he thanked her but she ignored him .,A2
I never want to work for Amanda again .,A2
Have you been there ?,A2
Who left all that hair in the bathroom ?,A2
They stood holding hands .,A2
He finally started eating yogurt .,A2
The farmer brought his pig to the market .,A2
Could you please eat more quietly ?,A2
How was the vase broken if no one was at home ?,A2
He was as sad as I was .,A2
That cruise ship is huge !,A2
Dan 's birthday is in February .,A2
Carl decided to buy a new belt .,A2
The chef had a very big knife .,A2
The people sitting on the train were lucky to have seats .,A2
My little brother loves talking .,A2
"If we were richer , we could travel .",A2
Please write down what you think you should be paid .,A2
"Since you do not have children or any other family , you will have nobody to take care of you .",A2
My teapot is ceramic .,A2
Let me know what you think is the best way to handle this situation .,A2
Those fishermen only use nets .,A2
Can you teach me how to use the subway ?,A2
Emmy 's favorite animal is a fox .,A2
It 's not my idea of fun .,A2
We have been invited to go sailing on Saturday .,A2
Just say what you want to say .,A2
Put your back into it .,A2
Her foot blocked the ball .,A2
Did you hear what I just said to you ?,A2
"Before you get angry , listen to me .",A2
She kept it on a shelf .,A2
Someone has just found my phone .,A2
I am delighted to meet you .,A2
He walked around his new car to examine it .,A2
The engineer I met at dinner last night was an interesting man .,A2
Social workers do n't make much money .,A2
You might meet Amanda there .,A2
We must keep on going .,A2
This is the area where she heard it .,A2
My mother loves black cherries .,A2
Natalie brought a bagel for Dylan .,A2
I need to walk my dog .,A2
My mother is learning to take it easy .,A2
Mother wants us to help her .,A2
I told them what I was thinking .,A2
Could you remind me what that man's name is ?,A2
"Here , take this and do n't argue with me because I know you need it .",B1
The groom 's family is staying at the hotel .,B1
My little nephew is about waist high now .,B1
The magician bent the spoon effortlessly .,B1
The athletes gathered in Kona for Ironman .,B1
We 're just shooting the breeze .,B1
The hikers found some money buried under a tree .,B1
The presents sat unopened under the tree .,B1
The biker rode through a group of pedestrians .,B1
"In the movies , it seems like only the people who are good looking survive disasters .",B1
I do n't know whether it 's happening .,B1
Marie was able to hand in her project two minutes before midnight .,B1
The displeased principal kept walking around the classroom .,B1
Most women have wide hips .,B1
Do n't shake your head at me !,B1
How would you like me to frame this photo ?,B1
The boys shouting at the man were upset because he had stolen their backpacks .,B1
Wear a beige bra with that white shirt .,B1
You need to learn to work with William even though you dislike him .,B1
"George knew he was good at playing hide and seek , and advised Tina to hide between the wall and the tree .",B1
If you wait a little there will be a definite answer .,B1
"Even if you 've never seen a play before , this one is easy to follow .",B1
I keep going over it again and again in my mind .,B1
I would n't do that if I were you .,B1
The men came reeling down the street .,B1
There was nothing on the desk when I left your office .,B1
Each one was as big as a tennis ball .,B1
Sam always goes to MOMA when he visits New York City .,B1
"Although Kat dislikes James , she still came to help him move .",B1
"Yes , I am impatient !",B1
The woman stopped at the airport was searched for weapons .,B1
I really know nothing at all about those men's lives .,B1
It 's as easy as pie .,B1
Will has been waiting for your reply for many days .,B1
The boy doing kendama tricks is my son .,B1
The surfers headed for the waves .,B1
Nobody understands why you do n't have confidence when it 's obvious that you have great talent !,B1
I have never been someone who could stand up in front of a lot of people and speak .,B1
Let 's catch snowflakes on our tongues .,B1
I wish I knew why this website was taking so long to load .,B1
"If you found a dark spot on your skin , would you see a doctor ?",B1
Jack walked toward the injured dog slowly and carefully .,B1
I wonder what they have in common .,B1
"During the summer , the children swim at the old pond .",B1
Her shelf was crowded with swimming trophies .,B1
I do n't mind working although I 'd rather be reading .,B1
I believe it is awful to cheat .,B1
Ken yelled when a bee flew close by .,B1
The handle is made of metal .,B1
I always wear an apron when I am cooking because I do n't want to spill anything on my clothes .,B1
And that was the moment when my computer died .,B1
I ca n't read your mind so I do n't know what you want unless you tell me .,B1
Of course I love ours the most .,B1
"Once he found out what he wanted to know , he never called again .",B1
There is a big Polish community in Melbourne .,B1
The rules do n't allow you to work full-time .,B1
No money can buy the love of a family or friends .,B1
I do n't think that I will be there for Greg 's performance since I have a conference .,B1
We waited for at least two hours before we finally got to see Johnny Depp walk down the red carpet .,B1
Mrs. Jones said she moved because she wanted to live in the city .,B1
The wire on the fence was as sharp as razors ; we knew there was no way through it .,B1
"It is too far for Jamie to walk to , especially because she is pregnant and easily exhausted .",B1
The ships headed for the Taiwanese coast .,B1
Learn to face up to your mistakes .,B1
Do n't you just wish that sometimes you could go into the stories you read and become one of the characters ?,B1
I often use translator software .,B1
The little girl placed the doll carefully on her bed and kissed its cheek as gently as if it were a real boy .,B1
"Before John 's allergic reaction gets worse , I think we should take him to a clinic so they can provide him with exactly what he needs .",B1
I hope to send out all the invitations by tonight .,B1
The classic game was called hangman .,B1
Will you give me a taste of yours ?,B1
The company changed its mind and decided not to fire us after all .,B1
Not all Japanese people read manga .,B1
How much is a roundtrip ticket ?,B1
This lane is for people whose cars have electronic tags .,B1
I do n't know whether or not mother will allow you to do that .,B1
What we have done is given consent so you can make your own legal decisions .,B1
He only likes to take a jog during the night because it is too hot during the day .,B1
Nothing will get in his way .,B1
Liam stayed around while Jess worked on her art assignment .,B1
Dried bay leaves are often used in spaghetti sauce .,B1
Think before you say something hurtful .,B1
He is n't on either Joanne or Lia 's side because he wants to stay neutral .,B1
He pressed the button carefully because he was n't sure what it would do .,B1
A blacksmith could always find work .,B1
We just have to accept our son-in- law .,B1
I am pleased to learn this material .,B1
Walking alone at night makes me nervous .,B1
Abe is the current prime minister in Japan .,B1
"On the tour , we saw the room where Hemingway wrote his most famous novel .",B1
"I did not know Max before the third grade , but after we met we became best friends .",B1
Those people talking on cellphones were rude .,B1
Can Teflon be used in clothes ?,B1
I 'll just take one and leave the rest for you .,B1
There was a stray dog sleeping between the buildings .,B1
It 's a good idea to plan to pay off some of your debts before you try to buy a house .,B1
Israelis must serve in the military .,B1
The copilot whom I met was dressed in an Air Canada uniform .,B1
No room is left for more chairs in the kitchen .,B1
It is a world where days never end .,B1
The main thing that I wanted to say was to tell you how grateful I am for your friendship .,B1
Portland has many cyclists .,B1
There is a grape stuck in my nostril .,B1
What I saw was a failure to act .,B1
The seagulls came flying at us when they saw our sandwiches .,B1
"If we were in charge of the government , I would pay more money to people who help people than to bankers .",B1
Lisa was nervous at the party and stood next to her best friend the entire night .,B1
Someone who calls himself a leader must know how to lead .,B1
"If we were willing to risk it , we could climb up on the roof to watch the moon .",B1
"Whenever I need to buy something new , I search for information in a catalogue .",B1
"I am sorry to bother you , but could you help me with this problem ?",B1
Are there any schools you 're looking at in particular ?,B1
My bike has a flat tire .,B1
Learning to play the guitar seemed very easy for him .,B1
It is often difficult to know how to tell if someone is lying or not .,B1
A beret is a kind of hat .,B1
The cameraman was charged with murder .,B1
"Mom , can I get a second blazer ?",B1
Violent pictures turn my stomach .,B1
Sorry I was so gloomy today .,B1
Here is something which will help .,B1
There is no way I can take all of these home .,B1
You are not helpless so pull it together .,B1
Do you have a purse as small as this ?,B1
"If they were just a little older , I would n't have to drive them to those early morning practice games .",B1
The store has changed its return policy so I ca n't get a refund .,B1
The brothers were as plump as their sisters .,B1
What I saw was beyond anything I had seen before .,B1
The patisserie baked 20 cakes a day .,B1
Reading too many romance novels will keep you feeling emotional .,B1
Do you know the names of the people who brought these gifts ?,B1
I 've run out of toothpaste and I need some badly .,B1
There has never been a more romantic story than this one .,B1
"As we just saw , stock investments are not as safe as we once assumed they would be .",B1
They go golfing every weekend no matter how bad the weather is .,B1
Freedom from Mubarak in Egypt has come with a very heavy price for ordinary citizens .,B1
I had a chance to see the Emperor at sumo .,B1
There is never only one way to do something .,B1
"Beth used to sleepwalk when she was younger , but she does n't anymore .",B1
He is the vice president of the PTA .,B1
The sea breeze came through the open window .,B1
"I knew they were only kidding , but it still hurt .",B1
I 've counted how many times she 's come late to work .,B1
Mother wanted Mark to wear a nicer shirt .,B1
Do you know when the Adams family is arriving ?,B1
Have you been singing in the choir ?,B1
I told him the electric bill would be high if he left the lights on all the time .,B1
"Before flying off to America , Ally gave each of her siblings a big hug and a present .",B1
Everything here in this store costs as little as a dollar .,B1
The boys involved in the incident have apologized and offered to pay for the damage .,B1
The Boy Scouts was begun in 1910 according to some information that I read .,B1
Several black limousines were lined up outside .,B1
Sally decided to change her life by moving to Europe .,B1
I believe it was unlikely that John will be awarded a full scholarship but I 'm sure he will get a partial scholarship .,B1
Anna 's so mean that her boyfriend left her .,B1
They won because they are all team players .,B1
"He could fix this for us if he were a programmer , but he ca n't write code .",B1
Clerks often play essential roles .,B1
The baby 's room was decorated in pastel colors .,B1
The boy riding his bike was hurt .,B1
None of them recognized the song playing in the restaurant .,B1
Ryan has some of the most interesting sweaters .,B1
"If I had been the one to make the decision , I would not have sent the boys out alone .",B1
There was nobody in the movie theater but us .,B1
No animal can run as fast as a cheetah .,B1
You are neither overweight nor too skinny .,B1
Women who behave themselves do n't make history .,B1
Acrylic paint dries quite quickly .,B1
His parents wish the police could find the person responsible for the hit and run accident .,B1
Parents carried their sleeping girls and boys back to their cars after the excitement of the late night fireworks display .,B1
"Go ahead , get it off your chest .",B1
The number of people on his side of the church was much greater than the number on hers .,B1
James fell and scratched his elbow .,B1
The babysitter gave him some grape juice .,B1
Humidity causes my hair to curl .,B1
The dying woman was surrounded by her children .,B1
There will be more options for you to choose from if you are open-minded .,B1
Can you believe what Ishihara said about how all foreigners were to blame for crime in Tokyo ?,B1
The younger boys were working as hard as the older men .,B1
"If I tried and failed , would you be disappointed in me ?",B1
Paul was good at making mashed potatoes .,B1
You are too old to wear leather pants .,B1
She grabbed her son so as to stop him from falling .,B1
Is there enough money to order a pizza ?,B1
Do you know anything about the Bosnian War ?,B1
We had just finished the test when the bell rang .,B1
My father told me to put my money in a bank .,B1
We must find something that will cause him to change his mind .,B1
My friend had a brass bed .,B1
Get your elbows off the table .,B1
The neighbors shoveling snow together became friends .,B1
The hockey teams whom he follows are mainly from the Western Division .,B1
Don Cherry is a hockey commentator .,B1
Gemma got free potatoes from her neighbors .,B1
I did n't see anything suspicious .,B1
It is far enough from the house to the ocean so we wo n't be affected by a tsunami .,B1
"If you had seen me last night , you would not have believed your eyes .",B1
Her computer would not allow us to access her files without a password .,B1
She is the program administrator so ask her .,B1
Mohammed Ali was a famous boxer .,B1
Shall I invite your colleagues to Sandra 's farewell party ?,B1
I wish I had done more shopping while I was in Europe but the euro was too strong .,B1
What is the best thing you have ever done ?,B1
I wish he was not in charge of the school .,B1
Tomorrow we will wish we had not drunk so much .,B1
"Students write messages at temples , praying for a chance to pass exams .",B1
They have given us a chance to do it again .,B1
I know a girl who is smart and funny .,B1
Wayne Gretzky was one of the best hockey players of all time .,B1
Mrs. Dalloway finds giving parties enjoyable .,B1
His snowmobile fell through the ice .,B1
"No matter what anyone thinks , remember what you think is the right thing to do , and do it .",B1
She was n't sure how to respond to his angry email .,B1
Paul hated changing diapers .,B1
The moon was as bright as a light bulb .,B1
My professor looked like someone I knew in high school but I could n't quite figure out who .,B1
Military personnel wear khaki uniforms in the desert .,B1
My brother asked me to pick up more bananas from the market on my way home .,B1
I wish our school group could go to Tohoku to join in the planting of the new seaside trees .,B1
He likes sticking his nose in other people 's business and gossiping about it .,B1
My aunt was a politician in Virginia .,B1
I do n't know how the four years of my undergraduate studies went by so quickly .,B1
The last fireworks display will be the biggest one .,B1
The Star Wars movies are about worlds where the forces of good and evil do battle .,B1
We used worms on our fishing hooks .,B1
Good generals have exit plans .,B1
Are pencils still made with lead ?,B1
It was there that he crashed his bike .,B1
"While I was away , he finished writing one page of his twelve page essay .",B1
Even shells and beads were sometimes used as money in the distant past .,B1
Not all researchers wear lab coats .,B1
I love the graphics on my new hands - free computer program .,B1
"He told us if we gave him our wallets , we had nothing to fear .",B1
I prefer tea although I do drink coffee sometimes .,B1
"Although I saved a lot of money , I could n't buy one .",B1
Sometimes a mouse is trained to perform in shows .,B1
The nice gentleman went out of his way to give me his umbrella .,B1
Sylvia keeps her grade-point average high so that she can get a scholarship .,B1
Lina likes collecting postcards .,B1
She 's already done the sweeping .,B1
England is famous for its bad weather where it is rarely sunny .,B1
Jamie absolutely hated mushroom .,B1
We saw all our cousins at the funeral .,B1
Jenna is scary when she gets mad .,B1
Do n't show your belly in public .,B1
Hula dancers know how to move their hips .,B1
The construction workers kept the site clean .,B1
The pool was filled with clean water .,B1
Carla suddenly dropped her bags and ran out of the lecture room .,B1
The performers were taught exactly when to start dancing and singing within the play .,B1
I hear music but I do n't know where it 's coming from .,B1
Put the puck in the back of the net .,B1
It was from that point that our group realized that it would be impossible to finish by the deadline .,B1
"Since they won the game , the last goal must have been very rewarding .",B1
"If you keep the laundry too close to the heater , it may burn .",B1
Did you hear Obama 's speech about the new policies for the NSA ?,B1
We talked all night to try to figure out the one thing that would change his mind .,B1
Silicon is a chemical element .,B1
You may change your major if you discuss it with your advisor .,B1
Jess told us she knew where to find the best doctor .,B1
There were so many people against the World Cup being held in Brazil because they thought it would be unsafe .,B1
The dog looks guilty .,B1
The girls were fighting for the right to attend school .,B1
The new zookeeper was surprised to see a new baby elephant .,B1
Speaking your own mind can be as important as listening .,B1
Their smiles seemed forced .,B1
She needs new paint brushes for painting .,B1
I knew exactly what this group of boys was up to .,B1
The work would have been easier if you had been here to help me .,B1
She put her feet in the bathtub .,B1
I called but you were busy and I did n't want to interrupt .,B1
"If we went to that beach , could we park for free ?",B1
Lana found a poisonous mushroom in the forest .,B1
Liam got new shoes before the party .,B1
James is so organized that he 's never handed in late homework .,B1
I like seeing police boxes in my neighborhood .,B1
I want to get involved but there are so many clubs to choose from .,B1
We hiked to an area where there was fresh water .,B1
You must use these herbs to season the chicken .,B1
He is a poor college student and needs money badly .,B1
Neither his older sister nor his younger sister has a job .,B1
He went to Greece but I do n't know what he 's doing .,B1
The men are having fruit with their dinner .,B1
Do you know who your government representative is ?,B1
I write for those who cannot speak for themselves .,B1
It is good to be friends with Andrea again .,B1
"All the bicycles in front of the station had been locked , so they were removed using tools .",B1
He likes reading but because of his bad eyesight he cannot read for very long .,B1
The hamster was afraid so it bit my finger with its little teeth .,B1
It was a world where people lived underground .,B1
"When I dropped off my backpack in the locker room , I thought I saw yours in there too .",B1
I wish we could go away and not come back until the trial was over and he was put in prison .,B1
My father showed me how to get my passport renewed .,B1
Ben seemed talkative but he 's usually rather quiet .,B1
My parent 's rules do n't allow me to watch much TV .,B1
"Your new kitchen table looks just like ours , except for the color .",B1
I need to check the baby 's temperature .,B1
Who won the NBA championship ?,B1
I got my cat a collar with bells .,B1
What we have to do is to change this setting .,B1
Grandfather 's eyebrows are turning white .,B1
Passengers are required to wear seatbelts .,B1
No parent likes to see their child suffering .,B1
The dogs got tired from running at the park this afternoon .,B1
I may need to use the restroom soon .,B1
I 'm glad my roommate enjoyed her birthday party last night but it was a very noisy one .,B1
"If it crashes again , call the computer technician .",B1
"If you were a musician , what instrument would you play ?",B1
"If we were musicians , wow ... would n't that be great ?",B1
I could hear the monks chanting .,B1
They passed many houses along the way .,B1
She added a tablespoon of lemon juice .,B1
They looked for a way to escape .,B1
Moby Dick was the name of a whale .,B1
The government announced that the people who were responsible would be found and punished .,B1
I used to write for the local paper .,B1
Please help me to make sense of this terrible news .,B1
I went upstairs while my boyfriend argued with his little brother about which team would win the World Cup .,B1
Typing quickly is something I 've become very good at .,B1
Exercising more will help you to lose weight .,B1
"If I had found an answer , we could have been saved .",B1
He must have misunderstood my instructions .,B1
Samuel found the city of London quite exciting .,B1
"Before your father goes in to get his surgery , you should go talk to him and give him comfort .",B1
It 's hard to find furniture made of wood .,B1
"If she went into the water , we would see her footprints .",B1
Dan loves to travel internationally .,B1
Some children think their mothers are personal maids .,B1
I did n't mean to cause such a huge misunderstanding .,B1
The climate here is very different from that of Sweden .,B1
Fresh fish with lemon butter is my favorite dish .,B1
Liz was never taught when to stop playing .,B1
"A duck 's foot is yellow , or orange , or sometimes almost brown .",B1
The boys quietly walked past their parents who were already asleep .,B1
They have given their approval .,B1
Kevin and Beth arrived a couple minutes before the concert .,B1
Dad never gives us permission to go to rock concerts .,B1
The puck flew into the crowd .,B1
The crowd roared when he scored a goal .,B1
He was charged with making a false report .,B1
Mrs. Warner 's youngest daughter is always running around and is the most energetic one .,B1
Vicky always wanted a turtle .,B1
This leaf has some holes in it .,B1
The path ended at the place where the river began .,B1
She jogs at sunrise on most days .,B1
Do n't feed the geese at the park .,B1
This is called pink gold .,B1
It 's important to know when to negotiate and when to walk away from a deal .,B1
The woman waiting in line in front of me began to shout when the clerks turned off the lights .,B1
"Have fun sometimes , or you will get stressed .",B1
The moonlight made the countryside shadowy .,B1
Eventually they all got what they wanted : Harry married Ginny and Hermione married Ron .,B1
I fought hard for my position in the debate .,B1
You should pull hard to ring the bell .,B1
Some students share USB drives but I do n't like to share mine .,B1
I wish NTT would stop calling me at night to try to sell me a new Internet plan .,B1
Robert will get his nephew a birthday present .,B1
That is made from goat meat .,B1
When the doorbell rang I hurried to the door because I knew the book I ordered had finally arrived .,B1
These cucumbers are emerald green .,B1
It was the moment when he left .,B1
The big mess in the living room is the children's .,B1
A reusable rocket has been built by Elon Musk .,B1
Skater culture is popular right now .,B1
My three - year- old daughter falls on the floor and cries if she does n't get what she wants .,B1
It was on this spot where my husband proposed to me .,B1
The wind took the plastic bag high up in the air .,B1
The news of his death brought the meeting to a halt .,B1
The hawk flew down and grabbed a snake .,B1
He 's so pale that he looks sick .,B1
I 'll spread my cloak on the grass for us .,B1
That seems like a harsh punishment .,B1
The court has n't decided the punishment yet .,B1
Architects competed for the Olympic Stadium design .,B1
Let 's get mom a bracelet for her birthday .,B1
"If he tried to stop suddenly , the brakes might lock .",B1
"That looks a lot like ours , but it ca n't be because I left ours at home .",B1
He knows best when to plant each kind of flower and vegetable .,B1
There is a big difference between what is happening now and what they see as the next steps in what should be happening now .,B1
"If you knew he was lying , would you tell his wife ?",B1
There is no need to get so upset about the situation .,B1
My father cleaned the fish when we came home .,B1
The medicine kept Walter alive .,B1
He said he would think over the proposal because he still had to consider other factors concerning it .,B1
The beaches are crowded on sunny days .,B1
We had practice at the rink every morning .,B1
Would you rather meet for lunch at your place or mine ?,B1
The programmer sat surrounded by computers .,B1
He crawled out of his bed .,B1
It is difficult to describe what we have seen .,B1
I have been writing sentences for millions of years .,B1
It is something which people should take seriously .,B1
He forgot to walk the dog last night so now there is a big mess to clean .,B1
"If it were n't so important , she would not keep reminding you to work on it .",B1
Alligator meat tastes like chicken .,B1
I always injure myself during basketball season .,B1
He broke all the current speed records .,B1
You can not always depend on others .,B1
He went on talking the entire night .,B1
"If it 's late when you come by , please knock quietly .",B1
Nowadays cashiers can just scan products .,B1
The man whom he had met as a child turned out later to be his real father .,B1
I did n't know why he was so picky about our date tonight until I realized it was our wedding anniversary .,B1
He lied in order to get selected .,B1
He was our only child before the twins came along .,B1
One thing that I 've learned is to stay fit .,B1
A Streetcar named Desire is a famous movie .,B1
He picked pears to give to his friends .,B1
Bill does n't ever bet any money though he goes to the horseraces very often .,B2
Shall we include diagrams in our sociology presentation ?,B2
Someone who is assertive is neither passive nor aggressive .,B2
The students celebrating the Japanese Women's Team win stayed up late into the night but cleaned up their mess before they left .,B2
Police have not yet identified the floating girl found yesterday but she is believed to be in her late teens .,B2
It might be better if we took mine --- it 's got air conditioning and gets better gas mileage .,B2
The soldiers bought themselves many rounds of imported beer after the war was over .,B2
This system allows us to monitor all in-coming and out-going payments .,B2
"The children sat barefooted on the floor of the temple , waiting for food .",B2
The little boy spilled ice cream on his sneakers .,B2
It 's nice to see more interracial couples who are accepting of our differences .,B2
November is grow-a- moustache month .,B2
"Because it is complicated , I 'll be happy to help you through the new registration process .",B2
The crease in his newly ironed pants was as sharp as a razor 's edge .,B2
Nothing you do or say will ever stop Sally from chasing her dream of becoming a veterinarian .,B2
Amanda 's costume was almost identical to that of Tasha's .,B2
Sometimes people become irrational when they are emotional .,B2
"Following the collapse of highways in Kobe after the earthquake , standards changed for new roads that were built .",B2
Pain relievers will help you to get rid of that headache .,B2
Only use qualified electricians .,B2
You might improve your biology grades if you study more frequently .,B2
I avoid seeing my friends from high school because they are immature .,B2
The bike suddenly pulled out into the road .,B2
"For those with money to invest , stocks are one option .",B2
It 's unusual to see a butler nowadays .,B2
The handicapped boys were mainstreamed into regular classes .,B2
"He 'd been gone for nearly a year , but she still kept his clothes hanging neatly in the closet .",B2
A priest performs religious duties .,B2
The leash keeps the dog from running away .,B2
The man sitting across the room looked oddly familiar .,B2
The judge called for order in the courtroom after the outburst .,B2
"What I said was that I did n't believe in all the hype about global warming , not that I did n't believe in climate change .",B2
Crimson is a combination of red and purple .,B2
Writing down what I eat takes the pleasure out of eating .,B2
A strange odor was coming out of the apartment upstairs .,B2
John was herding his sheep .,B2
Saturn is a ringed planet .,B2
Cindy keeps her hair blond because she 's idolized Marilyn Monroe since she was a girl .,B2
These people whom you oppose are very powerful .,B2
I ca n't believe I got dragged along on a blind date .,B2
The wizard whom he lost was his godfather .,B2
She has a convertible BMW .,B2
The women were rowing as hard as the men .,B2
They should fire that awful accountant .,B2
What we really need to do is to figure out the priorities first .,B2
His favorite cartoonist is Gary Larsen .,B2
I 'm happy to provide you with more information on the blueprint for the new infrastructure .,B2
He found what he believed was gold but was only pyrite .,B2
Anyone who tries to swim the English channel will find the water very cold and quite choppy .,B2
We have to figure out what to do about the power until the generator is fixed .,B2
Thinking about the impossible will keep you agitated .,B2
The woman whom some claimed to be the missing daughter of the Czar was proved to be a fraud .,B2
The sudden bright sun in December made the ice on the pond dazzling to the eye .,B2
It 's nice of Mark to be so appreciative .,B2
He puts Jamaican jerk on his meat .,B2
He told me I could get extra credits in college if I took summer classes but I did n't want to stay in the States during summer vacation .,B2
"My grandfather has no teeth , so he wears dentures .",B2
"If you contact your professor beforehand , you might be able to get an extension on your paper .",B2
Helen never walks late at night ever since her friend was robbed .,B2
The baby whose lungs were underdeveloped spent several weeks in the hospital .,B2
Jamie really liked Felicia 's floral blouse .,B2
This private matter was nothing to concern yourselves with .,B2
"Although Ian is only 10 years old , his artwork is so refined and unique that it is almost better than that of professional artists .",B2
I watched the professor while she frantically looking for our exams .,B2
There must be a reexamination if the majority of the students scored less than 40 % on the test .,B2
The actors whom the press often hounds are paying a high price for their fame .,B2
Every good cook knows how to combine flavors to create delicious meals .,B2
People whose lives were changed by the tsunami were interviewed by NHK .,B2
Nothing has grown in our garden since we spread very powerful pesticide .,B2
Richard felt like he was annoying Jess with all the attention he was giving her .,B2
My friend thought her essay was graded so unfairly that she went to negotiate for a better grade .,B2
I am impatient in heavy traffic .,B2
Most of what I learned in algebra I never used .,B2
Ben is not interested in doing business with us so we must stop pestering him .,B2
The man is too aggressive and dangerous to interact with .,B2
This runny nose is making me miserable .,B2
She was n't able to communicate to anyone at the conference because she could n't speak any English .,B2
A woman whose pastime is dance might have trouble earning a living unless she is very skilled .,B2
"The students took the elevator to the basement , where the professor conducted all of his experiments .",B2
"Unfortunately , she is a parent whose rules must be enforced through guilt and manipulation instead of reason and trust .",B2
Hold your nostrils closed before you dive in .,B2
Are there a lot more companies not doing animal testing these days ?,B2
My renewed application was denied .,B2
Victoria was very good at changing Billy 's diaper .,B2
The wild horses came from ship wrecks .,B2
They raced their motorcycles through a dangerous intersection .,B2
Please pick up all these things that are scattered all over the floor .,B2
People whose voices are deep and sonorous often get radio and movie voice work .,B2
She 'll be furious if she finds out .,B2
Mrs. Walters stood with her hands on her hips and a stern look on her face .,B2
His watch was broken ; he had no way to judge if he could arrive on time .,B2
Every store in Japan seemed to have wonderful lighting and decorations .,B2
Three Russian diplomats were expelled from the U.S.,B2
People asking about their missing loved ones looked so desperate .,B2
She had her stomach stapled to lose weight .,B2
"If I were an engineer , I would look for a chemical safer than water to use for geothermal energy production .",B2
You should do that late at night so you do n't irritate people .,B2
Peter 's vest made him look elegant .,B2
Japan must be a very strong nation to have become a leading economic force in so few years .,B2
There have been many opposition groups against Hitler 's ideology for decades now .,B2
Sally likes to wiggle her loose tooth to make the younger children laugh .,B2
Titanium is commonly found in the earth 's crust .,B2
I tried to do my homework but was distracted by my neighbor 's loud television .,B2
My older brother drives a rebuilt car .,B2
They were able to track the astronauts ' return and quickly get to the area where they landed .,B2
"One of the first and most famous libraries was built in Alexandria , Egypt around the time of Ptolemy .",C1
"Although I had a three day weekend , I did n't get much done because I procrastinated most of the time .",C1
Obokata 's research has been questioned since other researchers were unable to duplicate her method for creating STAP cells .,C1
Do you think that Carl will be the valedictorian of the class of 2017 ?,C1
There is more than one way to make a great lasagna .,C1
Do you need something to eat ?,A1
I have two fish in a bowl .,A1
She wanted the grey coat .,A1
I sent my girlfriend red roses .,A1
She needs to use your phone .,A1
Do you have a car ?,A1
Sometimes I sleep until noon .,A1
A monkey climbed on my shoulders .,A1
It 's 10 p. m.,A1
My grandmother is a scientist .,A1
How do I get to the airport ?,A1
He ca n't find his .,A1
We went by metro .,A1
We have so many good things to eat for dinner .,A1
You should stay with your sister .,A1
May I join you ?,A1
Does he have a wife ?,A1
He painted the house next to ours .,A1
Barack Obama was a great president .,A1
Roy did n't like his girlfriend 's meals .,A1
There will be very angry people .,A1
Shall I go now ?,A1
Skiing is a winter sport .,A1
He gave her a loving look .,A1
I want to sleep .,A1
Did you lose yours ?,A1
Lots of sports have a goalie .,A1
Foxes often live in forests .,A1
No one brought drinks .,A1
I like your sister .,A1
She may leave early .,A1
What do you want to do next year ?,A1
Americans love eating beef .,A1
My aunt and my mother are good friends .,A1
Let 's go to Hawaii in January .,A2
I am trying to find the owner of this cat --- it is yours ?,A2
A lot of skiers go to Niigata .,A2
I do n't have a favorite actress .,A2
These plants need some sunshine .,A2
Roberta and I baked a pie made from fruit .,A2
Are there no houses for sale right now ?,A2
The British are coming !,A2
Give me a minute .,A2
I 'll be there in about twenty minutes .,A2
Here is the area where the computer was .,A2
The BBQ was incomplete without sausages .,A2
Is it well built ?,A2
Are your hands cold ?,A2
I 've been sitting in front of this computer for too many hours .,A2
If only I had seen the light !,A2
The Americans are training the Iraqi military .,A2
Cashew trees produce cashew nuts .,A2
He may want a better salary .,A2
I do n't know what to do about this problem .,A2
I was told that I was a very hard worker .,A2
This will look nice with your black pants .,A2
It 's always crowded on Friday nights .,A2
We 'll lend you what we have .,A2
Carl brought a big melon as a gift .,A2
The man whom I called was not in .,A2
"If they found out , I 'd lose my job .",A2
The ring did not fit .,A2
My phone is dead ; may I use yours ?,A2
I knew he could graduate from high school .,A2
Do you have any money to contribute to the new program ?,A2
Your letter has come .,A2
Please do n't cause a scene .,A2
Your hair is as long as mine .,A2
"In some cultures , people do not remove their shoes at home .",A2
I do n't want anyone to hear us .,A2
I need to buy a phone .,A2
You may start the test .,A2
Hana loved lemon flavored candy .,A2
Please get some cat food at the store .,A2
I fight for my country .,A2
I burned my finger .,A2
Katsue 's son is an accountant for Toyota .,A2
"Before you cross the road , look out for cars .",A2
I would be happy if they were here .,A2
It 's good of you to visit your sick grandmother .,A2
They had never seen snow before .,A2
Fewer homes are built of wood .,A2
"I 'm not confused , I 'm upset !",A2
Can I have a nickel ?,A2
You may go out to meet your friends .,A2
Is that the same spot where I found the other earring ?,A2
I arrived at school before my sister .,A2
My son is a volleyball player .,A2
The president lent them his support .,A2
I wish we could have saved those papers for recycling .,A2
There are very few customers today .,A2
I saved Walter some cookies .,A2
Monsoon season in Asia starts in May .,A2
Onions have a strong smell .,A2
Where are my golf balls ?,A2
Mother sends you her love .,A2
I wish she would stop singing .,A2
My bike was stolen !,A2
That smiling girl is my friend .,A2
Be as quiet as possible .,A2
I will continue to fight for my rights .,A2
I went whale watching this summer .,A2
Kiyoko missed eating rice during her trip .,A2
"Victoria tried out the new , popular tomato diet .",A2
Amy was always wearing her brother 's sweater .,A2
She never wears earrings .,A2
"If he tried to run to the train , he would often get caught in the doors .",A2
Those are toilet slippers .,A2
Is it the area where you lost it ?,A2
The teacher 's arrival ended the conversation between Ben and Alisa .,A2
Tell me what you see .,A2
Has it already been repaired ?,A2
Who took the last slice of chocolate cake that I was saving ?,A2
I know what to do next .,A2
I know how to get to Shibuya .,A2
That woman standing on the stage is very smart and successful .,A2
The dog named Killer is his .,A2
You need a fishing license to fish here .,A2
There is a very smart student in my class .,A2
The movie is Hitchcock 's .,A2
"If he had been married , it 'd be okay .",A2
Here is a list of things to buy .,A2
"If I were you , I would buy a lovely present for my wife .",A2
Has he ever said he was sorry ?,A2
Diego cooked his girlfriend paella .,A2
Are there any errors ?,A2
She looks as young as her daughter !,A2
I love French wines .,A2
I do n't need you to tell me what to do .,A2
He knows when to catch the bus .,A2
Ian was n't allowed to have snack today .,A2
I knew all of them very well since middle school .,A2
How did you get hurt ?,A2
The fallen tree hit the house .,A2
There were six men in the room .,A2
Be home before sunset .,A2
My sister 's birthday is in December .,A2
Is the store closed ?,A2
Have you ever been alone in a new country ?,A2
Either finish now or do it tonight instead of going to the movie .,A2
We 've come here for a holiday .,A2
Tourists often like to eat sushi in Tsukiji .,A2
John was so excited he opened his presents very quickly .,A2
Any person can come in .,A2
What would you do if she knew you were her real father ?,A2
Could you show me how to use this ATM machine ?,A2
It 's unusual to see a yellow car .,A2
The people reported missing have been found .,A2
You must not fall asleep .,A2
Mr. Jackson 's office is big and it 's very easy to find .,A2
I 'll see you on Monday .,A2
There were beautiful flowers in every room of the hospital .,A2
My daddy has gone to heaven .,A2
It was good to visit my parents .,A2
I went to the new dentist to have my teeth fixed .,A2
John tried to catch the chicken .,A2
I ca n't talk while I 'm reading .,A2
Do you like fried chicken ?,A2
It was made in Japan .,A2
They have n't left yet .,A2
Have you seen my brown belt ?,A2
My mother likes fishing .,A2
Emma wanted a pink car .,A2
It was designed by an artist .,A2
He wanted some of it .,A2
"If he were here now , he would be so proud of you .",A2
Whose wife is that ?,A2
The phone kept ringing .,A2
No birds live in that forest .,A2
Are your boots made from leather ?,A2
Please remember to bring some money .,A2
I am not very interested in him either .,A2
Most high school have a baseball team .,A2
Would you please ask your wife to make some of her special sauce for the party ?,A2
"If it was new , I 'd buy it .",A2
Do you think that Adam will be able to walk again ?,A2
Its batteries have died .,A2
There was a woman singing this morning .,A2
I threw the ball across the gym .,B1
She had to provide some proof that she actually worked at the financial firm in 2012 .,B1
Lucy saves Linda all of her old sweaters and skirts .,B1
Lucy cleaned up the chemistry equipment .,B1
She painted for two years and finally she finished her masterpiece .,B1
Emily looked delighted when her mother brought doughnuts .,B1
"If it was n't a question of time , I would be finished by now .",B1
Go as quickly as you can !,B1
I wish I had not seen what that man did .,B1
The toast was burned to black .,B1
Jimmy eventually learned when to ask his mother for money .,B1
Anna was standing between her two sisters .,B1
In Asia rice is a primary food for most people .,B1
I love watching lightning storms .,B1
It is funny to see a dog chased by a cat .,B1
"If it were not for the heavy snow , I 'd gladly go with you .",B1
You may bring up to three guests to the event .,B1
You must be tired from your long week and heavy workload .,B1
"If they were in Hawaii , they would feel much more relaxed .",B1
"If you lived in Hawaii , you 'd need a lot of sunscreen .",B1
The president arrived to the conference late .,B1
Do the boys know what they are doing for Mother 's Day ?,B1
Jack 's mother told him what to buy for his camping trip .,B1
Jack sent his parents two suitcases full of clothes before coming home from university with another suitcase .,B1
Ben started chasing the turkey .,B1
Buying an eBook is as expensive as buying a real book .,B1
There is a direct link between what you eat and how you feel .,B1
The apple had rolled off the table .,B1
Several volunteers jumped into the water to try to save the drowning man .,B1
He got punched right in the nose !,B1
A red maple leaf can be found on the Canadian flag .,B1
I left my wallet in my other pants .,B1
He knew he had to do extra work for extra points .,B1
I have n't seen either of them recently .,B1
I tried to stop the car but the road was wet .,B1
The assignment is impossible to finish because it 's so time - consuming .,B1
I found it difficult to write the essay in less than a week .,B1
They all thought Lily disliked everyone because she was so unfriendly .,B1
Businessmen do n't take their cellphones to China anymore .,B1
Please call the plumber today .,B1
Amelia Earhart was one of the first women pilots .,B1
"If they were on sale , I would buy more than one .",B1
You must stay here and wait for your parents to come .,B1
Steel is strong but heavy .,B1
He bought his father an antique plate .,B1
I work as a 911 emergency operator .,B1
I do n't think that he will be able to make it through this winter .,B1
The bus stop was crowded with tired people .,B1
His wife bakes delicious pies and cakes .,B1
Thirty years ago there were only a hundred students at her college .,B1
The North Koreans have been making threats for as long as I can remember .,B1
Larry claims he saw an eagle .,B1
Jim was surprised but glad to see his middle school friend at his new college .,B1
She put lip balm on her dry lips .,B1
Lisa was so upset that she could n't attend class .,B1
The dry weather keeps the fields barren .,B1
It was that experience that caused John to change his major from film to mathematics .,B1
He is documenting his journey with photos .,B1
Each photo captures a moment when something amazing happened .,B1
The people coming to work today looked tired .,B1
My vegetarian friend enjoys eating vegetarian hamburgers .,B1
He is so anxious all the time .,B1
Some people who live in busy cities often prefer doing exciting activities during the weekend .,B1
"If I had known how she felt , I would have talked with her a long time ago .",B1
Casual khaki colored pants are called khakis .,B1
Not all of my friends are reliable .,B1
He rarely speaks in Spanish class .,B1
You need to wear a blazer to dinner .,B1
William finds literature fascinating .,B1
The students hoped to raise money for their team .,B1
The bride wore a simple dress .,B1
Cashiers must stand on their feet all day .,B1
"If you went outside now , you 'd freeze .",B1
The spider and its web could be seen from the window .,B1
The law does not allow us to make those kinds of deals anymore .,B1
My sister asked me to come to Florida to help her when her sick husband dies .,B1
The man took several hostages whom he killed .,B1
"I keep thinking that if I had only called her sooner , she might still be alive .",B1
We are looking for a good place to go on vacation .,B1
The waiter spilled my soup .,B1
Why is cardboard usually brown ?,B1
She kept in touch with all of her friends during the holiday so she always knew what everyone was up to .,B1
There was a shopping bag next to the door .,B1
I asked the bus driver to tell me when to get off .,B1
"When the parade reached the end of its route , the people began to shout .",B1
People drove fast on the winding mountain roads .,B1
"After soccer practice , my leg suddenly started hurting .",B1
Always hold his hand when you walk with your little brother .,B1
We hope to meet at Whistler and go skiing together .,B1
I tried hard to get onto the baseball team .,B1
I wish those politicians were better at making laws .,B1
It was a terrible period in history .,B1
No one was able to eat their dinners knowing the girls were lost outside in the cold .,B1
Burlap clothes are usually brown .,B1
Is your shirt made from burlap ?,B1
His grades are not as high as they once were .,B1
I 'm throwing out all these useless things .,B1
I painted the walls an ivory color .,B1
She may be having a welcome party for her step sister .,B1
The teacher was calm and knew exactly what to do when the upset parent called him on the phone .,B1
"If I had known her , I 'd tell you .",B1
The government allows some people to apply for work permits .,B1
Several officials met to discuss the policy .,B1
Let 's stop at the bank on the way because I have money to deposit .,B1
My doctor often tells me to balance work and play .,B1
"If they tried to steal it , they 'd be caught on camera .",B1
There 's an 80 % chance that she might be having twins .,B1
You may need to adjust your schedule so you can find a balance between academics and leisure time .,B1
She was trying to kill a mosquito .,B1
She clenches her teeth when she is furious .,B1
Let 's walk down the fishing pier .,B1
Have you seen the new art exhibit ?,B1
She could never cook pancakes properly .,B1
I have been called by reporters all day .,B1
June weddings are popular there .,B1
Have you heard about the South African apartheid ?,B1
"See a doctor , or the infection may get worse .",B1
There were no more than ten students left in the library .,B1
The policeman gave me a speeding ticket .,B1
The buildings were painted silver to resemble metal .,B1
They could not see their way along the road because it was dark .,B1
He is not focused on his studies either .,B1
They had cats and dogs as well as birds and turtles .,B1
This restaurant requires a coat and tie .,B1
Was there a problem between the school and your family in the past ?,B1
Cold weather makes me tense .,B1
"I have to get back to work by one thirty this time , or I will lose my job .",B1
I 'm used to long commute so it is not a problem for me to travel across the city .,B1
Charlie Brown has a friend called Pig Pen .,B1
I love it when babies giggle .,B1
I do n't know why everyone looked surprised when they knew they would get caught .,B1
At one time only kings wore purple .,B1
You may write a research paper instead of taking the final exam .,B1
The nurse brought me more painkillers .,B1
Mother looked unhappy and had her arms folded across her chest .,B1
The mother tried to quiet the crying boys .,B1
Both of my friends will be studying abroad next year so I am a little sad .,B1
We have several things for the committee to consider .,B1
The charming boy had a lot of friends .,B1
I wish I could find a career that would let me work with animals .,B1
She does n't have enough money to spend on travel .,B1
They 've gotten along so much better since his mother died .,B1
Do you know what to do in an emergency ?,B1
He learned exactly what to do when there is an earthquake .,B1
"I might have gone with them , but they did n't invite me .",B1
It was built to last a long time .,B1
Do you mind getting the car started while I go get the kids ?,B1
Those girls dancing over there had practiced their routine for a week and later won an award .,B1
She 's bringing bread from the market .,B1
His car goes a lot faster than mine .,B1
Neither my parents nor the school is happy with me .,B1
Pass first and then shoot the ball .,B1
His is the black one hanging over there .,B1
He has been the ambassador to China for several years .,B1
The dog remained outside the room where his master slept .,B1
"A large , furry animal ran right past me but I do n't know what it was .",B1
The man charged with stealing was later released .,B1
The movie was about two FBI investigators .,B1
No one tried to help the drowning man .,B1
They took a nice evening stroll through the park .,B1
It was a quiet day at the park .,B1
They are going to the father - daughter dance .,B1
When she saw her father at the airport she suddenly cried and ran towards him .,B1
None of the people interviewed for the job were hired .,B1
The math problem left him astonished .,B1
We asked our parents where to meet them after the concert .,B1
The woman whose parents died in the car accident was interviewed on the news .,B1
Her hair fell out when she had cancer .,B1
The bus schedule changes in the evenings .,B1
There have been nearly a hundred cases of kidnapping in the past six months .,B1
She stopped thinking about the past so as not to make herself upset .,B1
I 'll meet you at the hockey rink .,B1
We gave father a tie for his birthday .,B1
He refrained from telling her how to do her job because he knew it would cause conflict .,B1
There will be a full course dinner at Amanda 's birthday party .,B1
He is always asking for money to pay his bills .,B1
The only way to solve this is to have everyone come together to talk .,B1
I 'm interested in why some people experience joy and others do n't .,B1
The author told us why the story ended the way it did .,B1
It 's a good chance to meet a few celebrities .,B1
Some people dream of having things that are not theirs .,B1
It was something which appeared to be safe at the time .,B1
"I wanted to know where it was , but I could n't get an answer .",B1
The spider bite got infected .,B1
She smelled her mother cooking smoked salmon .,B1
She smelled like peaches .,B1
There was a wind howling all through the night and the next day .,B1
He was elected at a time when people were tired of war .,B1
The protestors shouting outside woke me this morning .,B1
"During the depression , many people were willing to work almost any job in order to earn money .",B1
What you read in the newspapers is not always accurate .,B1
It was a beautiful multi-colored cloak .,B1
It 's time to write to your parents to see how they 're doing .,B1
I do n't know whether she will live or die .,B1
The people standing in line were quiet .,B1
They got together to pray and wish the rains would stop flooding the river and drowning the crops .,B1
Do n't run around with the fork ! Mom yelled .,B1
She promised to come to my wedding if I promised to go to hers .,B1
She must come from a very different cultural background from ours .,B1
She was eagerly waiting for the tooth fairy .,B1
Dogs love belly rubs .,B1
I do n't mind getting more food .,B1
There is nothing left to say about this situation,B1
This permit will allow us to serve food and drinks in the festival .,B1
They usually go swimming in the river nearby .,B1
"Yes , you can find sneakers upstairs in the shoe department .",B1
They would have laughed If they had known .,B1
Hockey players must be good ice skaters .,B1
None of the people running for the last train were able to board .,B1
She has given it a lot of thought .,B1
"Although she 's still very young , she 's very talented .",B1
"If he was just a few years older , he would be able to marry without permission .",B1
Do you have a spot where you want me to put all these books ?,B1
Are those your hockey sticks ?,B1
My mother loves antique furniture .,B1
His coworkers were very frustrated with him because he turned up late to the meeting .,B1
Be careful of snakes when you rock climb .,B1
Not all of the students in my art class can draw .,B1
All of the women in the room were dressed nicely .,B1
We have not had a chance to sit and talk in a long time .,B1
The monkeys were swinging from the trees .,B1
"Once the project was finished , there was nothing more to do .",B1
You must not deceive people just to satisfy your goals .,B1
I walked through the slush in my boots .,B1
I traveled around Italy before I went to my aunt 's place in Southern France .,B1
A traffic accident prevented us from taking the highway .,B1
He was too ashamed to speak .,B1
The twins liked wearing the same pajamas .,B1
Tim loved putting butter on his corn .,B1
I feel it necessary to do exercises .,B1
Strong - willed girls often grow up to be very successful women .,B1
The children sat ignored for several hours .,B1
The coach wanted to get more information about the opposing team .,B1
"No matter how quietly I come in , he always wakes .",B1
"Mice are very afraid of cats , but cats are very afraid of dogs .",B1
"If we had gone to class today , we would not have so much more work to do .",B1
They were the women whose lives were lost .,B1
Most American judges were once lawyers .,B1
His wife is a lawyer at a big law firm just like him .,B1
He needs to call his parents .,B1
I thought I had my own keys but picked up John 's by mistake .,B1
I do n't like hip-hugger pants .,B1
The make- believe house where Anne of Green Gables lived is very famous .,B1
Many people recognize the house where Hagrid took Harry Potter to live after his parents were killed .,B1
My dog ran across the room when he heard me open the door .,B1
Cobalt is a chemical element .,B1
John was nice to get to know .,B1
John had brought along his friends from college back home .,B1
"Before Amanda leaves , give her an apple .",B1
I wish I had more time to read .,B1
His mother is always complaining loudly about something .,B1
My complaining son annoyed me this morning .,B1
Her skirt did not cover her knees .,B1
Please tell me whether Mr. Williams is considering investing in our company so I know whether or not I should put in the effort to persuade him further .,B1
The noise caused me to jump .,B1
The meeting was called to discuss why campus crimes have risen .,B1
Their wedding rings were made of white gold .,B1
We might be able to make it on time .,B1
I would be very surprised if he brought me flowers because he does n't care that I am angry .,B1
Many professional teams have several coaches .,B1
The sky streaked with lightening was beautiful .,B1
The eagle landed on a big rock .,B1
"That 's very nice of you to say , but your compliments are making me blush !",B1
He is pleased to have been finally accepted .,B1
No one liked how the sky looked because clearly it was going to start raining any minute .,B1
It will soon be a day or two before you 're flying off to London for your study abroad program .,B1
I wish those men would stop staring at me .,B1
He may want to bring his little sister .,B1
"If I had seen where you put it , I 'd tell you .",B1
There was too much pepper in her food .,B1
Young children are very fond of coloring pictures with crayons in coloring books .,B1
The windows and walls were covered with brightly colored art from the children .,B1
She is the woman whose cigarettes were found at the crime scene .,B1
These drugs may affect your balance .,B1
Well this is really very nice of you to send me such beautiful flowers .,B1
"If I had been awake , I would have heard the phone ring .",B1
There is nothing more to the story than what I have already told you .,B1
Since those shoes belong to Timmy so you must give them back .,B1
Sandstone is made of sand .,B1
I ironed a ton of shirts last night .,B1
Shall I order a new pair of tennis shoes for your brother ?,B1
"We will meet better , more intelligent people than the ones back in high school .",B1
Her brother picked up a worm .,B1
That room at the end of the hall is his .,B1
The dog must have been excited because he ran fast .,B1
Timid people are often afraid of others .,B1
"It 's starting to snow , so maybe classes will be canceled tomorrow .",B1
Does the metro require exact change ?,B1
I know what I 'm doing is worthwhile when I see my students successful and happy with their lives .,B1
We should sleep before it gets too late .,B1
That restaurant has delicious crab risotto .,B1
"If they were in an earthquake , the cell phones might not work .",B1
He lost his chance to apply when he showed up late .,B1
They were forced to stop .,B1
All the people who were on the ship died when it sank .,B1
The citizens worked hard after the war to make this country what it is today .,B1
The dog has been sitting around all day so I am worried something is wrong .,B1
An option might be to get a new apartment in Tokyo .,B1
That building is the Pakistani Embassy .,B1
That stunning woman is from Pakistan .,B1
My mother would have told me if she thought there was something I should know .,B1
The crab smelled of the ocean .,B1
Before you leave the house you must always check to see if the door is locked .,B1
The problem was caused by ineffective management .,B1
"If you want to buy a new pair of scissors , you should go to the stationery store .",B1
How would you go about saving their lives ?,B1
She is very good at teaching and she should be given much more credit than she receives .,B1
I always look forward to receiving his funny emails .,B1
It was his jokes that made me laugh so much .,B1
"The argument between Liam and his brother was ridiculous , and they never reached a conclusion .",B1
Perhaps not all of the students were notified about the project .,B1
I 'm afraid she 's not available right now .,B1
Many English words have a Greek origin .,B1
Nothing will ever replace the first dog he ever got .,B1
She 's made a mess .,B1
"If it was rated R , I would not have taken them to see it .",B1
I 'd like to take the lead on this .,B1
Have you been paying attention ?,B1
Bees and ants make more complex shelters than mice .,B1
More women being shunned from higher executive positions are protesting on social media .,B1
He ran without wearing proper shoes .,B1
He went outside in his stocking feet .,B1
Marine biology is the study of sea life .,B1
These days people rarely buy CDs but rather download music online .,B1
She tried almond oil for the first time .,B1
She baked plum cake for the first time .,B1
She always buys the same shampoo and conditioner .,B1
Tom slept past his alarm so he had to rush to school .,B1
I knew bees could sting and I had to be careful around them .,B1
The chair was covered to protect it from dirt .,B1
She gave him money to buy a souvenir .,B1
I wish I knew what to get him for his birthday this year but it seems like he already has everything he wants .,B1
People witnessing the fire on the shinkansen were shocked and afraid and rushed to get out of the car .,B1
I hope to be a nice mother - in- law .,B1
People often like science fiction because it gives them an exciting vision of the future .,B1
They reduced the price of their products to make the customers want to buy them .,B1
"While I was moving boxes , I heard a sudden loud noise and saw a big rip in my jeans .",B1
"I do n't know what his plan is , but I know he 'll figure something out .",B1
"Do n't worry , he knows exactly what he is doing .",B1
Overcast days are better for taking photographs .,B1
I love the taste of certain special kinds of food in the autumn .,B1
She used a spoon for eating the soup .,B1
Her email remains unanswered .,B1
The night gives the stars a place to be seen .,B1
American politics has n't changed --- unless it has gotten worse .,B1
Snapping turtles have a strong bite .,B1
He is a passionate bird watcher .,B1
She has already been named as the class president .,B1
She was named the new Athletics Director .,B1
"If he were my father , I 'd forgive him .",B1
Do you promise to care for her as long as you both shall live ?,B1
The teacher has made some minor changes to the homework so it can be more easily understood .,B1
The students wanted the teacher to assign less homework .,B1
We 've been working on this project for decades .,B1
Our semester begins fairly late compared to other schools .,B1
I could feel the heat coming off him .,B1
Poker is played by groups of people .,B1
I 'd like to take a trip somewhere to see new places and meet new people .,B1
This is why some procedures worked and others didn't .,B1
He corrected what he believed was a mistake .,B1
The girl playing the guitar is very talented .,B1
I am sorry to see you in so much pain .,B1
It is amazing how far the computers have come in development .,B1
It 's rest period now for the children .,B1
It 's time to feed the kids .,B1
She did not like her neighbor across the hall .,B1
She liked school but she disliked the bus .,B1
Her brother joined the Finnish navy .,B1
I brush my teeth three times a day on every day of the week .,B1
The clasp on my necklace was broken .,B1
The little boy put his tooth under the pillow to receive money from the tooth fairy .,B1
The group became alarmed when they heard her scream .,B1
She got elected by a majority vote .,B1
Journalists win Pulitzer Prizes for exceptional work .,B1
The smoke kept most of the mosquitoes away .,B1
"I liked what Obama said about how we need to take care of the young , old and sick in our society .",B1
My aunt 's baby is impossible to soothe .,B1
Look what the children found !,B1
Not all of the people who live in that area need critical financial support .,B1
He always gets very red when he is embarrassed .,B1
His face turns red when he drinks whiskey .,B1
Your younger brother must have anger management problems since he is always getting into trouble .,B1
The biologist sent the lab many plant specimens .,B2
The charity gala was attended by many well - dressed men and women .,B2
The cars were carried along the river with other flood debris .,B2
"In some areas , there were violent thunderstorms while other areas experienced beautiful weather .",B2
There is probably titanium in your eyeglass frames .,B2
People whose jobs require them to travel often can accumulate lots of air miles for free flights .,B2
The security guard stopped the thieves .,B2
Searchers in helicopters combed the mountainside .,B2
Each person must decide who to support in the election .,B2
The fire trucks came after the ambulance .,B2
The sound of the rushing water in the river was soothing .,B2
One way to succeed is to follow your instincts .,B2
I jumped across the puddle to avoid my shoes getting wet .,B2
Her stomach grumbled loudly because she missed lunch .,B2
"The car in front of mine suddenly slowed to a crawl and then stopped , blocking all the bridge traffic .",B2
You must declare your major by the end of your sophomore year .,B2
She pierced her tongue .,B2
There is a pharmacist on the corner .,B2
It is essential to proofread your final essay before turning it in to the professor .,B2
It is a wonderful tourist spot where you can see the dolphins swim along the coast of Australia .,B2
The long dry spell last summer made all of the plants in the gardens parched and brown .,B2
My grieving sister just got herself a very cute dog to keep her company .,B2
She was very thirsty and desperately needed water .,B2
I do n't know who thought it would be a good idea to conduct the experiment today .,B2
He studies regions of the world where Islam flourishes .,B2
We lobbied hard for better education policies but they would not listen to us .,B2
Harvard 's president made controversial remarks about the role of women .,B2
Were there a lot of reptiles at the zoo in Ueno last week ?,B2
My teacher is so talkative that when I ask her a question she always goes off topic .,B2
The man whom we admired turned out to be a liar and a fraud .,B2
There have been many more birds moving into the city since the car pollution law was passed a few years ago .,B2
"Martin Luther King , Jr was an honorable man whose beliefs inspired millions of people and whose death was a tragedy that sparked rioting .",B2
All of the professors got together at the end of the semester to discuss how their classes went and what they could improve on .,B2
"Although there is racism still present in the world , it has gotten significantly better compared to decades ago .",B2
She wrote a nonfiction book about a world where people are starving .,B2
The thing that upsets me the most is that she never realized how much she hurt all those people .,B2
Gandhi was a compassionate man .,B2
My son loves to read travel books and dream about going to exotic places .,B2
You can see the raindrops hitting the leaves .,B2
She looked quite ragged after spending the day at the preschool .,B2
Jamie continued her day without making any more mistakes and went home relieved .,B2
This food has a great deal of unsaturated fat .,B2
All water birds have webbed feet which help them to swim very fast .,B2
The stadium was overcrowded because there were two hundred more people at the charity concert than predicted .,B2
My grandmother 's soup is nice to eat because it not only has all the essential nutrients but also tastes like home .,B2
"When Alisa studied in the cafeteria , she listened to music to drown out the background noise .",B2
He considered it to be just another challenge in life and made sure he did his best to overcome it .,B2
It has been over a year since the radiation levels have shown any changes .,B2
The Japanese government decided to build more buildings that reflected the Japanese culture in order to make Japan more appealing for visiting foreigners .,B2
This humidity has sapped my energy .,B2
The officials announcing the new policy looked like they were ready for inevitable criticism .,B2
I am a researcher in applied corpus linguistics .,B2
Jockeys are generally small in stature .,B2
They were complaining about what they see as a lax attitude by the Japanese government over the issue of abductions .,B2
He is cautious rather than bold .,B2
"The body was found in the field , covered with bruises and mud .",B2
The writing reminded me of scrolls from ancient times .,B2
The victims were rescued by helicopter .,B2
Be prepared for blizzards in winter .,B2
Jane tilted her head in confusion .,B2
Jamie 's mother glared at him across the room when she noticed that he was not paying attention to the speaker .,B2
He needs to know how much the tuition will cost .,B2
The scarf covered her hair and her forehead .,B2
Plumbers often make a lot of money .,B2
"Famous people must be very careful with how they present themselves , like making sure nobody is around when they go out in public .",B2
Sometimes couples are polar opposites and have nothing in common .,B2
No one was successful in effectively using their time .,B2
Mud splashed by our boots made a mess .,B2
Many Titanic passengers drowned .,B2
She wanted to make a difference in the lives of the orphans .,B2
Your father might be deployed to Afghanistan this coming spring .,B2
His books are always sold out and this one is no exception .,B2
"Just to be sure , they check the doused fire several times before they left .",B2
The monkey jumped down from the tree and gave the zookeeper a banana .,B2
"As soon as they heard the loudspeakers , the policemen started to run toward the intersection .",B2
Every hive has worker bees .,B2
Students with disabilities may be just as bright as their peers and it is important that they have opportunities to succeed .,B2
What she finds most amazing is how some foreigners can live here for decades and still not be fluent in the language .,B2
It is approximately a mile from downtown Chicago .,B2
"My grandfather died like he lived , quietly and without fuss .",B2
Only the best sculptures use marble .,B2
The women presented with bonuses were overjoyed .,B2
She fidgeted with her ear .,B2
All the parents were desperate for news .,B2
"The moment when the earthquake hit , the tsunami sirens began to shriek .",B2
"If they were ripe , we could eat them .",B2
I visited a very large house in Spain that had the finest quality furniture in every room .,B2
She knew how to cook rice in multiple ways .,B2
There is a high probability of precipitation .,B2
Baby pigs are called piglets .,B2
"None of the food was vegan , and therefore did n't meet my dietary needs .",B2
He forgot to buy cereal at the store .,B2
The scary movie had many scenes that made me jump .,B2
Dad bought me a sled so I could slide down the snowy hill .,B2
There are multiple ways to get there but it will still be far nonetheless .,B2
The streets flooded from the overnight downpour .,B2
Their misunderstanding towards each other brought distrust into their relationship .,B2
Cyclones are made of spiraling winds .,B2
I 'm annoyed by the construction noise .,B2
I do n't think the world has ever seen such a drastic economic downturn as we have experienced in the last few years .,B2
The minister 's eloquent words left the congregation ecstatic .,C1
Those women are Russian gymnasts .,C1
A lot of disgusting slimy food items were found in the abandoned refrigerator .,C1
Psychiatrists can prescribe medications .,C1
A dermatologist treats skin conditions .,C1
Delpire died in Paris on 26 September 2017 in Paris at the age of 91 .,A1
"Harris died on 9 May 2019 , at the age of 93 .",A1
"Long died on January 15 , 2017 , at the age of 63 .",A1
Matos died on 8 June 2019 .,A1
"Pazos died on 24 May 2019 , at the age of 89 .",A1
"English died on November 16 , 2018 in London at the age of 81 .",A1
Earth is very old .,A1
Lamarck died in Paris in 1829 .,A1
The team 's colors are red and white .,A1
He died on 26 September 2017 in Paris at the age of 91 .,A1
"He died on October 2 , 2005 in New York City , U.S.",A1
"She died on June 9 , 2014 , at the age of 103 .",A1
"Stubing died on 3 July 2017 in Rome , age 76 .",A1
"She died on 12 February 2019 , at the age of 79 .",A1
Pius V died on 1 May 1572 .,A1
"He died on 3 May 2015 , aged 84 , after a long illness .",A1
"He died on 6 January 2015 , aged 82 .",A1
"Burns died on 25 May 2019 , at the age of 99 .",A1
He died on 18 October 2017 .,A1
He died on 4 August 2018 .,A1
He has many works .,A1
"Bopp died on January 6 , 2018 at the age of 68 .",A1
He died on 12 May 2019 at the age of 80 .,A1
He died on 9 May 2019 at the age of 93 .,A1
Rooth died in Sweden on 27 February 1972 .,A1
"Moody died in hospital on 11 June 2015 , aged 91 .",A1
"Winters died on 23 April 2019 , at the age of 80 .",A1
"The DVD was released on October 10 , 2006 .",A1
Wass died on 4 January 2017 in London at the age of 93 .,A1
Wass died on 4 January 2017 at the age of 93 .,A1
"Ryman died on February 8 , 2019 , at the age of 88 .",A1
Alsop died on 12 May 2018 at the age of 70 .,A1
"Thomas died on April 30 , 2016 , at the age of 91 .",A1
"He died , aged 80 , on 22 July 2014 .",A1
"He died , aged 80 on 23 July , 2014 .",A1
Beutel died on 8 May 2019 aged 72 .,A1
"Ballet died on January 2 , 2017 , at the age of 88 .",A1
Ballet died on 2 January 2017 at the age of 88 .,A1
Treacher died in April 2018 at the age of 93 .,A1
Treacher died on 30 April 2018 at the age of 93 .,A1
"Trass died on 14 February 2017 , at the age of 88 .",A1
There are various reasons as to why children do not attend school in Japan .,A2
Australia has often made special 50 - cent coins .,A2
The area was settled in 972 .,A2
The museum also has a small Asian collection .,A2
Fathers and sons who have been featured on the cover,A2
"Caps and goals updated as of June 29 , 2019 .",A2
There have been a number of .,A2
"He was part of the American basketball team , which won the gold medal .",A2
In 1870 the river flooded .,A2
The history of traditional sports is ancient .,A2
It was released as two -part movie on 8 May and 9 May 1980 .,A2
The town has four doctors and one pharmacy .,A2
The main trains used on the line is Class 375 Electrostars .,A2
Rise Up takes place every year from December 28 to January 1 .,A2
"Originally , it was practiced in religion .",A2
"Silenti was struck by a car on 31 October 2014 in Rome , Italy .",A2
Theaters is the number of theaters in which the movie is being shown .,A2
"It begins 4,750 years before the Gregorian calendar .",A2
Bangladesh played their first test match on 10 November 2000 .,A2
"The film was released on VHS in 1989 , and on DVD in 2004 .",A2
Teams begin training camps in September .,A2
He was a candidate for President of Ireland in the October 2011 election .,A2
His first discovery was the asteroid 267 Tirza in 1887 .,A2
The city is divided into two parts by the river Ebro .,A2
There are many different kinds of intelligence tests that use many methods .,A2
The song was released in November 2013 .,A2
The game has now spread around the cricket world .,A2
Their first world tour took place in October 1998 .,A2
It is often used on soil .,A2
Most stars are between 1 billion and 10 billion years old .,A2
The experiment began late July 2009 .,A2
"MacNeil died after a short-illness , aged 86 .",A2
The first settlements date from 1500 BC .,A2
Skis for women must be at least 200 cm long .,A2
There are differences between the two sets of dates .,A2
JRL will start opening in 3 phases from 2026 to 2028 .,A2
Bears do not have good hearing .,A2
"There are about 150 plant species on the island , along with 80 types of insects .",A2
Dotrice died on 16 October 2017 in London at the age of 94 .,A2
"In the United States , each state has its own laws .",A2
The state is divided into three divisions .,A2
Bridges longer than 100m .,A2
"As of 20 , 2019 .",A2
Three men are running along the riverside .,A2
"Sica died of a heart attack in Rome on 5 December 2014 , aged 65 .",A2
"As the 19th century moved on , the city began to grow .",A2
India won the war .,A2
"Lake died in London on 7 December 2016 , at the age of 69 , after suffering from cancer .",A2
"Varda died of cancer on 29 March 2019 in Paris , at the age of 90 .",A2
The other giant panda has dark brown and light brown fur .,A2
"Wistrich died of a heart attack on May 19 , 2015 in Rome , Italy .",A2
Clocks use different ways to measure time .,A2
The name became popular in culture .,A2
There is a guest house on the hill behind the main house .,A2
"Skirton died on 11 or 12 May 2019 , at the age of 80 .",A2
The group also had success in the United States .,A2
The album was a success in the United States .,A2
"In the United States , the game is played by a group of people .",A2
The group had many changes .,A2
"It was active for 55 years , until 1938 .",A2
"He is married to since 1990 , has four children .",A2
He was one of the world 's best swimmers in the 1920s .,A2
Yeoh died of a heart attack on 18 October 2017 at the age of 87 .,A2
"He has made over 90 movies , most of them were documentaries .",A2
He has edited and written many books and articles .,A2
The red kangaroo is a very large kangaroo .,A2
"On 5 August 2018 , Barry died after a long battle with bone cancer , aged 73 .",A2
There are different views about his early life .,A2
The floorball section was started in 1991 ..,A2
He died in Paris .,A2
O' Connell died on 28 June 2017 at the age of 94 .,A2
These are the newest types of exams .,A2
She was elected President in October 2007 .,A2
"Skofterud was killed in a jet skiing accident on 29 July 2018 in Arendal , Norway , aged 38 .",A2
There was also a version played on television .,A2
was first shown in 2001 .,A2
Corals can be found all over the island .,A2
Title V includes various other extra rules .,A2
"The book has been published every year since 1868 , except between 1876 and 1885 .",A2
The stone circle was set up between 2900 and 2600 BC .,A2
Hovey died on 6 January 2015 at the age of 82 .,A2
The forest contains at least 900 plant species .,A2
"Peoples died on 4 August 2018 , aged 70 .",A2
From 1975 a new thing is starting .,A2
It was built in 1909 .,A2
The first stone church was built in during the 12th century .,A2
The town holds several festivals a year .,A2
The town holds a festival in May .,A2
The club also played floorball during the 1980s .,A2
"In 2002 , there were nearly 1500 students in the school .",A2
"The movie was released on October 15 , 2010 .",A2
"Although he was one of the leading players of his time , not much is known about his life .",A2
"Elders died after a long illness on 3 May 2015 , aged 84 .",A2
Winners are listed first .,A2
They feed on insects and fruit .,A2
The bridge is 2109 m long .,A2
"Ditko died at his New York City apartment from a heart attack on June 29 , 2018 at the age of 90 .",A2
Following people were members .,A2
Reynolds was a Professor of English for 44 years .,A2
Germans started arriving in 1828 .,A2
"In addition , he was worried about the Ruhr .",A2
The ball is made of plastic .,A2
"According to Statistics Canada , the county has a total area of 2004.44 km2 .",A2
"It showed that 5,308,483 people were living in the United States .",A2
A small number of missing person cases are not solved for many years .,A2
"Flower died on 2 October 2014 , after a brief illness .",A2
There are also 3D jigsaw puzzles .,A2
English has changed and developed over time .,A2
"English has developed over the course of more than 1,400 years .",A2
"The election results of September 18 , 2005 were surprising .",A2
"iOS 6.1 was released on January 28 , 2013 .",A2
The purpose of the event is to have the hardest shot .,A2
The final was held on 24 May 2008 .,A2
The final was held on 24 May 2008 and was won by Russia .,A2
"This movie was released on May 15 , 1992 .",A2
"At the end of 2014 the population was 819 people , in 344 families .",A2
In 2014 the population was 819 people .,A2
"In May 2015 , Brazil officially reported its first 16 cases of the illness .",A2
The first attack was made on January 17 .,A2
Combs can be used for many purposes .,A2
"The restaurant closed down on September 9 , 2000 .",A2
"In February 1982 , two television antennas were added to the tower .",A2
Gold and silver were found in the area in 1867 .,A2
The winning team gets 3 points .,A2
"Pannella died on 19 May 2016 of lung and liver cancer in Rome , aged 86 .",A2
The island is 34 km long and 15 km wide ; it has an area of 175 km2 .,A2
"However , several fishermen died since the 1980s .",A2
"On August 10 , a day of memorials began peacefully .",A2
"Sometimes , voice- tracking is done so that people can do other jobs .",A2
"He started his acting career in the late 1990s , appearing in a number of off -Broadway stage productions .",A2
"Construction of the bridge began on March 17 , 1952 .",A2
"Construction of the bridge began on March 17 , 1952 , at a cost of $ 6.5 million .",A2
The President is limited to a single five -year term .,A2
"As an example , see the picture below : As one song ends , the next song begins .",A2
The sea is mostly ice-covered .,A2
"Murt died of cancer on 1 December 2014 , aged 68 .",A2
"Murt died from cancer in Barcelona , Spain , aged 68 .",A2
Some people keep them as a pet .,A2
"Iran has an area of 1,648,000 square kilometres and is the sixteenth largest in size .",A2
He moved to Paris in 1802 where he spent the rest of his life .,A2
"He died in 2005 at the age of 87 in New York City , after suffering from cancer .",A2
The two teams have never played each other before .,A2
The two teams had never met before .,A2
"Historically , Latin or Romance has been the official language .",A2
"She died after a short illness on 15 May 2015 , aged 86 .",A2
"In the late 19th century , Westerners knew little about Japan .",A2
One Billion Rising for Justice was in February 2014 .,A2
"Grosics died on 13 June 2014 , aged 88 .",A2
The port of the mosque measures 27 meters high .,A2
She turned 100 in September 2017 and died on 19 January 2018 .,A2
Gathering was the job of the women and children .,A2
"The university has approximately 27,700 students and employs around 6,000 people .",A2
"By the end of 2008 , there were a total of 14 schools with about 9268 students .",A2
There are two temples .,A2
The speech lasted 40 minutes and 14 seconds .,A2
This system is found in other fish as well .,A2
This plant is easy to grow .,A2
Worldwide production of apples in 2013 was 90.8 million tonnes .,A2
The company also produces soft drinks .,A2
They also make some soft drinks .,A2
"In 2007 , Rose suffered a stroke .",A2
The oldest parts of the building date from 1094 .,A2
Casting has begun for a second season .,A2
The sea is frozen over most of the year .,A2
"Construction began on January 5 , 1933 and was finished in April 1937 .",A2
"Construction began on January 5 , 1933 .",A2
"Of his next nine fights , Rose won eight .",A2
"On 9 December , it was confirmed that at least 80 foreign heads of state and government would travel to South Africa to attend events .",A2
"Currently , the Philippines is divided into 17 regions .",A2
"Right now , there are 62 cats for the player to collect .",A2
This movie was released in September of 2002 .,A2
"The film was released on September 20 , 2002 .",A2
"In 2015 , the aquarium had 2.02 million visitors .",A2
Many cultures or religions have food taboos .,A2
"Usually , the female builds the nest , and the male helps her .",A2
She died after a long illness on 6 April 2014 at the age of 85 .,A2
She died after long illness on 6 April 2014 .,A2
"The book was first published in 1975 , then reprinted in 1976 .",A2
The book was first published in 1975 .,A2
"He died on 12 July 2019 , four days before his 85th birthday .",A2
Burns died on 25 May 2019 after a short illness .,A2
The song has been recorded by many other artists .,A2
The song has been covered by number of artists .,A2
Her career started in 1950 .,A2
The phrase is used in many contexts .,A2
"At first , during the 1820s and 1830s , she just wrote for piano .",A2
He died 23 December 2018 at the age of 86 after a brief illness .,A2
The following table gives a summary of the different schedules .,A2
Puar died on 2 January 2015 following a short illness .,A2
"Puar died after a short illness on 1 January 2015 , aged 83 .",A2
The university 's 150th anniversary was celebrated in 2003 .,A2
"The airport opened June 16 , 1941 , just before US entry into World War II .",A2
"The airport opened on June 16 , 1941 .",A2
The park was created on 12 June 1981 .,A2
"Tickets went on sale to the public on November 3 , 2007 .",A2
"For the second season , the show began to change .",A2
"In the 15th century , the first Europeans arrived .",A2
Pussy Riot have released seven songs .,A2
Pussy Riot released seven songs and five videos .,A2
Miso is a very important part of Japanese food .,A2
Miso is a part of many Japanese -style meals .,A2
It was released on 19 March 2004 in Spain and on 10 September 2004 in Mexico .,A2
The four little people left the United States on 21 June 1869 .,A2
The four little ones left the United States on 21 June 1869 .,A2
"The island 's animals are mainly birds , although rabbits are long established here .",A2
The church was destroyed by a fire on 12 November 2001 .,A2
"At the beginning of the 19th century , the building was used as a restaurant .",A2
"The date 27 April is now a public holiday in South Africa , Freedom Day .",A2
The songs tell personal stories of life in the wide open country of Australia .,A2
The band had seven Top 40 hits between 1973 and 1976 .,A2
They had seven Top 40 songs between 1973 and 1976 .,A2
In the Sunday paper every week was included a weekly magazine .,A2
A weekly magazine was included in the Sunday paper .,A2
It received city rights in 1249 .,A2
It got city rights in 1249 .,A2
"In 1972 , video recording industry in Japan started to lose money .",A2
Horse races are taking place on Thursday .,A2
Horse races take place in on Thursdays .,A2
Large died on 3 November 2018 from a heart attack at the age of 75 .,A2
Up to five players can play at a time .,A2
There are three differences to the previous report .,A2
Rooth died in Sweden on 27 February 1972 at the age of 83 .,A2
"The quarter has a population 19,921 and an area of 2.46 km",A2
"The movie 's DVD was released on October 10 , 2006 .",A2
"With county codes , official until 1974 .",A2
"Juuso died on 23 August 2014 , aged 68 .",A2
"Juuso died after a long illness on 23 August 2014 , aged 69 .",A2
"Like all eastern spices , pepper was historically both a seasoning and a medicine .",A2
Cricket is the most popular sport in Bangladesh .,A2
"Cricket is one of the most popular sports in Bangladesh , followed by football .",A2
These camps were closed by October 1942 .,A2
"In the United States and Canada , digital clocks and computers usually show 12 a. m. right at midnight .",A2
"The bridge opened on December 31 , 1909 .",A2
"The bridge opened to traffic on December 31 , 1909 .",A2
"In the late 1950s , he studied filmmaking in France .",A2
Football is the most popular sport in Costa Rica .,A2
Forty - nine people have been governor of the state .,A2
"Shepodd died on August 16 , 2017 at his London , England home at the age of 92 .",A2
"In March 2011 , the band announced they would take a break .",A2
"Ryman died on February 8 , 2019 in New York City at the age of 88 .",A2
"Ireland died on 31 July 2014 from brain cancer , aged 68 .",A2
Ireland died of cancer on 31 July 2014 aged 68 .,A2
Listed from north to south,A2
Listed from north to south .,A2
Two investigations have been held by the British government .,A2
"There are also journals , online articles and blogs available .",A2
The French press has different names around the world .,A2
Tor is an man one inch tall who can not fall asleep no matter what he tries .,A2
The development of the game began in early 2012 .,A2
The game started to be developed in early 2012 .,A2
"Today , it is the largest public university in Bangladesh , with a student body of 33,000 and a faculty of 1,800 .",A2
"Until the mid-19th century , Mexico was the biggest producer of vanilla .",A2
"The city hall has a total area of 19,380 m2 including the basement .",A2
Windfeld died in February 2015 after a short illness .,A2
Windfeld died on 6 February 2015 after a short illness .,A2
Regular bus services operate around the city .,A2
In the years 1219 and / or 1234 it appears as a church village .,A2
"Thomas died on April 30 , 2016 of natural causes at the age of 91 .",A2
"The government is led by the Prime Minister , who selects all the remaining ministers .",A2
"The building was completed in 1941 , after the start of World War II .",A2
The movie got very bad reviews from movie critics .,A2
Not much is known about his life .,A2
Little is known about his life .,A2
The airport was closed for about five hours after the crash .,A2
Several different explanations exist for the original name .,A2
It has a population of 218 people .,A2
It has a population of 218 .,A2
The province is divided into 6 districts and 12 municipalities .,A2
"Blight disappeared on April 3 , 2005 .",A2
"On April 3 , 2005 , Blight disappeared .",A2
"On April 15 , 2013 , a fire began in the library .",A2
There are three hostels for male students and two for the female students .,A2
The land battle took place over about 81 days beginning on 1 April 1945 .,A2
"Beutel died on 8 May 2019 , at the age of 72 .",A2
Ana wakes up three days later in the hospital with Christian at her side .,A2
The park was established in 1981 .,A2
The park was created in 1981 .,A2
The movie received mixed reviews .,A2
"Arrow was born on 23 August 1921 , in New York City .",A2
"Arrow was born on August 23 , 1921 in New York City , New York .",A2
This park has three valleys .,A2
"Thus , the mean of the grouped data is",A2
"The gallery was started in 1897 , as the National Gallery of British Art .",A2
The diving had 136 athletes representing 25 countries .,A2
"Trass died on 14 February 2017 , aged 88 .",A2
The speech lasted 43 minutes and 2 seconds and had 4931 words .,A2
"About 120,000 requests are made each year .",A2
The third theme was used from 1962 to 1967 .,A2
This award was first given for films released in 1934 .,A2
The park has 104 species of plants .,A2
"Dufresne died on 14 June 2014 in New York City from cancer , aged 78 .",A2
"Dufresne died on 14 June 2014 in New York City at the age of 78 , from cancer .",A2
Farren died on 3 February 2016 of cancer .,A2
Farren died of cancer on 3 February 2016 .,A2
The major difficulty in the use of natural gas is transportation .,A2
"In 2007 , the club began to play floorball .",A2
In 1953 he began working at a Brazilian hospital .,A2
"In 1953 , he began working at a Brazilian hospital .",A2
The band 's second world tour began in January 2001 .,A2
The band 's second world tour started in January 2001 .,A2
"Luria arrived in New York City on September 12 , 1940 and soon changed his first and middle names .",A2
"Vadnais died of cancer on August 31 , 2014 at the age of 68 .",A2
"Vadnais died of cancer on August 31 , 2014 , at the age of 68 .",A2
Note : Tie games were not counted in the standings until 1972 .,B1
At the top of the emblem is the national crest that has two horns with corn in the ear and filled with sand .,B1
Gribbles bore into wood and plant material for food .,B1
A port of call is a place where a ship stops before it has finished its trip .,B1
He reached the height of his musical career in the early nineties .,B1
The above arguments hold in any ring .,B1
There are two versions that are often performed : a long one and a short one .,B1
The swimming competition was held in the open sea because the organizers had refused to spend the money necessary for a specially constructed stadium .,B1
The swimming competition was held in the open sea .,B1
The two common forms of playing golf are match play and stroke play .,B1
Over the next three to four days a massive nationwide hunt was launched to find the stolen items .,B1
The tomato is grown and eaten around the world .,B1
"Like Chinese , Japanese implements extensive use of Chinese characters , called kanji in Japanese .",B1
Each programme has two teams of three people .,B1
Concussions prevented him from playing longer .,B1
"On February 14 , 2013 , there were rallies in more than 190 countries .",B1
Some octopus species are also able to walk along the sea bed .,B1
A properly engineered structure does not necessarily have to be extremely strong or expensive .,B1
"Many species have five petals , often grown together .",B1
"The country has a total area of , of which 27,560 km2 is land and 190 km2 is water .",B1
In England they are often used as the fish in fish and chips .,B1
"Regardless of the venue , musicians usually perform on a stage .",B1
The central urban area forms one unit .,B1
A useful way to work around these gaps in knowledge is to find links to other known events .,B1
"The species can also be found in northern Germany , but the population there is low .",B1
"Pinnipeds spend many months at a time at sea , so they must sleep in the water .",B1
In 1933 the first gravel runways were built .,B1
Acute hospitals are those intended for short -term medical and / or surgical treatment and care .,B1
The first European to come to the region may have been the Spaniard Alonso de Ojeda in 1499 .,B1
Many visual novels use voice actors to provide voices for the characters in the game .,B1
Each side had three overall goals in this battle .,B1
It has two stable isotopes .,B1
"In Singapore , 7 - Eleven forms the largest chain of convenience stores island-wide .",B1
"Australian Mists are medium-sized short - haired cats , with a round head and large eyes .",B1
Australian Mists are okay with being picked up and held .,B1
"Though never intended as a teaching tool , various viewers used the knowledge they obtained watching the show .",B1
Masks of dead people are a tradition in many countries .,B1
"Despite the key rarely being used in orchestral music other than to modulate , it is not entirely uncommon in keyboard music .",B1
"Since 1990 , the President 's term has begun and ended on March 1 .",B1
The history of the city has always been closely connected to shipbuilding .,B1
Music was an early part of Christmas and its celebrations .,B1
There were several inter-promotional matches after Unforgiven .,B1
Some rice proteins are regarded as the causes of allergy in some people .,B1
Regular hand washing reduces the spread of cold viruses .,B1
Adding to science and technology has happened throughout the country 's history .,B1
"Kestrels can fly in stationary air , even indoors in barns .",B1
He quit the band in 2008 to put more energy into his career as a pilot .,B1
"In golf , a golfer plays a number of holes in a given order .",B1
The coat of arms of the region changed during the ages .,B1
Many species of skippers look very alike .,B1
The federal government owns about twenty - eight percent of the land in the United States .,B1
The French were the first Europeans to live in Canada permanently .,B1
The chessboard on the top of the box was thin .,B1
"Currently there are 30 volumes available on the database , including more than 11,000 items and more than 11,000 illustrations and photographs .",B1
People first began using weather charts in a modern way in the mid-19th century .,B1
An Avenue of Honor also remembers those who died in World War I .,B1
Gender relations are another area examined by the stories .,B1
"There are however many variations , and many surprising aspects .",B1
A- flat minor is rarely used as the main key of a piece of music .,B1
The remaining three of the 33 tracks are instrumentals .,B1
"Since preservation , the railway has operated as a tourist attraction .",B1
"In addition , the season has won many awards during its runtime .",B1
"All defensive players wear fielding gloves , made of leather or similar material .",B1
"Oll , who was married , fell into severe depressions after he divorced .",B1
"Even though there were such criticisms , the novel was still very popular .",B1
"The ride will not operate in the rain , even during drizzling conditions .",B1
It is a popular place for whitewater rafting and kayaking .,B1
"The design on the shield shows the sun , also found on the flag , rising from a blue and white sea .",B1
County Roads 7 and 11 are also in the immediate area .,B1
The lake has relatively high levels of dissolved salts .,B1
Astronomy is one of the oldest sciences .,B1
Summer activities such as concerts and boxing matches often tear up the pitch .,B1
"The population was 41,558 at the 2010 census .",B1
These groups are no longer registered and can no longer take part in elections .,B1
"The flowers are small , and plentiful .",B1
"There are 670 bird species in Rwanda , with variation between the east and the west .",B1
Philosophy is the study of humans and the world by thinking and asking questions .,B1
It is not known who made the coat of arms .,B1
This version of the coat of arms is in use since 1907 .,B1
Blood or urine tests measure hCG .,B1
Hatchlings are about 1.5 cm long and weigh between 0.3 and .,B1
"The city is a popular tourist destination , with an average year- round temperature of 75.5 F and 3,000 hours of sunshine per year .",B1
"After boxing , Rose became a successful businessman .",B1
"There are a lot of operating systems , which are based on FreeBSD .",B1
"These are the best known , most widely used real-time operating systems .",B1
"Sometimes , a train does not have enough speed to make it over the 215 ft top hat element .",B1
"Skiing , snowboarding and mountaineering are among the most popular sports in Switzerland .",B1
"The city has about 10 km2 of greenspace , lakes , forests and farmland .",B1
The movement began in the late 1960s .,B1
Harvestmen are not dangerous to humans .,B1
Testing was slow as they were still getting the Saturn V ready for Apollo 4 .,B1
This created a bottleneck in the German advance .,B1
Bears do not have many predators .,B1
There are 351 identified plant species in the park ; three of these are rare and protected .,B1
There are many lodges and reserves for tourists .,B1
"After the heavy losses in the battle , people questioned why the US went into the battle .",B1
Two versions of the plane were made .,B1
A safety is scored if a player causes the ball to become dead in his own end zone .,B1
Assuming a comfortable position helps the baby to latch properly .,B1
"As of August 2014 , the game has 18 million registered users .",B1
There are two versions of the anthem : a long and a short one .,B1
"By 1994 , rock and roll slowly began to decline .",B1
"Amazed that she loves him , he asks her to marry him .",B1
The line was abandoned in 1980 .,B1
At the end of the 20th century the whole building was restored .,B1
"For most sports the athletes wear a combination of different items of clothing , e. g. sport shoes , pants and shirts .",B1
"As of 2005 , the municipality had a total population of 2,647 .",B1
The movie is about aliens who want to stop humans from creating a weapon that will destroy the universe .,B1
A dry-cleaning machine is similar to a combination of a domestic washing machine and clothes dryer .,B1
Many court decisions are published in more than one reporter .,B1
Each chapter has a lot of authors who are responsible for writing and editing the material .,B1
Many countries also have their own exams .,B1
Pubs usually will have beermats spread out across their surfaces .,B1
Restaurants and bars usually will have coasters out on their tables .,B1
Other forms of PH are far more common .,B1
Other forms of PAH are far more common .,B1
A point is scored when one team catches the disc in the other team 's end zone .,B1
The city is a popular tourist destination .,B1
Most click beetles are under 2 centimeters long and dull in color .,B1
This species is blue-green to green in color and commonly grows to approximately 46 cm .,B1
This list has the name of the Pharaoh followed by the actual one written on the stone .,B1
Construction of the bridge started in September 1938 .,B1
A concert tour is a series of concerts by an artist or group of artists in different cities or locations .,B1
It has been a real confusion on who won the war .,B1
"Three foot messengers are running along the riverside , one of them stops to take a drink from the river .",B1
There are several types of vaccines in use .,B1
"The fifth generation iPod touch currently runs iOS 7 , which was released on September 18 , 2013 .",B1
The region is famous for its beautiful palm beaches .,B1
The process of cell reproduction has three major parts .,B1
The development of the area for tourism began in earnest in the 19th century .,B1
Many scale species are serious crop pests .,B1
"s of April 2019 , there are five living former presidents of Peru .",B1
There are five living former presidents .,B1
Population is based on the 2002 census .,B1
Ana again notices the same woman seeing her and Christian from a distance .,B1
Some patients arrive at an emergency department for a complaint of mental illness .,B1
Both sides claimed victory after the battle .,B1
"For different rings to exist , something must separate them .",B1
"She plays several instruments such as acoustic guitar , accordion , and keyboard .",B1
"Venegas plays several instruments including acoustic guitar , accordion , and keyboard .",B1
It has direct responsibility for maintaining and running over 200 monuments .,B1
There are a wide variety of different types of shoes .,B1
"Stone , brick and other similar materials are strong in compression .",B1
Coble had skin cancer for many years .,B1
A pinscreen is a white screen perforated with thousands of pins in small holes .,B1
Most video games have one player character for each person playing the game .,B1
Animals respond to threats in many complex ways .,B1
"In other cultures , the name may include the place of residence , or the place of birth .",B1
This work supported the big-bang theory of the universe beginning .,B1
"In the 1970s , Olympic athletes were required to be amateur .",B1
Games can be played on indoor or outdoor fields of varying sizes .,B1
Women did not get the federal vote until 1971 .,B1
The collection and library were in rooms at the university .,B1
During the industrialization the textile industry prospered .,B1
God created the universe and everything in it in six days .,B1
Outside politics he graduated as cand . jur .,B1
Before becoming a politician he was a businessman .,B1
Snow is used for some winter sport activities like skiing and sledding .,B1
"After World War II , the countries in Europe wanted to live peacefully together and help one another 's economies .",B1
"People here are mainly engaged in agriculture such as paddy , banana and tapioca .",B1
There were 14 surviving kittens in 2008 and 15 in 2009 .,B1
There were 14 surviving cubs in 2008 and 15 in 2009 .,B1
Cockatoos are active mainly during the day and require daylight to find their food .,B1
"In 2017 , he announced he would run for Governor of Alaska in 2018 , but left the race in September 2017 .",B1
"The city suffered from plague outbreaks in 1544 , 1589 and 1598 .",B1
This species breeds in colonies on coasts and lakes .,B1
Females have a body length of about 8 mm and males are slightly smaller .,B1
Human impacts during the 19th and 20th century have been significant .,B1
The club 's traditional home colors are all white .,B1
Jigsaw puzzles come in a variety of sizes .,B1
"As of 2005 , the municipality had a total population of 2647 .",B1
"Brown recluse spiders are usually between 6 and , but may grow larger .",B1
Each region is named after its capital .,B1
There are a number of different ways to make rocket candy .,B1
It is extremely toxic .,B1
"iOS 7 was released on September 18 , 2013 to all iOS devices .",B1
Inert gases are often used in the chemical industry .,B1
The new city quickly became a major success .,B1
The first allotments in the town were sold in 1840 .,B1
The first land sales took place in 1837 .,B1
It was once used as a black pigment .,B1
A total of 44 nations sent athletes to compete at the Paris games .,B1
A total of 44 nations were represented at the 1924 Games .,B1
"In zoos , lions have been known to breed with tigers .",B1
The greatest depth was reached in 1989 .,B1
The hole reached 12262 m in 1989 .,B1
"Agriculture is still one of the main activities in the province , adding 15 % to its output .",B1
Scientists do not yet know what these dinosaurs ate .,B1
The following 14 subspecies are recognized .,B1
The mating period lasts from April to June .,B1
The game has two types of single - player gameplay including a strategic map and battle mode .,B1
He is often shown with a yellow face .,B1
"Chick 's views have been spread mostly through the tracts and , more recently , online .",B1
"His views have been spread around the world , mostly through the tracts and now online .",B1
Many different countries started raising money and sent medical teams or search and rescue teams to Haiti .,B1
"The costly foundation works caused the budget to be exceeded , and the building stopped in 1827 , only to be resumed in 1833 .",B1
The cost of the foundation works caused the building to cost more than expected .,B1
Police arrested four men in connection with the attacks .,B1
A router is connected to two or more data lines from different IP networks .,B1
The movie series has grossed over $ 235 million at the worldwide box office .,B1
There is also a bus station in the town center .,B1
"Unlike most boy bands , they formed independently and were later picked up by a record label , rather than being assembled by a label or a producer .",B1
"Instead of being assembled by a record label or a producer like most boy bands , 98 Degrees formed independently .",B1
More than half of the world 's species of plants and animals are found in the rainforest .,B1
This gives the number 's distance from zero on the real number line .,B1
Agent 47 can take on hard tasks and perform physical tasks more efficiently than any average human .,B1
Geophysics was only recognized as a special area of study in the 19th century .,B1
"In 1863 , there was a design contest for a new building for the museum .",B1
The toad has long been thought to be an animal of ill omen or a connection to the other world .,B1
Patients come to an emergency department with little warning .,B1
The project 's source code is freely reusable under the MIT License .,B1
"Fourth , Religious groups were not agreeing during the second half of the 16th century .",B1
"While these literary sources do not prove that the punishment still took place , they do provide evidence that it had not been forgotten .",B1
These poems do not prove that the punishment took place at the time they were written .,B1
"The group played together for 55 years , until 1938 .",B1
There are two subspecies .,B1
A single- tasking system can only run one program at a time .,B1
"Iola has hot , humid summers and generally mild to cool winters .",B1
There is no effective treatment for Nipah virus infection until now .,B1
A differential backup only copies the data that has changed since the last full backup .,B1
"He and his wife Mary have three children and , as of July 2016 , six grandchildren .",B1
"Upgrading works has begun since early 2016 , beginning with train set 217 / 218 .",B1
The following players have also been called up this season .,B1
The following players have also been called up to the England squad within the last 12 months .,B1
The islands are designated an' Area of Outstanding Natural Beauty ' .,B1
"He directed 13 feature films , wrote eleven and produced eight .",B1
The first taxi-type system started in Paris and London in the early 17th century .,B1
Felsic rocks are usually light in color and have specific gravities less than 3 .,B1
France began his literary career as a poet and a journalist .,B1
The area of the national park is home to an extremely wide variety of animal and bird species .,B1
"In 2002 , it had a population of 557,000 and a population density of 99 / km2 .",B1
Each fruit has one seed .,B1
These beetles are considered rare .,B1
Lemon sharks do not represent a large threat to humans .,B1
"When a person drinks a dangerous amount of alcohol , they can get alcohol poisoning .",B1
The river was utilized primarily for agriculture by early European settlers .,B1
The river passes through mostly agricultural land .,B1
Palms are one of the best known and most widely planted tree families .,B1
Historically there have also been negative consequences .,B1
The movie has eight of the 24 tales .,B1
"The nomes remain in place for more than 3,000 years .",B1
"Common-use terminal designs means airlines share check - in counters , gates and IT systems .",B1
"Japan has more than one traditional system for counting years , including",B1
The story of each opera can be found in the separate articles .,B1
Common toads can live for many years and have survived for fifty years in captivity .,B1
Services can be described in terms of their main attributes .,B1
The testing was delayed because of some problems with the JT9D engines .,B1
"For most of the first half of the 20th century , with a few exceptions , petticoats were out of fashion .",B1
Mrs . Which is the leader of the three women and the wisest .,B1
"When a system writes data to cache , it must at some point write that data to the backing store as well .",B1
"Some of these tropical cyclones have caused deaths or a lot of property damage , usually because of flooding created by rain .",B1
These moths have several unusual features .,B1
"There are not many animals in the desert , but some animals are able to survive .",B1
"The dolmen dates from about 3,500 B. C .",B1
"The best fluid is plain , clean water .",B1
However in April 1940 he suffered a massive stroke .,B1
"During the third hour , an autopsy was performed .",B1
These are forest birds that tend to feed on insects at or near the ground .,B1
The provinces and territories are all sub-divided into regions for a variety of official and unofficial purposes .,B1
"Bertorelli died on 26 May 2017 , at the age of 69 , after a long illness .",B1
"After 1998 , he began suffering from both weight - control problems and injuries .",B1
A group that makes more money than it spends can lend or invest the excess profit .,B1
"If two computers send data at the same time , a collision will occur .",B1
Guerra died from cardiac arrest on 11 May 2018 at the age of 52 .,B1
The following tables include medals won by athletes on OCI teams .,B1
"However , there has been much debate over the origin and meaning of this word .",B1
The origin and meaning of this word are not completely known .,B1
Many right -wing politicians supported the proposal .,B1
"Many right -wing politicians supported the proposal , meaning it would reduce unreported employment .",B1
"In 2002 , there were nearly 1,500 pupils in the school , of whom fewer than 1,300 were at age 16 or below .",B1
"This spider is yellowish - brown with many dark spots on the rear half , in no order .",B1
"O' Connell was Australia 's oldest living Test captain up until his death on 28 June 2017 , at the age of 94 .",B1
Fighting in city was very violent .,B1
The presidential election was held on 28 October 2007 .,B1
This location is considered healing and is appreciated by some locals .,B1
This lake is considered healing and is appreciated by some local people .,B1
Political parties became legal in Ghana in 1992 .,B1
It was also during this period that the Egyptian writing system was further developed .,B1
"In the absence of international regulations , individual organizations were left to develop their own practices .",B1
The series remains popular today .,B1
"As well as the version played on television , there was another , more graphic version created .",B1
was first shown at E3 2001 as a seven-second video clip .,B1
Men and women are subject to different standards of modesty in dress .,B1
The second tunnel was discovered on 19 March 1975 .,B1
A kick in wrestling is an attack using any part of the foot or lower leg to strike the opponent 's body or head .,B1
Summers can be warm and dry for a long time .,B1
Deshpande died on 4 June 2016 from a long-illness in Mumbai at the age of 78 or 79 .,B1
"The plant grows in wet , shady places .",B1
The winners receive a championship belt instead of a trophy .,B1
Title V includes technical provisions .,B1
"In Western culture , it is traditional for the person proposing to be down on one bent knee .",B1
The magnetic fare card system is used for single journey tickets .,B1
A touchless smart card system is used for single journey tickets .,B1
"It has been published yearly from 1868 to 1875 , and again every year since 1886 .",B1
"In April 2009 , part of the roof fell down .",B1
"Unlike other races , the trophy is in the form of a grandfather clock , which has been a tradition since 1964 .",B1
"In fast food chains , ketchup is often put in small packets that hold ketchup inside .",B1
"The site was built between 2900 and 2600 BC , though there were possibly earlier buildings before 3000 BC .",B1
The reason for the designated hitter is because many pitchers are not good hitters .,B1
"In 2004 , the national university system changed .",B1
"In many countries where FGM is common , almost every woman and girl in the country has had FGM .",B1
Baseball bats are often used as a club-like weapon .,B1
Bats are sometimes used as a weapon in fights or attacks .,B1
"In this version , the wrestler either starts by lying down or dropping down on the mat while the opponent stands near to their head .",B1
Copper is one of a few metallic elements with a natural color other than gray or silver .,B1
"Still , German influence in the state remains very strong and visible .",B1
"Nowadays , the German influence in the State of Santa Catarina is still very strong .",B1
Laws retired from professional cycling in August 2016 .,B1
The region is rich in sea life .,B1
The repairs were completed on 16 July 2012 .,B1
Fingering is generally considered safe sex as long as there are no open wounds on the fingers .,B1
Lutes are made almost entirely of wood .,B1
"Librarians around the world still use the number , especially when identifying books published in the United States .",B1
The forests contain a great variety of plants and animals .,B1
The eight - year war ended in a tie .,B1
Some of the food waste produced by processing can be difficult to reduce without affecting the quality of the finished product .,B1
Large amounts of food waste can occur at any stage in the process of producing food .,B1
The main economical resource is agriculture .,B1
Baber started her career as a private school principal from 1886 - 1888 .,B1
A few species live in waters where there is very little food available .,B1
"In the period from 18,000 to 15,000 years ago , Australia became dryer , with lower temperatures and less rainfall .",B1
"Games are divided into 40 - minute halves , with a break in the middle .",B1
"Straight rail was played professionally in the US from 1873 to 1879 , but is uncommon there today .",B1
"Professional straight rail in the United States was only seen for six years , from 1873 to 1879 .",B1
From 1975 a phenomenon is growing .,B1
Emergencies often require delivery of different versions of the same communication at the same time .,B1
The weapon 's barrel can not be removed quickly .,B1
"The main economic activities of the town are tourism , commerce and fishing .",B1
More than 4400 m2 of the museum 's 11200 m2 is dedicated to exhibits .,B1
The mean of a list is all of the numbers added together and divided by the amount of numbers,B1
"The mean is calculated by adding all of the values together , then dividing by the number of values .",B1
It is important to keep children with croup as calm as possible .,B1
All four games in the series received positive reviews from critics .,B1
He is credited as one of the first Japanese wrestlers to gain a fan base outside of his native Japan in the United States .,B1
"A singer makes a musical statement , and then the musical chorus answers together .",B1
"A common example of this would be a person contracting a hit man , or a hired killer .",B1
"Mahar died on 21 May 2019 of heart failure , at the age of 52 .",B1
"The lake has a good variety of fishes , and is a popular tourist attraction for fishing .",B1
The basic parts of the LC - 6 were accepted .,B1
The Earth is about 4.54 billion years old .,B1
The golden everlasting is easy to grow .,B1
Planned economies contrast with command economies .,B1
Planned economies have sometimes been successful .,B1
Agriculture is one of the main activities in the province .,B1
"After the war , the buildings were used as an immigration and migration hostel .",B1
Teams are given up to four clues .,B1
The amount of fuel used to find specific impulse can be measured in different ways .,B1
The station has been built in a modern airport style .,B1
"The station was built in a modern airport style , with all of its many platforms sited underground .",B1
"In this way , a single QRcode can be used to find the same article , in many languages .",B1
"In this way , one QRcode can deliver the same article in many languages , even when the museum is unable to make its own translations .",B1
Drug trafficking and illegal drug use is a big problem in the nation .,B1
The modern city was established in 1956 .,B1
"Depending on their location , green tree frogs will live in several habitats .",B1
The green tree frog is one of the most popular pet frogs in the world .,B1
"Shammi died in her sleep on the March 6 , 2018 , from natural causes at the age of 88 .",B1
"Kalpokas died after following days ill health on 20 March 2019 , at the age of 75 .",B1
"Starting in 1941 , all entering students had to be high school graduates .",B1
"As of 2005 , the municipality had a total population of 7,172 .",B1
There are no specific treatments for dengue fever .,B1
"The Internet has made it easier for urban legends to spread , as people often spread them to their friends or family using e-mail .",B1
There are four kinds of exams : These are by far the most commonly taken exams .,B1
These are by far the most commonly taken exams .,B1
The movie became very popular before it was released because of the title and because of many people talked about it on the Internet .,B1
There were only a small number of men who were healthy .,B1
"However , species vary in the details .",B1
The museum also displays copies of the Erfurt Hebrew Manuscripts .,B1
"It flies slowly with its head facing downwards , looking for its main food , the large apple snails .",B1
"Many variations of ketchup were created , but the tomato - based version did not appear until about a century later after other types .",B1
"The bridge is 2109 m long and it was opened for traffic on December 18 , 2014 .",B1
Following people were members of the band .,B1
The theory has been criticized and modified over the course of time .,B1
A knee lift is a move where a wrestler uses their knee and brings it up to hit the opponent under the chin .,B1
This daisy may be used as a leaf vegetable .,B1
Reynolds was a Professor of English from 1894 to 1938 .,B1
"As many as 5,000 heat - related deaths were reported in the United States , and 780 direct and 400 indirect deaths in Canada .",B1
"More than 5,000 people in the United States died from this heat wave .",B1
"The mobile stalls sell mainly two kinds of products , street food and clothes .",B1
"The cartful sells mainly two kinds of products , street food and clothes .",B1
"German people started arriving in 1828 , after Brazilian independence .",B1
The authors suggest that oil dependence is a problem we need no longer have .,B1
Blackmail is against the law .,B1
A new worker spends the first few days of its adult life caring for the queen and young .,B1
A new ergate spends the first few days of its adult life caring for the queen and young .,B1
The following is a list of active codes of official ISO 4217 currency names .,B1
The chapel offers regular services .,B1
All the islands are low and flat .,B1
The county covers an area of 2004.44 km2 .,B1
"There is no exact total number of deaths , because many were unrecorded .",B1
"In 2005 , the municipality had a total population of 15,935 .",B1
"Because planners expected fairly light traffic volumes , the bridge was designed with two lanes , and it was just 39 ft wide .",B1
"Because the bridge was not expected to have large amounts of traffic , the bridge was designed with only two lanes .",B1
Black powder is the oldest type of mixed rocket fuel .,B1
Another method of protection is the release of a sour liquid from the skin .,B1
"It showed that 5,308,483 people were living in the United States , of whom 893,602 were slaves .",B1
A Reading Time for 20 minutes every day is designated to help students cultivate a reading habit .,B1
Reading Time is designed to help students having a good reading habit .,B1
"In the world , breast cancer is the fifth-most common cause of cancer death .",B1
"The channel broadcasts live from 5 am to midnight , with a newscast updated every 15 minutes in format .",B1
"The channel 's format shows rolling news bulletins , updated every 15 minutes .",B1
In contrast to the natural environment is the built environment .,B1
There is also the built environment .,B1
A wrestler simply hits the opponent with a chair .,B1
The pug finally arrived in the United States during the 19th century and soon became popular there as well .,B1
The pug was also becoming famous in other European countries as well .,B1
Pure aluminum is quite soft and lacking in strength .,B1
Lamarck gradually turned blind ; he died in Paris on 18 December 1829 .,B1
Competition occurs when organisms or species need or use the same resources .,B1
Different radio stations want their DJs to speak only at certain times .,B1
The earliest European settlers to the district arrived in the 1840s .,B1
"He is a key figure in landscape painting , and painted many works .",B1
"There is also the last type of a jigsaw puzzle , it is considered a 3D puzzle but made from a 2D pieces .",B1
Some critics reacted against the paperwork gameplay .,B1
Some serious nuclear accidents have occurred .,B1
"Statistically speaking , elevators are extremely safe .",B1
There are currently 14 teams playing in the DEL .,B1
Larger code size can be used to increase program speed when using .,B1
Most Irish people who came to the United States during the 1800s lived in big cities where there were many other Irish people .,B1
The region has a large area of national parks .,B1
Humans have had a dramatic effect on the environment .,B1
Humans have a large effect on the world .,B1
Production on the show ended in February 2001 .,B1
"While production on the show wrapped in February 2001 , new episodes were shown until March 2004 .",B1
"The iOS 6.1 update released on January 28 , 2013 had reports of reduced battery life and problems with signal strength .",B1
A Kiss My Foot match is a type of singles match where the loser has to kiss the winner 's foot .,B1
"During the war , the town was completely destroyed .",B1
"Ten days have passed since impact , and few dinosaurs remain .",B1
"In the days and weeks that follow , few dinosaurs remain .",B1
This event shows who has the hardest shot .,B1
"s of 2018 , there is no vaccine effective for prevention .",B1
"In the very late 1960s , people started inventing procedural languages .",B1
Barcelona is one of the most densely populated cities in Europe .,B1
"Barcelona is one of the most important tourist destinations in Europe , with millions of people visiting every year .",B1
Not everyone who has HIV has AIDS .,B1
Many people with HIV do not know they have it .,B1
Safety glasses are worn to protect the eyes in various situations .,B1
Glasses can also protect the eyes .,B1
The initial landings began at 04 : 50 on 19 August .,B1
"For transportation to centers , some shelters offer free transportation .",B1
Until 1 April 2010 the Departments were as follows .,B1
The structure and functions of the Departments were re-organized with effect from 1 April 2010 .,B1
The people are almost fully French-speaking .,B1
The award was first given for films made in 1948 .,B1
"Usually , sex is determined by an organism 's genes .",B1
"An aftershock is an earthquake that occurs after a previous earthquake , the mainshock .",B1
China also has a variety of forest types .,B1
The group sings theme music for anime which are famous overseas too .,B1
The group sings the theme music for the following anime .,B1
The frog spends most of the year underground .,B1
These are written papers about musical theory .,B1
Music Theory is examined through written papers .,B1
The movie was filmed from October 1991 to January 1992 .,B1
When a wrestler jumps and stamps both feet on any part of an opponent .,B1
Small businesses often face a lot of problems because of their size .,B1
He went to a religious school where the students often did n't have enough to eat .,B1
The idea behind all property law is property .,B1
It was one of the 75 divisions set up for the first federal election in 1901 .,B1
The division was one of the original 65 divisions contested at the first federal election .,B1
There are 14 subspecies of ring-necked snake .,B1
"In May 2015 , Brazil officially reported its first 16 cases of Zika fever .",B1
Pippi Longstocking is a fictional nine-year- old girl .,B1
"A bird bath is an attraction for many different species of birds to visit gardens , especially during the summer and drought periods .",B1
They controlled the life and destiny of everyone .,B1
The next attack was launched on 24 January .,B1
"Although concentrated in London , the outbreak affected other areas of the country as well .",B1
Cloud forests are in only a few areas above 500 metres .,B1
"By 1924 , these local magazines eventually closed down .",B1
A computer program is usually written by a computer programmer in a programming language .,B1
A computer program is written by a programmer .,B1
An analysis shows that the work is completely made in marble .,B1
Combs can be used to fix stray hairs and untangle wet hair .,B1
Designers need to take into account that color-blindness is highly sensitive to differences in material .,B1
Color blindness is very sensitive to changes in material .,B1
The pitching distance is 50 feet .,B1
"In the C programming language ,",B1
Example code in the C programming language is shown below .,B1
The head and thorax are white .,B1
"Traditionally , this dance is performed only by women at night without any instruments .",B1
"Traditionally , this dance performed without any instruments .",B1
"In February 1982 , two television antennas were added to the structure , increasing its total height to 1707 ft .",B1
"In 1867 , the town had a boom in population when gold and silver were found in the area .",B1
There are few characteristics common to all blues .,B1
"In modern times , belts for both men and women are used in BDSM .",B1
The opinions of viewers at the time was divided and it has not fared better over time .,B1
"The opinions of viewers at the time was divided The four-part serial aired in 1982 , and it has not done better over time .",B1
The series was popular with American audiences .,B1
"From 2012 to 2013 , viewership decreased from 613,000 to 571,000 .",B1
"From 2012 to 2013 , viewership went up from 613,000 to 571,000 .",B1
"Call and response is common in folk and choral singing of many people , especially in African musical cultures .",B1
"In the 19th century , water closets started to be more common than chamber pots , but chamber pots were still used until the mid-20th century .",B1
A team gets 3 points for a win .,B1
Demarest traveled around on foot to learn more about the Earth 's structure .,B1
"He utilized his journeys , traveling on foot , so as to add to his knowledge of the Earth 's structure .",B1
Students can also choose to attend a community college prior to further study at another college or university .,B1
Some students choose to attend a community college or junior college for two years beforehand to further study at another college or university .,B1
The home uniform colors of the club are red and white .,B1
The game received fairly good reviews from critics .,B1
It is best known for its engineering design work .,B1
It is best known for its design work for the built environment .,B1
"The median income for a household in 2000 was $ 16,563 per year .",B1
The current constitution dates from 1997 .,B1
"The book is divided into two parts , and is 108,260 words long .",B1
The main entrance to the castle is through the western barbican .,B1
"In July 2003 , iPass successfully issued its IPO , raising over $ 100 million .",B1
"In July 2003 , the firm successfully issued its IPO , raising over $ 100 million .",B1
"In December 2003 , the main building was closed for repair .",B1
"In December 2003 , the main building of the museum closed for a major renovation .",B1
By the end of the year French armies had won victories on all fronts .,B1
"By the end of the year French armies had won victories on all fronts , and as the year closed they began advancing into the Netherlands .",B1
"Its economy consists mainly of mining , agriculture and fishing .",B1
"Main industries in the province are mining , agriculture and fishing .",B1
There are three types of softball .,B1
There are two types of softball : fastpitch and slow pitch .,B1
Modern dry cleaning 's use of non-water - based solvents to remove soil and stains from clothes was reported as early as 1855 .,B1
The basic unit of an element is called an atom .,B1
The atom is the basic unit of chemistry .,B1
A major upgrade took place place between 2010 and is expected to be completed in 2015 .,B1
The A $ 32 million first phase of a major upgrade began in 2010 and is expected to be completed during 2015 .,B1
Three matches happened on the pre-show .,B1
One or two players regularly form a side on beach courts divided by a net like beach tennis .,B1
"The salt - water lake has a length , from northwest to southeast , of 22 km .",B1
"The lake has a length , from northwest to southeast , of 22 km ; its maximum width is 12 km .",B1
"In understanding a process , the process is typically mapped out and the process is monitored using control charts .",B1
"The median income for a household was $ 41,290 .",B1
The school is known for having a large number of white students compared with the national average .,B1
"Some adults travel to other countries to have access to sex with children , which is unavailable in their home country .",B1
This breed originated in the second half of the nineteenth century in Japan .,B1
This breed originated in the second half of the 19th century .,B1
They are usually in pairs or small noisy groups of 10 to 30 .,B1
7 - Eleven stores in Japan look different from stores in other countries as they offer a wider selection of products and services .,B1
His age at death has been estimated from 7 years six months to as old as 15 years .,B1
The format remains largely unchanged from previous seasons .,B1
The show 's format remained the same from previous seasons of the show .,B1
The Eta Carinae star system is currently one of the most massive that can be studied in great detail .,B1
"The book has been in print since it was first published , and has sold over one million copies .",B1
"The book has remained in print since its initial publication in 1971 , and has sold over two million copies .",B1
The island has an area of about 174 km .,B1
"started as a political youth organization in 2000 and became a political party in January 2006 , running in the 2006 elections .",B1
"He died in London on 5 December 2013 , aged 75 , from undisclosed causes .",B1
Japanese radios did pick up more American submarine activity and messages .,B1
"Sea levels were high , and there was a great variety of fish and other marine organisms .",B1
Female pandas may give birth to two young .,B1
The health risks associated with nuclear materials have also been of concern .,B1
The film won two wac awards of its eight nominations .,B1
The movie won two of its eight nominations .,B1
"At age ten she was traveling , had boyfriends and wanted to be an actress .",B1
Amateur radio operators talk to each other in many ways .,B1
"However , the theater was closed on royal order in 1792 and it became a warehouse .",B1
In 1792 it was closed and became a warehouse .,B1
"Another part of the show was the the knight 's tour , a famed chess puzzle .",B1
"The population was 22,699 at the 2010 census and an estimated 25,976 in 2018 .",B1
POTS can be caused by many different things .,B1
Slowpitch pitching distance is 50 feet for both male and female players .,B1
He died in the early hours of 13 July 2019 after a brief illness .,B1
Several November records for deep snow were broken .,B1
"Since measurings begun in 1905 , several November records for deep snow were broken .",B1
"The median income for a household was $ 34,669 .",B1
Six field guides have also been published .,B1
Four field guides were also released .,B1
"Porcelain originated in China , and ' china ' is the common name of the product .",B1
Pipelining improves performance by allowing a number of instructions to work their way through the processor at the same time .,B1
The area was opened up by settlers from the 1860s .,B1
Tennis is an Olympic sport and is played at all levels of society and at all ages .,B1
Tennis is now a sport that is played at the Olympics .,B1
Scientists do not know why the Christmas Island Pipistrelle 's numbers dropped .,B1
Adults of both sexes are medium to large birds .,B1
Late in life he suffered from depression .,B1
Adults fly in the late morning and early afternoon .,B1
"Shooting has inspired competition , and in several countries rifle clubs started to form in the 19th century .",B1
Centers often coordinate with outside programs .,B1
Centers often coordinate with outside programs such as 211 .,B1
The musical film was a natural development of the stage musical after the emergence of sound film technology .,B1
The musical movie was a natural development of the stage musical .,B1
"From 1989 to 1993 the Hipparcos satellite took measurements for over 100,000 nearby stars .",B1
The story has been changed many times in the centuries following its publication .,B1
The importation of slaves was made illegal in 1792 .,B1
Basic modifications are simple .,B1
Basic changes are simple .,B1
"In 2004 1896 , winners ' medals were in fact silver .",B1
"In 1896 , winners ' medals were made from silver .",B1
The movie was generally a failure .,B1
The design of the trains was finalized in September 2004 .,B1
"After September 1939 , the Dutch tried to improve the situation , but with little result .",B1
Over the years she has worked in various styles including jazz and art song .,B1
"For example , a person had to choose between two stocks .",B1
"For example , assume an investor had to choose between two stocks .",B1
He started his acting career in the late 1990s .,B1
The main economic activity is commerce with Haiti .,B1
Solar cells produce direct current electricity from sunlight which can be used to power equipment or to recharge a battery .,B1
Civil rights are protected by law and custom .,B1
The relief decoration was removed in 1945 .,B1
"On January 17 , 1995 , a magnitude 6.9 earthquake occurred at 5 : 46 am JST near the city .",B1
"On January 17 , 1995 a very powerful earthquake hit the city .",B1
"These birds feed on insects , including those stirred up by cattle .",B1
The six-part series followed the book in great detail including all key features .,B1
The six-part series followed the book in great detail .,B1
Programs are composed of instructions which operate on values .,B1
"The station 's large hall was the same shape as many 19th century concert halls , that is , it is shaped like a horse shoe .",B1
He was then nominated by the prime minister to serve as the Minister of Finance .,B1
"29,000 houses were destroyed and more than 5,000 people were killed .",B1
"Runner Types Since 1940 , there has been a shift to production of Runner type peanuts in the southeastern U.S .",B1
Rapid forces were needed to protect important locations from the enemy .,B1
Butter cakes are often made by beating the butter and sugar until fluffy .,B1
The highlighted countries qualified for the final .,B1
These five countries are directly qualified for the final .,B1
"In 1984 , when he was about 25 , he finally came into contact people from outside his family .",B1
She went school with in - depth study of languages .,B1
"She went to school with in - depth study of foreign languages , and now knows three languages .",B1
The movement of snakes in trees has only recently been studied .,B1
"Before the beginnig of the 1700s , there might not have been a permanent population there .",B1
Its relative minor is F minor and its parallel minor is A-flat minor .,B1
The relative minor is F minor .,B1
The pitching distance can range between 35 and 43 feet .,B1
"16 - bit programs usually run in a single virtual DOS machine , sharing memory between them .",B1
The episode includes cover versions of six songs .,B1
"The episode features cover versions of six songs , which received mixed reviews from critics .",B1
"All of the species are small land frogs , about 4 cm in length .",B1
The Grade is mostly used in mountaineering and big wall climbing .,B1
Construction on a new bridge began in 1987 and opened in 1997 .,B1
Construction on a new bridge began in 1987 and opened to traffic in 1992 .,B1
Scholars rocks can be any color .,B1
A serf had some freedom .,B1
Problems continued for the revised section .,B1
"However , the problem continued for the new revised section .",B1
"Chopsticks are used in cooking to stir materials in a pan , or to help move meals .",B1
"In the 1990s , major card issuers in the US raised the cash- back percentage up to 5 % .",B1
Latin was the most important language in most of Europe in the Middle Ages .,B1
"During the Early Modern Age , Latin still was the most important language of culture in Europe .",B1
"A female Gilbert 's potoroo can have two babies in a year , while carrying only one at a time .",B1
"The female potoroos can have two babies in a year , but only carry one at a time .",B1
These concerns have gotten larger because of the actions of China .,B1
"In the summer of 2014 , during a fight in his house he took a hit to the head .",B1
Top two teams in each group advanced to the semi-finals,B1
"The mouse - like hamsters are not real hamsters , although they look like hamsters .",B1
The movie cost about $ 15 million to make .,B1
The budget was around $ 15 million .,B1
Operators also check clothing for foreign objects before placing them into the machine .,B1
"As part of the changes , the transport to Ravenscraig will get better .",B1
"The airport still has an important role in emergency services operation , civil operation , and flight training .",B1
"At present , over 700 teachers work at the departments of the university .",B1
"At present , over 700 professors teach at the university .",B1
The movement is in sonata form .,B1
Some people keep this species as a pet .,B1
The first movement is written in sonata form and is in the key of C major .,B1
"With an area of 1648000 km2 , Iran ranks seventeenth in size among the countries of the world .",B1
"He moved to Paris in 1802 , where he spent the rest of his life , renting an upper floor of a house in a poor part of town .",B1
Many people argue about what makes up the mind .,B1
The attributes that make up the mind are debated .,B1
"s of 2010 the median income for a household was $ 41,290 , and the median income for a family was $ 65,673 .",B1
"Up to 20,000 people visit the city during the summer months .",B1
"Up to 20,000 people a day visit the city in July and August .",B1
The MIPS architecture has instructions which are 32 bits long .,B1
The size of the main cast was smaller compared to the previous series .,B1
"At the level of the operating system , SATA and PATA devices can be made to look the same .",B1
This was the first major history of Japan to be published in the West .,B1
Producing milk has been part of farming for a long time .,B1
"A TGV test train set the world record for the fastest wheeled train , reaching 574.8 km / h on 3 April 2007 .",B1
"In 2007 , a special TGV set the speed record for rail vehicles , reaching 574,8 km / h.",B1
"After that , many people contributed code to the project .",B1
"After the post , many people contributed code to the project .",B1
"Historically , Latin or Romance languages have been the official languages in this region .",B1
"The project will also include 420 to 470 units of housing , about 80 percent of the units will be condos and 20 percent will be apartments .",B1
The project will also include 420 to 470 units of housing .,B1
"She died in her sleep on 6 March 2018 , from natural causes at the age of 88 .",B1
"During the single player 's campaign , the player controls the following characters .",B1
There are about 28 subfamilies of this species in Australia .,B1
The convention is about what a state is and what rights and duties a state has .,B1
"In the night , many watches and warnings were stopped .",B1
Spanish athletes have won a total of 132 medals .,B1
Mortars have existed for hundreds of years .,B1
In 1984 Carstens decided not to seek a second term on account of his age and left office on 30 June 1984 .,B1
In 1984 he decided not to seek a second term on account of his age and left office on 30 June 1984 .,B1
The game 's multiplayer mode supports up to 64 players .,B1
The game 's multiplayer is planned to allow 64 players .,B1
The organization offers services and development programs .,B1
The groups offers services and developments programs .,B1
Nazi Germany attacked the Netherlands in May 1940 .,B1
"On 10 May 1940 , German troops started to attack the Netherlands .",B1
Jewelry may be made from a wide range of materials .,B1
Jewelry can be made from any material .,B1
"The game ends when a player has no more tiles , and there are no more tiles in the bag .",B1
"The game ends when a player plays every tile in his or her rack , and there are no remaining tiles to draw .",B1
"Now , the village and base 's combined population is about 4,500 .",B1
"In Finland , peace and quiet in isolation is often the object of the pastime .",B1
The atoms in metals have a strong attractive force between them .,B1
Egyptian athletes have won a total of 24 medals .,B1
"Egyptian athletes have won a total of 32 medals , with weightlifting as the top medal - producing sport .",B1
"Known as One Billion Rising for Justice , the event was held on February 2014 .",B1
"The buildings are not tall , but the complex covers a large area of land .",B1
The shell color keeps the animal hidden in the water .,B1
"As people from Europe began exploring Africa in the early 1800s , guns were made to handle the very large animals that people saw .",B1
Tanzania is divided into 26 Regions .,B1
"As of 2016 , Tanzania is divided into thirty - one regions .",B1
She turned 100 in September 2017 and died on 19 January 2018 in Rome .,B1
"In 2001 , the local community published its own findings about the forest 's sustainable management .",B1
It is usually possible to save a text conversation for later reference .,B1
"The telescope is unique because it will use seven mirror sections , each 8.4 m in diameter .",B1
"Eventually , because of Rome , the art of baking became known in Europe .",B1
Most sea snakes are able to breathe through their skin .,B1
"As of 2010 , the municipality had a total population of 8,343 , up from 7,172 as of 2005 .",B1
"When the U.S. joined World War II in December 1941 , it was thought to be a luxury to fly .",B1
The terracotta army figures were made in workshops .,B1
"The tiger shark is often found close to the coast , mainly in tropical and subtropical waters throughout the world .",B1
The movie was a flop .,B1
The important material of a given era is often its defining point .,B1
He died 23 December 2018 in Mumbai at the age of 86 after a brief illness .,B1
There are various factors that can make a seller more or less willing to produce and sell a good .,B1
Modern ketchup emerged in the early years of the 20th century .,B1
"Buchi Emecheta suffered a stroke in 2010 , and she died in London on 25 January 2017 , aged 72 .",B1
"Emecheta died in her sleep at her home in London on 25 January 2017 from complications of a stroke , aged 72 .",B1
The city is situated in a lake region of forests and plains .,B1
The town is near a lake region of forests and plains .,B1
Asian elephants are usually smaller than African elephants .,B1
"In general , Asian elephants are smaller than African elephants and have the highest body point on the head .",B1
The species within this family vary in size from 1.5 to .,B1
"The species in this family vary in size , from 1.5 cm to 12 cm .",B1
"The median income for a household in the county was $ 64,294 .",B1
Gathering is the traditional job of the women and children .,B1
Modern video cameras have numerous designs and uses .,B1
"Currently the university has about 27,000 students and employs about 4,600 people .",B1
The western grey kangaroo is one of the largest kangaroos .,B1
"The fourth- generation iPad is shipped with iOS 6.0 and later , iOS 7 .",B1
The fourth generation iPad shipped with iOS 6.1 .,B1
The line joins central Singapore to the north-eastern part of the island .,B1
"As the name implies , the line connects central Singapore to the north-eastern and south -western parts of the island .",B1
AS - 90D - Modified for desert use .,B1
AS -90D - Changed for use in the desert .,B1
The islands are a popular destination for Western tourists .,B1
The islands are a popular destination for tourists .,B1
French explorers and fur traders were the first recorded Europeans to pass through this region .,B1
"Individual animals regularly clean themselves and put their fur , feathers or other skin coverings in good order .",B1
Caramel sauce is made from heating water and caster sugar at a low to medium temperature .,B1
"In 2010 , there was an estimated 8,638 Kayapo people .",B1
Geordi was born blind and must wear a VISOR to help him see .,B1
"As of 2017 , the books had collectively sold more than seven million copies , and appeared on numerous childrens ' best-seller lists .",B1
An elbow drop is where a wrestler jumps or falls down onto their opponent while driving their elbow into anywhere on the opponent 's body .,B1
"On television , breaking the fourth wall has been done throughout the history of the medium .",B1
"On television , breaking the fourth wall is rare .",B1
Some backpacks are specifically designed to carry certain items .,B1
The province has 8 districts and 28 municipalities .,B1
It is made up of 8 districts and 28 municipalities .,B1
Music and sport are the only fields that largely fall outside the station 's remit .,B1
Not all musical instruments make notes of a certain pitch .,B1
Not all musical instruments make notes with a clear pitch .,B1
"By the end of 2008 , there were a total of 14 schools serving approximately 9,268 students .",B1
There are two kinds of adverbs : first form and second form .,B1
"In multiplayer mode , up to 4 people can play against each other non-stop .",B1
"In the 18th and 19th centuries , French literature and poetry reached its best .",B1
Frequently two types of sports competition are played in this rural community .,B1
The use of military units for civilian police is common to many eras and cultures .,B1
In the United States most employment in the field requires either a masters degree in statistics or a related field or a PhD .,B1
"The award consists of 100,000 Taka , an 18 carat gold medal weighing 3 tolas .",B1
Nematode species look very similar to one another .,B1
The complex consists of two temples .,B1
Most of the area around these mountain villages is covered with trees .,B1
"The game starts by purchasing foods , toys , and furniture to attract cats to the player 's home .",B1
"Gameplay revolves around the player purchasing food , cat toys , and furniture to attract a variety of cats to their home .",B1
"One of the first , and most powerful , techniques to improve performance is the use of instruction pipelining .",B1
This species may be seen flying from April-October in the south .,B1
"This species may be seen flying from April to October in the south , while in the north it flies from summer to early fall .",B1
"Arns died on January 12 , 2010 as a result of the 2010 Haiti earthquake .",B1
The climate of Ghana is tropical and there are two main seasons : the wet season and the dry season .,B1
There are two main seasons in Ghana : the wet and the dry seasons .,B1
One way to think about mental health is by looking at how well a person lives .,B1
Pius V died on 1 May 1572 of what is believed to be cancer .,B1
Bald eagles become adults when they are four or five years old .,B1
"Both at the server and the user level , Discord allows users to connect these to their Twitch . tv or other gaming service account .",B1
Discord allows users to connect to their account to their Twitch . tv .,B1
"This system is found in most fish , including sharks .",B1
There are many churches and historical buildings .,B1
It was discovered around 6000 BC that wheat seeds could be crushed between simple millstones to make flour .,B1
This plant is adaptable and easy to grow .,B1
A large number of settlers arrived in the 1850s and 1860s .,B1
Visibility less than 100 m is often called zero .,B1
Visibility of less than 100 m is usually reported as zero .,B1
Oxygen is the most common element by mass on Earth .,B1
"By the morning of Friday , July 21 , the fire had been reported at 74,083 acres at 15 % containment .",B1
Very little is known about how long they live .,B1
Very little is known of the species ' lifespan .,B1
There were two phases to the operation .,B1
There were two parts to the operation .,B1
The unit deals with many water issues in industry and mining .,B1
The unit deals with cross disciplinary water issues relating to industry and mining .,B1
The executive in a legal system serves as the center of political authority of the State .,B1
Critics commented on the film 's misleading advertisement campaign .,B1
Reviewers criticized the film 's advertisement campaign .,B1
The first movement is written in sonata form .,B1
"However , during the 20th century the river got worse .",B1
A person 's speaking vocabulary is all the words they use in speech .,B1
The vocabulary a person uses is all the words that person knows and uses .,B1
More detail on the health of the drive may be obtained by examining the S. M. A. R. T. Attributes .,B1
"The 1880 census found the population of the United States to be 50,189,209 .",B1
Credits taken from album notes .,B1
Credits are adapted from the album 's liner notes .,B1
The regular season ends in the middle of April .,B1
"Around the middle of April , the regular season ends .",B1
"On Friday , drivers had a 45 - minute free practice session and a 30 - minute qualifying session .",B1
"In more recent years , many projects have attempted to bridge the gap in our knowledge caused by the Zone of Avoidance .",B1
"During December to March , the lake turns to a vibrant cobalt blue color .",B1
"In 2007 , Rose suffered a stroke that left him with speech and movement difficulties .",B1
"The planes , with many damaged aircraft , landed on their carriers between 12 : 50 and 14 : 30 .",B1
The middlegame is the part of the game after most pieces have been developed .,B1
The middlegame is the part of the game which starts after the opening .,B1
"Since 2002 , he was also foreign trade advisers of France .",B1
"Since 2002 , he has also been an adviser of France .",B1
The upper side of the wings is a dark reddish - brown color .,B1
Sexual reproduction first appeared about a billion years ago .,B1
Air cooling is making the temperature of an object lower using air .,B1
Polo is not always played on ponies .,B1
Nomads keep moving for different reasons .,B1
The specimen was probably not fully grown at the time of its death .,B1
Costa Rica developed high literacy rates and education levels .,B1
Costa Rica has developed high education levels .,B1
"In order to make it possible for all the Form 3 students to study as Form 4 in the school , the school changed the class structure .",B1
The following artists spent the most weeks at number one on the chart during the 2000s .,B1
The following artists achieved four or more number-one hits during the 2000s .,B1
Hopes that the ballet would be ready in May were dashed .,B1
Hopes that the ballet would be ready in May were dashed and the opening night was postponed several times .,B1
"In July 2010 , it was announced that casting had begun for a second season .",B1
The libretto is not always written before the music .,B1
Strategic bombing was an idea first tried in World War I .,B1
"Strategic bombing was used in World War I , though it was not understood in its present form .",B1
This situation almost happened again in 2004 .,B1
There are many different versions of this song .,B1
There are many different versions of the lyrics to the song .,B1
"The sea , characterized by severe climate , is frozen over most of the year .",B1
"By 1600 , rockets were being used in some parts of Europe .",B1
A fully grown adult is about 1.8 m length and weighs 90 -.,B1
An adult is about 1.8 m in length and weighs 90 - 120 kg .,B1
"Today , the local economy is mostly shopping and handcraft , with the largest employer being a clothing maker .",B1
"There should be multiple ways of sending emergency information so that if one does not work , the others might .",B1
"There should be multiple means of delivering emergency information so that if one fails , others may get through .",B1
Conscious thought is not necessary for knowledge of results to have its effect .,B1
"It was made a municipal district on May 1 , 2003 .",B1
Filming was scheduled to last 138 days .,B1
The filming schedule was intended to last 138 days but grew to 160 .,B1
Seals were used in very early civilizations .,B1
African elephants receive some legal protection in every country where they are found .,B1
"For 2007 , d'Ambrosio took part in the first season of the International Formula Master series .",B1
The first season began airing on November 1 2015 and ended on June 5 2016 .,B1
The first season premiered on 1 November 2015 and ended on 5 June 2016 after 62 episodes .,B1
A satellite terminal is a building that is not joined to other airport buildings .,B1
This movie got mostly positive reviews .,B1
"Over his next nine fights , Rose had a record of eight wins and one loss , with one knockout .",B1
"By the start of the 20th century , Germany and the United States had begun to challenge Britain 's economic lead .",B1
The table tennis section applied for bankruptcy on 3 July 2006 .,B1
A seahorse is used as the company 's icon .,B1
A seahorse is used as the company 's icon and is worldwide protected by copyright .,B1
"The oldest anchors were just rocks , and many rock anchors have been found from a long time ago .",B1
"At the 2001 Census , the population of the civil parish was 20,309 .",B1
Modern Japan is divided into 47 prefectures .,B1
"In the opening and middlegame , the king will rarely play an active role in the development of an offensive or defensive position .",B1
Blankets may also be used on the ground for a picnic or other places where people want to sit without their clothing getting dirty or wet .,B1
The Reminders app allows users to make lists and alerts that can be based on a date or a location .,B1
"5566 's members not only work together as one , but they also work separately .",B1
"5566 not only work together as a group , but also individually .",B1
"The blast killed at least 91 people and injured 1,400 others .",B1
The idiom is not unique to English .,B1
The idiom is not uniquely English .,B1
The current tower is the second tower on the site .,B1
The current tower is the second to occupy the site .,B1
The collection includes some of the prefecture 's most important cultural assets and works by artists with some connection to the region .,B1
Much of the range lies in national parks and other protected areas .,B1
"As of version 1.13.0 , there are 66 cats for the player to collect .",B1
Work on the temples began about 1264 BC and lasted for about 20 years .,B1
"Construction of the temple complex started in approximately 1264 BC and lasted for about 20 years , until 1244 BC .",B1
"In 1997 , 81 % of all soybeans were of genetically modified stock .",B1
Call and response singing is common in modern Western popular music .,B1
Call and response is common in modern Western popular music .,B1
"Following its discovery , Mab was given the temporary designation S / 2003 U 1 .",B1
"Following its discovery , Mab was given the code name S / 2003 U 1 .",B1
Messier 49 has the radio emission of a normal galaxy .,B1
Twelve matches were performed at the event .,B1
Galaxy groups are the smallest groups of galaxies .,B1
"During May , there were 326 tornadoes confirmed in the United States .",B1
"There were 370 tornadoes reported in the United States in May , of which 322 were confirmed .",B1
Many cultures hold some food preferences and some food taboos .,B1
"In most species , the female does most or all of the nest construction , though the male often helps .",B1
A tropical wave moved off the coast of Africa on August 9 .,B1
"This area has hot , humid summers and cool winters .",B1
The book includes 36 short essays predicting the consequences of global warming .,B1
"Popular science is a bridge between the literature written for scientists , and the realms of popular writing which ordinary people use .",B1
"The failure rate of a system usually depends on time , with the rate varying over the life cycle of the system .",B1
"Following two bad accidents in 2002 and 2003 , safety has been a concern at the circuit 's 130R corner .",B1
"Following two major accidents in 2002 and 2003 , one of the main issues in safety has been at the corner 130R .",B1
The shopping mall is located on both the northern and the southern side of the E4 motorway .,B1
The shopping mall is located on both the northern and the southern side of the E4 motorway and is connected with a covered bridge spanning across the motorway .,B1
"Detectors designed for modern accelerators are huge , both in size and in cost .",B1
Detectors designed for modern accelerators are very big .,B1
"Some women protested , because his designs covered up their legs , which they did not during wartime .",B1
"Despite it 's positive reviews , some reviewers criticized the game .",B1
Some reviewers were critical towards certain aspects of the game .,B1
"In addition to service , a serf was required to pay certain taxes and fees .",B1
Thousands of school children died because of badly built schools .,B1
It is known for its inviting jungle gym-like characteristics .,B1
In 1873 mine employers attempted to introduce Saturday afternoon and Sunday shifts .,B1
In 1873 mine owners tried to bring in Saturday afternoon and Sunday work .,B1
There are 3 urban communities and 111 rural communities .,B1
The province has 3 urban and 111 rural communities .,B1
Chinese rock reached a peak of creativity and popularity between 1990 and 1993 .,B1
French is spoken by almost all the population .,B1
The population is almost entirely French-speaking .,B1
"The opera was not a success , and audiences found the story confusing .",B1
The cathedral was built on the site of Mayan ruins T'ho .,B1
The cathedral was built on the site of Mayan ruins Tiho .,B1
"Mostly songs in this album are smooth , some speed .",B1
Green toads are green or yellow with black spots .,B1
"Green toads are typically bright to pale green in color , with black spotting .",B1
Multiplayer can be played with up to four players .,B1
The song received polarizing reviews from music critics .,B1
Cybermen have a number of weaknesses over the years .,B1
The Cybermen have had a number of weaknesses since their introduction .,B1
"Instructs the server to return information about the administrators of the server specified by , where is either a server or a user .",B1
The first edition covered 45 objects numbered M1 to M45 .,B1
The first edition of 1771 covered 45 objects numbered M1 to M45 .,B1
Fish are in danger of being eaten if they are separated from the school .,B1
"He died of pneumonia and heart failure on 7 January 2018 , aged 61 .",B1
The total number of people with this infection is higher in some countries in Africa and Asia .,B1
He went down the stairs to the first floor cafeteria which had around a hundred people in it .,B1
"He next went down to the first-floor cafeteria , in which about a hundred people were gathered .",B1
BASE jumping grew out of skydiving .,B1
The idea for BASE jumping came from skydiving .,B1
Chocolate syrup is also used to top puddings and cakes .,B1
Chocolate syrup is also used in many desserts .,B1
"This is the smallest region in Italy with an area of 3260.9 km2 , and a population of about 126,883 .",B1
"The iPhone 5C uses most of the same hardware as the iPhone 5 , with some minor changes .",B1
The iPhone 5C has almost the same hardware as the iPhone 5 .,B1
The game was poorly received by critics and gamers alike .,B1
The game received mixed reviews by critics and gamers alike .,B1
"In 2018 , the museum received 2,227,773 visitors , making it Scotland 's most popular visitor attraction that year .",B1
"In 2017 , the museum received 2,165,601 visitors , Scotland 's most popular visitor attraction that year .",B1
Some fish change sex over the course of their life .,B1
"People started to travel around the world at that time , and cookies made a good travel snack ; a sweeter version of the travel cakes used throughout history .",B1
"After attending multiple writers ' conventions , she began writing short stories .",B1
"After going to a few writers ' meetings , she began writing short stories .",B1
Her career started in 1950 and continues to this day .,B1
Female trees bear their fruit only every few years .,B1
RIRs split their address pools into smaller chunks and give them to Internet service providers in their region .,B1
"Hot chocolate can be made with dark , semisweet , or bittersweet chocolate .",B1
Endgames can be studied according to the types of pieces that remain on board .,B1
"The commune has an area of 1466.7 sqkm and the city proper , 16.16 sqkm .",B1
"In warfare , the long-term objective is the defeat of the enemy .",B1
World population will decline from about 2040 .,B1
The population will decline from about the 2040th .,B1
"Tits are active , noisy , and social birds .",B1
"The tits are active , noisy , social birds .",B1
The phrase is used in widely varying contexts .,B1
The structure of mauveine was not fully identified until 1994 .,B1
Another unique waterpark feature is ice skating .,B1
Pallor is seen most easily on the face and palms .,B1
Spanish -speaking countries use many different names for the varieties and preparations .,B1
The name used generally refers to the type of military that uses the base .,B1
The name used generally refers to the type of military activity that takes place at the base .,B1
Many electronic paper technologies hold static text and images indefinitely without electricity .,B1
The song received mainly negative reviews from critics .,B1
"Upon starting the game for the first time , the player is allowed to create an avatar .",B1
"In both respects , little was achieved this day .",B1
Little was achieved this day .,B1
"By the twentieth century , modern bookbinding materials prevented much of the damage done to books by book -boring insects .",B1
Financial maths is the study of maths for financial markets .,B1
Several factors can end a support order for a child under the age of majority .,B1
"Genet developed throat cancer and was found dead on 15 April 1986 , in a hotel room in Paris .",B1
Genet developed throat cancer and died on 15 April 1986 in Paris .,B1
Twenty - eight merchant ships with more than 34000 ST of cargo were sunk or destroyed .,B1
Much of the railway track and rolling stock is in need of repair or replacement .,B1
"In modern times , 70 % to 90 % of the waters is used for human purposes and the flow is much smaller .",B1
Coussmaker sat for Reynolds 21 times and his horse 8 times between February 9 and April 16 .,B1
"By the 40s AD , the political situation in Britain was apparently in some chaos .",B1
"The bones were those of a very short man , just over four feet tall .",B1
"Each round uses 6 16 - bit sub-keys , while the half- round uses 4 , a total of 52 for 8.5 rounds .",B1
The use of medial caps for identifiers is recommended by many organizations and software projects .,B1
Children between the ages of 6 and 16 must have full-time education .,B1
Children between the ages of 6 and 16 are required by law to have full-time education .,B1
The purpose of classification is to protect information .,B1
"Parts of the street are often closed for events , such as an yearly street party .",B1
"Sections of the street are often closed for other events , such as an annual street festival .",B1
Difficulties arise in tracing the history of design management .,B1
It is difficult to exactly trace the history of design management .,B1
Matches may also be played on Tuesdays or Wednesdays instead of the regular Thursdays due to scheduling conflicts .,B1
Matches where also be played on Tuesdays or Wednesdays instead of the normal Thursdays due to scheduling conflicts .,B1
This table gives a summary of the differences between the different Schedules .,B1
Interest in the machine grew across Europe .,B1
"Following word of its debut , interest in the machine grew across Europe .",B1
"The National Parks Act of 1980 was written to record what national parks are for , and how they would be chosen and looked after .",B1
"Occasionally in ancient times , writings were attributed to celebrated authors but were not written by them .",B1
Many novels of great length do not have chapters .,B1
Many novels of great length have chapters .,B1
"The Romans adopted the Greek tradition , becoming the first people to write history in a non-Greek language .",B1
Black powder rocket motors are only made in small sizes .,B1
"Production began in November 1999 and was completed in May 2000 , with a budget of $ 52.5 million .",B1
"Production on the movie began in November 1999 and was finished in May 2000 , with a budget of just over $ 50 million .",B1
Cleaner shrimp are often included in salt water aquaria to keep the tank clean .,B1
The 150th anniversary was celebrated in 2003 .,B1
The violin is played either seated or standing up .,B1
The violin can be played either standing or sitting down .,B1
Independence is another good thing about owning a small business .,B1
Independence is another advantage of owning a small business .,B1
"When war broke out again in 1282 , it was entirely different .",B1
"The trip was fast , but the rate of people dying was the highest in the history of transportation to Australia .",B1
"On poor , dry soils there are tropical heathlands .",B1
Another danger is that most BASE jumpers have very small areas in which to land .,B1
A champion who does not wear the rainbow jersey can be fined 2500 to 5000 Swiss francs .,B1
Failure to wear the rainbow jersey where required carries a penalty of 2500 to 5000 Swiss francs .,B1
Canada is made up of ten provinces and three territories .,B1
Canada is a federation composed of ten provinces and three territories .,B1
The next few decades were of rapid growth and expansion in the territories controlled by the British .,B1
The next few decades were of rapid growth and expansion in the territories controlled by the English .,B1
"Because it breaks the skin , tattooing carries health risks .",B1
"Because it requires breaking the skin barrier , tattooing carries health risks including infection and allergic reactions .",B1
Maria first was a pioneering housewife and mother .,B1
"If we take another sample of 25 cups , we could easily expect to find mean values like 250.4 or 251.1 grams .",B1
"If we take another sample of 25 cups , we could easily expect to find values like 250.4 or 251.1 grams .",B1
On envelopes and postcards there are often four square boxes printed in orange ink at the bottom right for the postcode numbers .,B1
Weight training is a safe form of exercise when the movements are controlled and carefully defined .,B1
"Weight training is a safe kind of exercise when the motion is slow , controlled , and careful .",B1
"In the second season , the format of the show changed drastically .",B1
The speech lasted 40 minutes and 14 seconds and contained 5154 words .,B1
There are species on the checklist .,B1
"There are species on the checklist , which is begun below and continues in several parts .",B1
He worked with major scientific figures and travelers on projects involving their studies .,B1
"In addition , there are 19 associate members and one affiliate member .",B1
The opposite of a standing start is a rolling start .,B1
The alternative to a standing start is a rolling start .,B1
"In the 15th century , the first Europeans came to the area .",B1
"U Thant died of lung cancer in New York on November 25 , 1974 .",B1
Thant died of lung cancer in New York on 25 November 1974 .,B1
"The professors currently hold their positions for three years , extendable for a fourth year .",B1
"Peret died in Barcelona in 2014 from lung cancer , aged 79 .",B1
"Peret died in Barcelona , Spain from lung cancer , aged 79 .",B1
Some of these topics have been discussed before .,B1
Some of these topics had been discussed before .,B1
In following years a number of books presented by foreign publishers have been seized by Egyptian authorities .,B1
In later years a number of books from foreign publishers have been taken by Egyptian authorities .,B1
The following table lays out the dates of construction of most of the major pyramids .,B1
The South developed an agricultural economy .,B1
Amusement park go-karts can be powered by 4 - stroke engines or electric motors .,B1
Grommerch developed breast cancer in 2007 .,B1
Grommerch developed breast cancer in 2007 ; there is a family history of the disease .,B1
"The mouth is just behind the head , on the underside of the body .",B1
"In October 2015 , the districts were abolished .",B1
This technique has long been used to produce flexible metal wire by drawing the material through a series of holes of decreasing size .,B1
"The selection order in the NHL Entry Draft is determined by a combination of lottery , regular season standing , and playoff results .",B1
"Draft order in the Entry Draft is determined by a combination of lottery , regular season standing , and playoff results .",B1
Later reception of the album has been mostly positive .,B1
"On 26 September 1904 , he died of heart failure .",B1
"On 26 September 1904 , he died of heart failure at the age of 54 years .",B1
Management accountants have a dual reporting relationship .,B1
The town was founded in 1828 and incorporated as a city in 1875 .,B1
"In four U.S. states , the child is allowed to start a wrongful life cause of action for damages .",B1
The white - tailed eagle is a very large bird .,B1
"The readout can be analog or digital , and modern instruments have communications with a computer or network .",B1
"Large died of cancer in New York City on October 28 , 2017 at the age of 74 .",B1
"In the first two years of the library , 75 volumes were purchased , and 150 volumes were donated .",B1
During the new library association 's first two years 75 volumes were purchased with an additional 150 donated .,B1
Points are awarded to drivers and teams based on their finishing order .,B1
"Swift died at home on 1 February 2019 , following a short illness , eight days before his 83rd birthday .",B1
Kart racing is generally accepted as the most economic form of motorsport available on four wheels .,B1
Kart racing is generally accepted as the most economic form of motorsport available .,B1
"However , recent research shows that the hotspot itself may have moved with time .",B1
Recent research shows that the hotspot itself may have moved with time .,B1
A tropical wave moved off the western coast of Africa on September 12 .,B1
The movie got very positive reviews .,B1
Recent editions have focused on record feats by human competitors .,B1
Recent editions have focused on record feats by person competitors .,B1
The second season introduced a new format that includes new signs and more original music .,B1
The second season has a new layout that includes new signs and more original music .,B1
"The largest animals usually eat first , while the smaller ones eat later .",B1
The poem 's structure is divided into five sections .,B1
The poem is divided into five parts .,B1
His lectures frequently lasted for three or four hours .,B1
In the years between convict settlement and the start of the modern tourist industry the area most people worked in the timber industry and fishing .,B1
Chaplin has also acted in several Spanish and French films .,B1
"Other distances are sometimes run , particularly indoors .",B1
"Other distances are run , particularly indoors but occasionally outdoors .",B1
Regular events and art installations are a feature of the island .,B1
Regular events and art shows are often held on the island .,B1
"Cooling is when an object gets cold , or lowers in temperature .",B1
The album was well received by music critics .,B1
"Conversion from Julian or Gregorian calendar years to the Human Era can be achieved by adding 10,000 to the AD / CE year .",B1
A number of tactics are used to win a race .,B1
"A week after impact , food is in very short supply across the entire planet .",B1
Paper clips can be used to pick a lock .,B1
Crabs are prepared and eaten all over the world .,B1
Crabs are prepared and eaten as a dish in many different ways all over the world .,B1
The first two were rarely used except by clipper ships in light winds .,B1
The first two were rarely used except by clipper ships in light winds and were usually set flying .,B1
"After many concerts , the band went back to Sweden and began writing songs for their next album .",B1
The parachute drop was a complete failure .,B1
Cancer has existed for all of human history .,B1
Cancer has been around for many thousands of years .,B1
His works are numerous .,B1
"Although American units were usually able to get new troops quickly , the replacements rarely had enough training .",B1
The movie got mixed and positive reviews from critics .,B1
Performance changes were made to speed up tasks across supported iOS devices .,B1
"Before the station was built , it was named Museum .",B1
"Prior to the opening of the station , it was supposed to be called Museum .",B1
"In cricket , a batsman 's average is the total number of runs he has scored divided by the number of times he has been got out .",B1
The train may sometimes experience a rollback after it is launched .,B1
Some of these performances were omitted from DVD release for copyright reasons .,B1
Some of these performances were cut from the DVD for copyright reasons .,B1
Two major special operations were planned for the attack .,B1
Theories differ as to how the water entered the tank .,B1
There are different theories how water could enter the tank .,B1
"Bopp died of liver failure on January 5 , 2018 , at the age of 68 .",B1
The shrinking generator takes a different approach .,B1
The shrinking generator uses a different technique .,B1
The island is also used for private events both large and small .,B1
The island is also increasingly used as a venue for private events both large and small .,B1
The film was released on 19 March 2004 in Spain and 10 September 2004 in Mexico .,B1
"Before contact with Europeans , the indigenous peoples of North America were divided into many different polities , from small bands of a few families to large empires .",B1
Reintroduction is the release of species back into the wild .,B1
"From the beginning , graphic designs were used to identify teams .",B1
"From the beginning , graphic designs were used to tell different teams apart .",B1
This period dates from 1908 to 1914 and the beginning of World War I .,B1
This period lasted from roughly 1905 through to 1914 and the beginning of World War I .,B1
"To illustrate the computation , suppose a coach trains long-distance runners for one month using two methods .",B1
"While the idea was readily accepted by many in the environmentalist community , it has not been widely accepted by other scientists .",B1
The church was burnt down on 12 November 2001 .,B1
Athletes may be professionals or amateurs .,B1
Sportspeople may be professionals or amateurs .,B1
At the beginning of the 19th century the building was sold and partly used as a restaurant .,B1
"The Forest is an important recreational area with woodland walks , noted for their displays of bluebells in the early spring .",B1
Film Crities Circle of Australia Awards,B1
Film Critics Circle of Australia Awards,B1
"At the time of foundation in 1878 the order had only one class , that of Companion .",B1
Roads and railways have been built through passes .,B1
"Roads have long been built through passes , as well as railways more recently .",B1
"Kodkods are active during the day and night , but they only go into open ground under the cover of darkness .",B1
Each course of the university has its own recruitment process .,B1
The date 27 April is now a public holidays in South Africa .,B1
The basic economical activity of this department is cattle raising .,B1
There are more than a hundred different kinds of liver disease .,B1
There are many forms of liver disease .,B1
"The Red Crown is often shown in texts , wall carvings and statues .",B1
The songs tell personal stories of life in Australia .,B1
"As an architectural ornament , spires are most often found on Christian churches .",B1
His bar code is considered as a security key to access areas of the facility where he was created and trained .,B1
His barcode acts as a security key to access areas of the facility where he was created and trained .,B1
"There were 60 tornadoes reported in the United States in November , of which 46 were confirmed .",B1
There were 46 tornadoes confirmed in the United States in November .,B1
Multi-use tickets allow a passenger to travel more than once .,B1
Multi-use tickets allow travel more than once .,B1
Critics gave it mixed reviews .,B1
"As a result of the development of agriculture in the south , many important cultural advances were made there .",B1
"Businesses usually have some kind of fax system , but the technology has faced increasing competition from Internet - based methods .",B1
The simplest form of term life insurance is for a term of one year .,B1
The simplest form of term life insurance is a one-year contract .,B1
"In 2010 , he came out as homosexual .",B1
A large temple also had a lot of land and employed thousands of ordinary people to supply its needs .,B1
All the seven seasons of the series are available on DVDs for regions 1 and region 2 .,B1
"All seven seasons of the series are available on individual DVD box sets for Regions 1 , 2 and 4 .",B1
"In the 1980s and 1990s , historians began debating the appropriate use of the term .",B1
The award categories have changed over the years .,B1
The award categories have varied over the years .,B1
"By the 1990s , the Federal government had changed its mind on wolves .",B1
Another tournament was started the following week .,B1
A new tournament was started the following week .,B1
Over 2000 complaints were made against the organization in 2009 .,B1
A design competition in 1927 did not produce a winning entry .,B1
An architecture competition in 1927 did not produce a winning entry .,B1
These plants are very simple : They lack an obvious stem or leaves .,B1
The method compares words in a text to a set list of everyday words .,B1
"In 1915 , during South West Africa Campaign of World War I , South Africa captured the German colony .",B1
"In 1915 , South Africa captured the German colony .",B1
Two ballets with such stories caused great excitement in Paris in the 1830s .,B1
Two ballets caused great excitement in Paris in the 1830s .,B1
After World War II many of the poorer Germans had to go and live in Germany .,B1
The movie was well - liked by critics and audiences .,B1
The film was very well received by critics and audiences .,B1
"Actors working in theater , film , and television have to learn different skills .",B1
They are often known in English as planes or plane trees .,B1
"In English , these trees are called planes or plane trees .",B1
It differs in three ways from the previous report .,B1
"The third rail is usually located outside the two running rails , but on some systems it is mounted between them .",B1
"The third rail is usually located outside the two running rails , but occasionally between them .",B1
"An average adult American alligator 's weight and length is and , but they sometimes grow to long and weigh over .",B1
An average adult American alligator weighs 360 kg and is 4.0 m long .,B1
A recording medium is a physical material that holds data expressed in any of the existing recording formats .,B1
A recording medium is a physical material that holds information .,B1
Visitors can reach the top of the Space Needle by using elevators .,B1
Visitors can reach the top of the Space Needle by elevators that travel at .,B1
"A number of cities hosted walk - in voting centers , and an official list of locations and open hours were made available as of February 6 .",B1
Building construction is the process of adding structure to real property .,B1
"While admission to some concerts is free , charging for tickets is very common .",B1
"Ten matches happened at the show , including three on the pre-show .",B1
"The airport has one main passenger terminal , serving scheduled and charter holiday flights .",B1
"The airport has one main passenger terminal , serving all scheduled and charter holiday flights .",B1
Australia 's external territories follow different time zones .,B1
"On 6 and 7 September 2013 , double international games between Sweden and Finland were played inside .",B1
Self - assumption of a title is not necessarily illegal .,B1
"For road bicycle racing enthusiasts , the mountain can be climbed by three roads .",B1
"Birdsong was killed in a car crash on June 4 , 2019 at the age of 59 .",B1
"Birdsong died on June 4 , 2019 , as a result of injuries sustained in a car crash .",B1
"The cuisine of Cambodia contains tropical fruits , soups and noodles .",B1
"The food of Cambodia includes tropical fruits , rice , noodles and various soups .",B1
Japanese has a long history of borrowing words from other languages .,B1
Japanese has a long history of borrowing from foreign languages .,B1
All hardcovers have the contents of the comics with the covers .,B1
"All hardcovers contain the contents of the comics , including the covers , and in some cases bonus material .",B1
A table consists of an orderly arrangement of rows and columns .,B1
"The show affects a retro-1950s look , with simple animation and colors .",B1
"The show has a retro-1940s look , with simple animation and colors .",B1
"The average income for a household in the city was $ 32,588 , and the average income for a family was $ 36,165 .",B1
"The quarter has a population of 19,921 , in an area of 2.46 km2 .",B1
X provides the basic framework for a GUI environment : drawing and moving windows on the display device and interacting with a mouse and keyboard .,B1
"Some items of clothing are designed exclusively as underwear , while others such as T-shirts and certain types of shorts are suitable both as underwear and as outer clothing .",B1
The court has ruled that the $ 2.7 billion in school funding was not good enough and was given out unfairly .,B1
Eggs are laid singly under old leaves of a host plant and are green or grey blue .,B1
"Eggs are laid one by one under old leaves of the hostplant , and are green or grey - blue .",B1
The only economic activity of importance is farming .,B1
The only economic activity of importance is agriculture .,B1
"In addition to the United States , Americans and people of American descent can be found internationally .",B1
A geologic section has to follow the rules to be adapted as a GSSP by the ICS .,B1
"Moody died of natural causes whilst in a London hospital on 11 June 2015 , aged 91 .",B1
"Eventually , the two women tell each other the truth .",B1
"But eventually , the two women tell each other the truth .",B1
"A three - hour special marking the end of the show aired on November 16 , 2008 .",B1
"There is also the Japan Monkey park , with different species of monkeys and other entertainment .",B1
Japan Monkey Park has different species of monkeys and other entertainment .,B1
European colonies began with the Spanish settlement of Santa Catarina island in 1542 .,B1
European settlement began with the Spanish settlement of Santa Catarina island in 1542 .,B1
Black tea is often blended with other black tea or various other plants .,B1
Sixth is the roof escape opening that is in place on all Funny Cars since the division was made in the early 1970s .,B1
"Nonetheless , the committee is still composed mainly of politicians .",B1
But the committee is still mainly made up of politicians .,B1
"They are unusually small frogs , only 5 cm in length .",B1
"They are very small frogs , only 5 cm in length .",B1
It was supposed that he possessed a healing power against snakebites .,B1
"Because of code sharing , a single flight may be shown with many different flight numbers .",B1
"Due to code sharing , a flight may be represented by a series of different flight numbers .",B1
Points were awarded to the top 10 classified finishers .,B1
Points are awarded to the top 10 classified finishers .,B1
Architecture is the art and science of designing buildings and structures .,B1
"With county codes , which were official until 1974 .",B1
Their small budget was a reason to use the ship for much of telling the story .,B1
Their small budget was another reason to use the ship for much of the storytelling .,B1
The history of law is closely connected to the development of human civilizations .,B1
The history of law links closely to the development of civilization .,B1
"On 28 December , after eight days of fighting , the Germans withdrew from the town .",B1
During the Iron Age humans started using iron for making tools and weapons .,B1
Humans started using iron for making tools and weapons .,B1
Holland died of a heart attack on 24 December 2017 in New York City at the age of 89 .,B1
"The analysis is done on pairs , a member of one group compared to a member of the other group .",B1
"The judges have a 12 - year term , but they must retire when reaching the age of 68 .",B1
The industry of the town was first based on the large amount of fruit growing in the area .,B1
"Like many eastern spices , pepper was historically both a seasoning and a folk medicine .",B1
The curtain rises on a warm evening in India a long time ago .,B1
Parentheses show how many students enter in a year .,B1
Airolo is also a small ski-resort with 30 km of ski slopes .,B1
Airolo is also home to a small ski-resort with 30 km of prepared slopes .,B1
The leopard cat is the most widely distributed Asian small wild cat .,B1
"Gabrielle starts the series as a young girl who more or less stands behind Xena , and relies on Xena to protect her .",B1
"The median income for a household in the city was $ 39,375 , and the median income for a family was $ 48,250 .",B1
Foxes and human beings lived close together in ancient Japan ; this is why there are legends about them .,B1
Skipper died of problems caused by a stroke on 23 April 2019 .,B1
"Skipper died of complications caused by a stroke on 23 April 2019 , at the age of 61 .",B1
"Upon release , the song received generally positive reviews from critics .",B1
On the 29 August 2010 trail bike riders discovered another human skeleton in the forest .,B1
These six camps were closed by October 1942 .,B1
"When writing currency amounts , the location of the symbol varies by language .",B1
The first huts and shelters were constructed by hand or with simple tools .,B1
"The first buildings were huts and shelters , constructed by hand or with simple tools .",B1
"The great white shark has no known natural predators other than , on very rare occasions , the killer whale .",B1
The traditional food is famous for many vegetables and greens used seasonally in the dishes .,B1
It had a population of 852 according to the 2001 census .,B1
It had 852 people according to the 2001 census .,B1
Historians believe that Washington 's death helped change the way people view lynching .,B1
In 1839 smallpox killed many of the people who lived in the area .,B1
"From this beginning , in the 1950s , a good-sized theory has been built up .",B1
The government 's main concern has been to improve the economy .,B1
"In the United States and Canada , digital clocks and computers commonly display 12 a. m at midnight .",B1
"While the term may refer to spoken English , it can also describe written English .",B1
"The head of government of each state is called the premier , appointed by the state 's Governor .",B1
The head of government of each state is called the Premier .,B1
"Following its discovery , Cupid was given the designation S / 2003 U 2 .",B1
Public places such as parks and beaches are very important for many recreational activities .,B1
"On May 22 , 1933 , Chinese and Japanese representatives met to talk the end of the fight .",B1
"Virgin purchased eighty percent of the team , as part of sponsorship arrangement .",B1
Typically the inner container is immersed about halfway into the working fluid .,B1
"From this , we now can evaluate the integral .",B1
"In the late 1950s , he studied cinema in France .",B1
Energy efficiency will continue to increase .,B1
The energy efficiency will continue to increase .,B1
The film received positive reviews from critics .,B1
The university has its own campus with a total area of 35 000m2 .,B1
The university has its own campus with a total area of 35 000 m2 .,B1
"In 1882 , the government decided to build a new central passenger station to replace the existing ad-hoc station buildings .",B1
He was one of the best known politicians in Sweden and was voted as one of the nation 's most popular politicians .,B1
He was one of the best known politicians in Sweden .,B1
The film received mixed to positive reviews .,B1
It got negative reviews from the critics .,B1
"A lot of classical guitar music is in E minor , because this key is very suited for the instrument .",B1
"The tower is situated at the southern side of the place , where the land walls of the city join the sea walls .",B1
"The tower is at the south side of the place , where the land walls of the city join the sea walls .",B1
"The median income for a household in the city was $ 28,542 , and the median income for a family was $ 27,500 .",B1
"As of , there are four living former second ladies , as identified below .",B1
"As of April 2018 , there are four living former Second Ladies .",B1
The museum does research and public servie work .,B1
The museum does research and public service work .,B1
It became extinct in Africa some 1.5 million years ago .,B1
He is the only member of the Seven Lucky Gods credited with the ability to revive the dead .,B1
He is the only member of the Seven Lucky Gods with the ability to bring the dead back to life .,B1
"In the United States , the issue of mitigating factors is most important in death penalty cases .",B1
Game theory has been put to several uses in philosophy .,B1
Game theory has also been used in philosophy .,B1
"A second , slightly revised edition was published in 1958 .",B1
Languages such as Tcl and Lua were made from the start to be general - purpose scripting languages that could be put into any application .,B1
On pictures he was usually drawn with a black and a yellow stripe painted across his face .,B1
There are major differences between the political system of the United States and that of most other developed democracies .,B1
Association football is the most popular sport in Costa Rica .,B1
The economic impact of the common cold is poorly understood in much of the world .,B1
The economic impact of the common cold is not well understood in much of the world .,B1
Early photographers used it in flash powder .,B1
Forty - eight people have been governor of the state .,B1
"In the United States , the term is sometimes used in invitations , such as to weddings and office parties .",B1
"The term is now often used in invitations , such as to weddings and office parties .",B1
This was the first time that the federal government provided money for a structure dedicated to the performing arts .,B1
"By the 1960s a new international terminal was needed , and work started in late 1966 .",B1
"By the 1960s , the need for a new international terminal had become apparent , and work commenced in late 1966 .",B1
"Even perfect numbers have a very precise form ; odd perfect numbers are rare , if indeed they do exist .",B1
Production and use of energy resources is important to the economy of the world .,B1
"As part of the British Empire , Canada immediately was at war in 1914 .",B1
As a part of the British Empire Canada immediately was at war in 1914 .,B1
The following is a partial list of songs featured in the film along with the artist that popularized them .,B1
Food power is an integral part of the politics of food .,B1
Food power is part of food politics .,B1
Insect respiration happens without lungs .,B1
Note that the description of a device as either input or output depends on how it is viewed .,B1
His career started in 1960 and he has continued working on makeup with most recently in 2012 .,B1
All nine of the Grenfell brothers were accomplished polo players .,B1
A warm - water port is one where the water does not freeze in wintertime .,B1
A warm water port is a port where the water does not freeze in winter time .,B1
This movie got mixed to positive reviews .,B1
The song received many positive reviews from critics .,B1
"As a simple example , consider the average daily high temperatures for two cities , one inland and one near the ocean .",B1
Shepodd died in August 2017 in London at the age of 89 .,B1
Slavery has long been practised in Africa .,B1
Slavery had long been practiced in Africa .,B1
Different forms of competition can be called a championship .,B1
Thirty of the soundtrack 's songs feature vocals .,B1
Thirty -one of the soundtrack 's songs feature vocals .,B1
The song was given positive reviews from music critics .,B1
The song received generally positive reviews from music critics .,B1
"The hottest month is July , with an average temperature of .",B1
"The hottest month is July , with a mean temperature of 73.4 F.",B1
The hillside placement of the palace was considered important in establishing control in the early days of the kingdom .,B1
"Located on the hillside , the palace was considered crucial in establishing control in the early days of the kingdom .",B1
"While the movie is widely said to be a classic comedy today , critical reaction was mixed when the movie was first released .",B1
"While the film is now considered a classic comedy , critical reaction was mixed when the film was released .",B1
The show was able to help launch the characters into more mainstream popularity and it became one of the most popular animated series in television history .,B1
"Sock puppets are often used for entertaining people , especially children .",B1
Sock puppets are often used for the education and entertainment of children .,B1
"In March 2011 , the band annoucned they would take a break .",B1
The movie was not a success at the box office .,B1
The film was not a box office success .,B1
The Internet will give rise to a completely new understanding of private and public .,B1
The Internet will give rise to a completely new understanding of what is private and public .,B1
Common nightingales are so named because they frequently sing at night as well as during the day .,B1
Nightingales are named so because they frequently sing at night as well as during the day .,B1
"These observances are regulated by the government , but are not observed as holidays .",B1
Gifted and talented education has a long history of thousands of years .,B1
The discovery made headlines across the Earth .,B1
The discovery made headlines around the globe .,B1
A unique feature at a water park is ice skating .,B1
An unusual feature at a water park is ice skating .,B1
Critics expressed mixed opinions of the game 's audio .,B1
Critics gave a mixed review of the game 's audio .,B1
"Since the 1970s , sports clubs are organized separately by each language community .",B1
"Usually , people wear sandals in warmer climates or during warmer parts of the year in order to keep their feet cool and dry .",B1
A fishing port is a port or harbor for landing and distributing fish .,B1
A fishing port is a port or harbor used by people who are fishing .,B1
Queen Marie never managed to develop political influence .,B1
Batting tactics and strategy vary depending on the type of match being played as well as the current state of play .,B1
Batting tactics and strategy depends on the type of match being played .,B1
Pear trees are usually productive for 50 to 75 years though some still produce fruit after 100 years .,B1
Statistics are correct as at 31 July 2008 .,B1
Statistics are correct as of 3 March 2008 .,B1
This movie got mixed reviews .,B1
The province is a popular tourist destination with its beaches and resorts .,B1
"The city has a number of sports teams , both professional and amateur , and a number of venues across the city .",B1
"The 2016 census found that 51.3 % of residents spoke English , and 21.3 % spoke French , as their main language .",B1
"In consideration for several months , a corporate foundation has been established in September 2011 .",B1
Determining what records have enduring value is not always easy .,B1
Eucalypts draw a very large amount of water from the soil .,B1
The pumpkin is native to North America .,B1
The pumpkin is native to the continent of North America .,B1
Two investigations were held by the British government .,B1
The convention center offers 615700 ft2 of exhibit space .,B1
The convention center has 615700 ft2 of exhibit area .,B1
"There are also numerous journals , on - line articles and blogs available .",B1
"The second-generation of the iPod was introduced on July 17 , 2002 .",B1
"The second generation iPod was released on July 17 , 2002 .",B1
Many course themes are repeated throughout the series .,B1
"The main criticisms were of the two -player mode , a first for the series .",B1
"The most common criticisms were about the two -player mode , a first for the series .",B1
"Scotland is the joint oldest national football team in the world , alongside England , whom they played in the world 's first international football match in 1872 .",B1
The hard palate forms before birth .,B1
A significant issue with standard candles is the question of how standard they are .,B1
The French press goes by various names around the world .,B1
"After a virus has made many copies of itself , it usually has used up the cell 's resources .",B1
"In 1907 , residents of the town decided to incorporate .",B1
It was in 1907 that residents of the town decided it was time to incorporate .,B1
The following shows several D capabilities and D design trade- offs in a very short program .,B1
"The party favors the civil right to information privacy and reforms of copyright , education , computer science and genetic patents .",B1
He was holidaying in Germany the following summer when World War I broke out .,B1
He was on holiday in Germany the next summer when World War I broke out .,B1
There are many exceptions to this rule .,B1
The party declined rapidly after the 1856 election .,B1
The party quickly declined after the 1856 election .,B1
"Traditionally , the home of the Emperor is considered the capital .",B1
"Traditionally , the home of the Emperor was considered the capital .",B1
The class was gradually taken of service from the early 1980s .,B1
Alsop died after a short illness on 12 May 2018 at the age of 70 .,B1
Rat snakes are commonly kept as pets .,B1
The film received extremely negative reviews from critics .,B1
"Today , it is the largest public research university in Bangladesh , with a student body of 33,000 and a faculty of 1,800 .",B1
Engineers in the nineteenth century knew that a bridge which was built across multiple supports would distribute the loads among them .,B1
The song is about people that are suffering which also includes a girl with cancer .,B1
"The song is about people who suffer , including a girl with cancer .",B1
Michener wrote that he did not know who his parents were or exactly when and where he was born .,B1
Trailways members are spread across North America .,B1
Today Trailways members are spread across North America .,B1
A winger or wide player refer to a non-defender who plays on the left or right sides of the pitch .,B1
Most feature films are between 75 and 210 minutes long .,B1
The majority of feature movies are between 70 and 210 minutes long .,B1
"On September 1 , a tropical wave moved off the coast of Africa and moved west .",B1
"Until the mid-19th century , Mexico was the chief producer of vanilla .",B1
Carluccio died on 8 November 2017 from complications of a fall in London at the age of 80 .,B1
"Carluccio died on 8 November 2017 aged 80 , from complications after a fall at his home .",B1
This species may be found in a variety of open habitats and gardens .,B1
Pusheen is an example of the popularity of cats on the Internet and in social media .,B1
The boat was discovered in 1955 during the construction of the Dutch A28 motorway .,B1
The boat was found in 1955 during the creation of the Dutch A28 motorway .,B1
"People have been pedicuring their nails for more than 4,000 years .",B1
"The city hall has a total area of 19,380 square meters including the basement .",B1
The major industry in recent times is tourism .,B1
By far the major industry in recent times is tourism .,B1
"But in the inland areas more than half of the population was Serbo- Croatian speaking , after the first years of the 18th century .",B1
"Numbers one to six on the list are events which are of huge importance , but about which we know relatively little .",B1
"Numbers one to six on the list are about events which are of huge importance , but about which we know relatively little .",B1
Long-distance relays have become increasingly popular with runners of all skill levels .,B1
"Many cultures do have an oral law , while most legal systems of today have a formal written organization .",B1
Regular bus services operate in the city .,B1
In the years 1219 and / or 1234 it appears as church village .,B1
Daqing exports over 10 million tonnes of oil each year .,B1
"On 25 September 2017 , he was admitted to a hospital due to liver failure .",B1
"This changed how dinosaurs are depicted by both professional dinosaur illustrators , and in the public eye .",B1
Some of the postcodes above may cover two or more states .,B1
Some or all of the postcodes above may cover two states .,B1
"In the Gregorian calendar , 303 out of every 400 years are common years .",B1
"In the Gregorian calendar , 303 of every 400 years are common years .",B1
Heavy rotation or power rotation is a list of songs that get the most airplay on a radio station .,B1
"The Government is led by the Prime Minister , who chooses the other Ministers .",B1
"The building was completed in 1941 , after the outbreak of World War II .",B1
Breckinridge ordered his field officers to inspect the troops and to report back with the condition of his troops .,B1
Western modern historical linguistics dates from the late 18th century .,B1
"Numbers seven and eight on the list are of a different kind from the first six , and have generally not been considered by the other authors .",B1
"Numbers seven and eight on the list are of a different kind from the first six , and are generally not considered by the other authors .",B1
"Usually , such drives will be stamped with a company 's logo , as a form of advertising .",B1
"The median income for a household in the county was $ 36,363 , and the median income for a family was $ 41,381 .",B1
"White is regarded by many as England 's first ecologist , and one of those who shaped the modern attitude of respect for nature .",B1
Meads was widely considered one of the greatest players in history .,B1
Meads is widely considered one of the greatest players in history .,B1
The movie got bad reviews from critics .,B1
A secret or unlockable character is a playable character in a video game available only after completing the game or meeting another requirement .,B1
"In most developed countries , the law requires that ingredients be listed according to their relative weight in the product .",B1
"In most developed countries , the law requires that ingredients be listed according to their weight in the product .",B1
Shuttles were originally passed back and forth by hand .,B1
Originally shuttles were passed back and forth by hand .,B1
"Police officers patrol the trains and stations , and police posts are available at some stations .",B1
"Police officers patrol on trains and stations , and police posts are available at some stations .",B1
Bear is often called a hard science fiction author because he uses many scientific details in his work .,B1
Bear is often classified as a hard science fiction author due to the level of scientific detail in his work .,B1
The job of President was created in 1839 .,B1
The position of President was created in 1839 .,B1
Underwear is worn for many reasons .,B1
Underwear is worn for a variety of reasons .,B1
"Some books are original , but others have started as text copied from other sources of free-content textbooks found on the Internet .",B1
The airport was closed for five hours after the crash .,B1
737s are not equipped with fuel dump systems .,B1
"For an individual person , information security has a big effect on privacy , which is viewed very differently by people in different cultures .",B1
Standing ovations are also often given in a sporting game to reflect an outstanding individual performance .,B1
There is a debate about nuclear power .,B1
There is a debate about the use of nuclear power .,B1
Several explanations exist for the original name .,B1
In January 2013 Jenneke was ranked tenth on AskMen. com 's 99 Most Desirable Women 2013 .,B1
Thirty three first person poems that describe different times during an eleven year old boy 's day at the beach .,B1
Thirty three first person poems that describe various moments during an eleven-year - old boy 's day at the beach .,B1
Killer whales are the largest living members of the dolphin family .,B1
Killer whales are the largest extant members of the dolphin family .,B1
"Sgr A West has the appearance of a three - arm spiral , from the point of view of the Earth .",B1
The primary goal of instrument analysis is to measure an amount of substance .,B1
Shortage of rain during the highly variable Monsoon season can cause droughts in U. P. leading to several deaths and loss of property .,B1
"A DVD of series one has been released on 19 September 2005 , however there is still no word of series two on DVD .",B1
"A DVD of the first series was released on 19 September 2005 , however there is still no word of series two on DVD .",B1
Chopsticks are used in many parts of the world .,B1
Chopsticks are used in many countries .,B1
Attempts have been made to raise sheep there .,B1
Goaltenders are not permitted to serve as captains during games .,B1
"The river is known for its water mills ; during the 1950s , there were about 18 of them .",B1
"The river is known for its water mills ; during the 1950s , they numbered approximately 18 .",B1
The geodetic center of North America is within the county .,B1
Jainism teaches that time has no beginning or end .,B1
The club decided in 2009 to become an alliance club from 2010 .,B1
Plant cells which are differentiated generally cannot divide or produce cells of a different type .,B1
Japan was the first country to build dedicated railway lines for high-speed travel .,B1
Japan was the first country to build railway lines for high speed travel .,B1
The mountain was first surveyed by a European team in 1856 .,B1
"As of 2018 , there are seven living former Prime Ministers .",B1
"As of 2019 , there are seven living former Prime Ministers .",B1
"In November 1973 , an envelope containing a lock of hair and a human ear arrived at a daily newspaper .",B1
"As chess became more popular in the second half of the 19th century , the term began to be given out by organizations .",B1
Nepal is composed of seven provinces .,B1
Nepal is divided into seven provinces .,B1
The flyweight division was the last of boxing 's eight traditional weight classes .,B1
The flyweight division was the last of boxing 's eight traditional weight classes to be established .,B1
Elemental symbols were often used by the early Church .,B1
These mountains are a popular tourist destination .,B1
These mountains are a popular tourist attraction .,B1
Much of the area is irrigated .,B1
"Despite the end of the Fourth Coalition , Britain remained at war with France .",B1
The third tunnel was discovered on 17 October 1978 .,B1
"The third tunnel was discovered on October 17 , 1978 .",B1
The album has been well received by several critics .,B1
The album has been received well by critics .,B1
The city is notable for its well - preserved downtown with a number of remaining historic businesses .,B1
A foreign minister 's powers vary in different governments .,B1
A foreign minister 's powers can vary from government to government .,B1
The upper side of the wings is black .,B1
The upperside of the wings is black .,B1
"In 1940 , the two private systems were bought by the city .",B1
"In 1940 , the city bought the two private systems .",B1
"The park experiences three seasons : summer , monsoon , and winter .",B1
"The park has three seasons : winter , summer , and monsoon .",B1
The festival authority chooses and invites Asian and Australian films to participate in different sections .,B1
The festival authority chooses and invites Asian and Australian movies to participate in different sections .,B1
During the Spanish Civil War he left his work and focused on theater as an amateur actor .,B1
During the Spanish Civil War he left his work to be in theater as an amateur actor .,B1
Ostriches normally spend the winter months in pairs or alone .,B1
"Upon its release in 1975 , critical response was mixed although box office was strong .",B1
"Upon its release in 1975 , critical response was mixed , although the box office receipts were strong .",B1
"On April 15 , 2013 , a fire occurred in the library .",B1
"Unlike war crimes , crimes against humanity can happen during peace or war .",B1
Small handmade balls contain a lead pellet wrapped in rubber and wool with a leather cover .,B1
There are three hostels for male students and three for the female students .,B1
"Basic general information about the clients : creator / company , license / price etc .",B1
"Basic general information about the clients : creator / company , license , etc .",B1
The film received mixed reviews .,B1
"As of , there are seven living former Prime Ministers of Egypt , as seen below .",B1
"As of , there are eight living former Prime Ministers of Egypt , as seen below .",B1
"With the end of the war , Jack returns home to a hero 's welcome .",B1
"At the war 's end , Jack returns home to a hero 's welcome .",B1
The first legs were played on 13 February and 14 February 2008 .,B1
The first legs were played on 13 and 14 February 2008 .,B1
Monk parakeets are very intelligent and social birds .,B1
The stage itself has been given named areas to help blocking .,B1
The film received negative reviews from critics .,B1
With the start of the Soest district in 1817 its influence slowly rose .,B1
000 is the emergency telephone number in Australia .,B1
000 is the primary emergency telephone number in Australia .,B1
"The land battle took place over about 81 days beginning on April 1 , 1945 .",B1
At 10.00 am there was a large crowd of people watching the action .,B1
Oats are also sometimes used in drinks .,B1
Certain networks have made changes to prevent them from being used by such multi-network IM clients .,B1
"The speech lasted approximately 40 minutes and consisted of 4,955 words .",B1
"The speech lasted about 40 minutes and had 4,955 words .",B1
"The tickets may have to be shown or checked automatically at the station platform or when boarding , or during the ride by a conductor .",B1
The term originally meant the portions of a log which one had split lengthwise into four or six sections .,B1
There are two major highways serving the county .,B1
There are two major highways in the county .,B1
Health care for the homeless is a major public health challenge .,B1
Health care for homeless people is a major public health challenge .,B1
"Monsters will talk with players during the battles , and the game will tell the players what the monster 's feelings and actions are .",B1
"Since cholera became common in the 19th century , it has killed tens of millions of people .",B1
"Morenz died from problems with a broken leg , an injury he suffered in a game .",B1
"According to the anti-nuclear movement , most of the problems with nuclear power today are much the same as in the 1970s .",B1
"In 1977 , the federal government placed alligators on the endangered list .",B1
"In 1977 , the federal government placed alligators on the endangered species list .",B1
"On each usual episode , a celebrity guest came on the show with a secret .",B1
"On each typical episode , a celebrity guest came on the show with a secret .",B1
The following artists achieved three or more number-one hits during the 1990s .,B1
"In the knockout phase , teams play against each other over two legs on a home - and - away basis , except for the one-match final .",B1
Ana awakens three days later in the hospital with Christian at her side .,B1
"In many societies , shepherds were an important part of the economy .",B1
"Rivette died on 29 January 2016 from complications of Alzheimer 's disease at the age of 87 , in his home in Paris .",B1
The movie received mainly mixed reviews .,B1
Thomas began his career at fourteen as an announcer on a local radio show .,B1
Thomas began his career at 14 as an announcer on a local radio show .,B1
CHP is most efficient when heat can be used on - site or very close to it .,B1
Points and goals will carry over in full from regular season .,B1
Points and goals will carry over in full from the regular season .,B1
"Concerts involving a greater number of artists , especially those that last for days , are known as festivals .",B1
"Between 1948 and 1950 , she developed a theory by which these mobile elements regulated the genes by inhibiting or modulating their action .",B1
Higher capacity Zip disks must be used in a drive with at least the same capacity ability .,B1
Each postcode area is divided into post towns and postcode districts .,B1
Rounders is a bat and ball game which is played in Ireland ; a similar version is played in the UK .,B1
The character has appeared in many adaptations of the comics .,B1
"After leaving the station , the train enters the launch area .",B1
They are considered one of the most successful groups of studio musicians in music history .,B1
This park includes three valleys .,B1
He is thought of as one of the most important architectural thinkers and urbanists of his generation .,B1
"Therefore , the mean of the grouped data is",B1
There are hundreds of different types of fibulae .,B1
"Though he experimented in many styles of art , his unique talent was landscape painting .",B1
As a former President of Ireland he was given a state funeral .,B1
"The silky sifaka has a variable social structure , and lives in groups of two to nine individuals .",B1
"One of the main industries in the town is tourism , most notably scuba diving .",B1
The sketches were the first ever done in oils directly from the subject in the open air .,B1
The sketches themselves were the first ever done in oils directly from the subject in the open air .,B1
The film received generally favorable reviews .,B1
The film received generally positive reviews .,B1
The story and its main characters attracted little public interest when it first appeared .,B1
"The story , and its main characters , attracted little public interest when it first appeared .",B1
A young girl describes her special relationship with her grandfather over four seasons .,B1
A young girl describes her special bond with her grandfather over four seasons .,B1
The service sector makes up most of the local economy .,B1
"In eighth grade , she started modeling .",B1
"While in eighth grade , she started modeling .",B1
"From 2014 the museum faced budget cuts that dropped its maintenance to less than R $ 520,000 annually .",B1
The band has seen many personnel changes .,B1
The band has seen many changes to personnel .,B1
The city is a major trading and farming center in the area .,B1
The city is a major trading and farming center in this area .,B1
"While there are many alternative treatments used for the common cold , there is not enough scientific evidence to support the use of most treatments .",B1
The island has a mild climate but is known for frequent hurricanes .,B1
"The gallery was founded in 1897 , as the National Gallery of British Art .",B1
Early Egyptian medicine was based on a mixture of magic and religious spells .,B1
Early Egyptian medicine was based mostly on a mixture of magic and religious spells .,B1
Casualty estimates for the battle vary widely .,B1
As a player he was a defender from 1992 until 2012 .,B1
"As a player , he was a defender from 1992 until 2012 .",B1
Mood and emotions at work are related to job satisfaction .,B1
Moods and emotions at work are related to job satisfaction .,B1
"The quarter has a population 17,226 distributed across an area of 4.6 km2 .",B1
"The quarter has a population of 17,226 distributed on an area of 4.6 km2 .",B1
A clapstick is a type of musical instrument that is in the category of percussion .,B1
"Pilcher died on 6 February 2019 , at the age of 94 , following a stroke .",B1
Pilcher died on 6 February 2019 from a stroke at the age of 94 .,B1
"The series takes place in the year 2517 , on a variety of planets and moons .",B1
"The series takes place in the year 2517 , on several planets and moons .",B1
"Between 1991 and 1994 , several accidental and unrelated employee deaths happened .",B1
"Between the years of 1991 and 1994 , several accidental and unrelated employee deaths occurred .",B1
The resistance to the Japanese occupation continued in the Philippines .,B1
Bullet designs have to solve two primary problems .,B1
Bullet designs have to solve two main problems .,B1
Seventy students and teachers traveling to the United States for summer camp were among the Chinese passengers .,B1
Seventy students and teachers going to the United States for summer camp were among the Chinese passengers .,B1
"A gorilla 's lifespan is between 35 and 40 years , although zoo gorillas may live for 50 years or more because they have more food .",B1
"In most cases , control engineers make use of feedback when designing control systems .",B1
The number of homeless people worldwide has grown steadily in recent years .,B1
The movie received negative review from critics .,B1
The movie received negative reviews from critics .,B1
The species has been introduced to both the United States and New Zealand .,B1
The species has been introduced to the United States and New Zealand .,B1
Another serious problem for civilians and soldiers alike was a shortage of water .,B1
The diving featured 136 athletes representing 25 countries .,B1
The agency was established in 1990 with a team of six people .,B1
The agency was created in 1990 with a team of six people .,B1
Some research shows a connection between personality and job satisfaction .,B1
Some research suggests an association between personality and job satisfaction .,B1
"Naming a child after a relative , friend , or well - known person is a common practice in the English -speaking world .",B1
"Naming a child after a relative , friend , or well - known person is common in the English -speaking world .",B1
"Black tea is the national drink , and is drunk after food is eaten .",B1
"Black tea is the national beverage , and is drunk after food is eaten .",B1
Statistics are correct as of 14 January 2019 .,B1
Statistics are correct as of 12 March 2019 .,B1
Water wheels have been used for thousands of years for industrial power .,B1
Water wheels have been used for hundreds of years for industrial power .,B1
Elections were held to the new authorities on three different Thursdays in 1973 .,B1
The speech lasted 43 minutes and 2 seconds and contained 4931 words .,B1
"Around 120,000 requests are made each year .",B1
The third theme was used from 1962 - 1967 .,B1
Lynx prey mostly on small to fairly large sized mammals and birds .,B1
He went into law after the war and in 1921 set up his own practice .,B1
"He went into law after the war , and in 1921 set up his own practice .",B1
"On October 5 , a tropical storm developed south of Haiti .",B1
"On October 5 , a tropical storm formed south of Haiti .",B1
The film earned mainly negative reviews from critics .,B1
The film received mostly negative reviews from critics .,B1
"On 29 August 2016 he was reported to be in intensive care , after suffering a stroke .",B1
"On 29 August 2016 , he was reported to be in intensive care after suffering a stroke .",B1
"The current trophy is made from silver and gilt , and features a golden globe held up by three silver columns .",B1
This award was first given for movies released in 1934 .,B1
"As of April 28 , 2013 , the online multiplayer servers are shut down .",B1
"As of April 28 , 2013 , the online multiplayer servers have been shut down .",B1
"Just as temperature increases speed up reactions , temperature decreases reduce them .",B1
"Just as temperature increase speeds up reactions , temperature decreases reduce them .",B1
The rare- earth elements are often found together .,B1
The rare earth elements are often found together .,B1
"The first international cricket match was played between Canada and the United States , on 24 and 25 September 1844 .",B1
"The first ever international cricket match was played between Canada and the United States , on the 24 and 25 September 1844 .",B1
The park holds 104 species of plants .,B1
"A consultant is usually an expert or a professional , in a specific field , who also has a wide knowledge of the subject matter .",B1
The strong taste that people associate with anchovies is due to the curing process .,B1
Visitors typically arrive at a tram station in the arrival plaza located between the administrative buildings and the Museum entrance .,B1
"Strong Bad has been one of the series most popular characters , and has been well received .",B1
"In appearance , it is light yellow and opaque , smooth and creamy .",B1
"Throughout the campus , many fountains provide white noise as a background .",B1
A double pedal is two pedal tones played at the same time .,B1
"The library has a chess room that houses a wide range of materials on the history , study and practice of chess .",B1
"The library has a chess room that houses a wide range of materials dedicated to the history , study and practice of chess .",B1
Increasing market share is one of the most important objectives of business .,B1
Increasing market share is one of the most important objectives in business .,B1
One place they are sometimes seen is on clock faces .,B1
One place they are often seen is on clock faces .,B1
"On June 5 , 2018 , the company announced his retirement from the company due to his declining health .",B1
"The chief executive of a central bank is usually known as the Governor , President or Chair .",B1
"The chief executive of a central bank is normally known as the Governor , President or Chairman .",B1
Traditional areas such as forestry and agriculture are still of importance .,B1
"The bridge is 800 ft in length with two towers each 213 ft high , built on piers .",B1
"The bridge is 800 ft in length with two towers , each 213 ft high , built on piers .",B1
"As of 2005 , the municipality had a total population of 70,160 .",B1
"In 2005 , the municipality had a total population of 70,160 .",B1
"Each goal had specific targets , and dates for reaching those targets .",B1
"Each goal had specific targets , and dates for achieving those targets .",B1
The song was given mixed reviews from music critics .,B1
The song received mixed reviews from music critics .,B1
Electric rays are found from shallow coastal waters down to at least 1000 m deep .,B1
"There were just two entries in the quad doubles , and they played a straight final to decide the championship .",B1
"There was just two entries in the Quad doubles , and they played a straight final to decided the championship .",B1
The main difficulty in the use of natural gas is transportation .,B1
"In 1895 , the six premiers of the Australian colonies agreed to set up a new Convention by popular vote .",B1
Since the end of the series rumors have circulated that a feature length movie was in the works .,B1
"Construction began in AD 142 at the order of Roman Emperor Antoninus Pius , and took about 12 years to complete .",B1
"Before 2009 , the United States was the leading issuer of IPOs in terms of total value .",B1
"Prior to 2009 , the United States was the leading issuer of IPOs in terms of total value .",B1
"Bidding documents were sent to seventeen cities in consideration for hosting a WrestleMania event between 2012 and 2014 , with fourteen replying in interest .",B1
After his football career he became a successful international referee .,B1
After his football career he became an international successful referee .,B1
Leatherback turtles are one of the deepest diving marine animals .,B1
The movie got mixed reviews by critics .,B1
The movie received mixed reviews from critics .,B1
In 741 the church was destroyed in a fire .,B1
"In 741 , the church was destroyed in a fire .",B1
"While hundreds of comic series have been produced in the Franco- Belgian group , some are more notable than others .",B1
In 2007 the club began to play floorball .,B1
"Basketball is today played by more than 300 million people worldwide , making it one of the most popular team sports .",B1
"Basketball today is played by more than 300 million people worldwide , making it one of the most popular team sports .",B1
The county continued to be developed for agriculture and is still largely rural .,B1
The network focuses on supporting peer-directed and open source projects .,B1
The network focuses on supporting peer-directed and open-source projects .,B1
"The G and PG ratings are often left out , since they are typical of normal , everyday climbing .",B1
Due process developed from clause 39 of the Magna Carta in England .,B1
Due process developed from clause 39 of Magna Carta in England .,B1
"Carme did not get its present name until 1975 ; before then , it was simply known as Jupiter XI .",B1
Venegas began playing instruments at age 10 when her parents first sent her to piano lessons .,B1
The long pit straight has also been used for drag racing .,B1
The long pit straight has also been utilized for drag racing .,B1
Research usually involves a mixture of field and laboratory studies .,B1
"Grand Total 12,850,815 gross tons",B1
"Grand Total 12,850,814 gross tons",B1
"At the 2000 United States Census there were 297,490 people , 108,984 households and 78,359 families residing in the county .",B1
Between 1918 and 1940 the center of the city undertook large renovation work .,B1
French is the only official language in France as whole and in these municipalities .,B1
Most of the city 's 19th century houses were built of limestone mined nearby .,B1
"In 1993 , the team again achieved success in the national championship road race in Germany .",B1
In 1993 the team again achieved success in the national championship road race in Germany .,B1
"Luria arrived in New York City on September 12 , 1940 , and soon changed his first and middle names .",B1
The purpose of a formal name is to have a single name which is accepted and used worldwide for a particular plant or plant group .,B1
There are three categories of education and training that a MB will undergo .,B1
There are three categories of education and training that an MB will undergo .,B1
The results of the battle had a substantial effect on the strategic planning of both sides .,B2
"Although the alligator often moves slowly , it can run very fast for short times , especially in very short lunges .",B2
Alligators are generally timid towards humans and tend to walk or swim away if one approaches .,B2
The grinding of solid matters occurs under exposure of mechanical forces that trench the structure by overcoming of the interior bonding forces .,B2
"The song is sung by a young man to his lover , and is about his plans of their growing old together .",B2
The diversity of species is astonishing .,B2
The design claim can be challenged as an argument from analogy .,B2
Dual use technology means to the possibility of military use of civilian nuclear technology for generating electricity .,B2
Minerals are not equivalent to rocks .,B2
Many people believe that all marks or stains can be removed by dry cleaning .,B2
The complex tissue consists of more than one type of cells which work together as a unit .,B2
Organs are made up of more than one kind of tissue .,B2
"Early on September 21 , the motion moved to the north as it moved along the northwest edge of the subtropical ridge .",B2
"The breeding cycle of the lyrebirds is long , and lyrebirds are long-lived birds , capable of living as long as thirty years .",B2
"Since the advent of personal computing , page layout skills have expanded to electronic media as well as print media .",B2
Hyperbolas can be found in many places in nature .,B2
Male stag beetles use their jaws to wrestle each other .,B2
The common cold is generally mild and goes away on its own with most symptoms improving in one week .,B2
"The flavor of the broth and toppings , as well as even noodle texture and thickness , vary from region to region .",B2
Session keys can introduce complication into a system .,B2
"It is grown as an ornamental plant in gardens , where several cultivars have been selected with varying pastel colors , including pink and purple .",B2
At right is displayed the color cerise .,B2
The color irresistible is displayed at right .,B2
"Politicians have always used language , as in speeches or campaign advertisements .",B2
"Politicians are known for their rhetoric , as in speeches or campaign advertisements .",B2
"As of 2010 , the municipality had a total population of 11,457 , down from 11,727 as of 2005 .",B2
Human bodies are usually buried in a cemetery .,B2
"Historic Scotland had direct responsibility for maintaining and running over 360 monuments in its care , about a quarter of which are manned and charge admission entry .",B2
There is widespread concern internationally that the trials and sentencing were politically motivated .,B2
"The novel tells about ideal civilization of powerful mages which have invited paranormal skills like telepathy , levitation and mediumism .",B2
"In an average laying hen , the process of shell formation takes around 20 hours .",B2
At least four contractors ' locomotives were used for construction .,B2
The device is a white screen with a multitude of little holes on all its surface .,B2
"Moose have been hunted by humans for a very long time , since the Stone Age .",B2
Moose are mostly diurnal .,B2
"In the US , more than 200,000 surgeries are done to fix reproductive organs bulging out of the vagina .",B2
"With a vertical drop of 300 m to 400 m , this is one of the more technical of the para-alpine skiing disciplines .",B2
Biogeographic realms are characterized by the evolutionary history of the organisms they contain .,B2
"This system has been considered a tropical , subtropical , or extratropical cyclone .",B2
"Males of many species form mating swarms like faint pillars of smoke , competing for females that visit the cloud of males to find a mate .",B2
"In other cultures , a person has the same name as his or her father , but the name is in a different place .",B2
"The election was held on 27 April 1994 and went off peacefully throughout the country as 20,000,000 South Africans cast their votes .",B2
The number of tree fern species is likely to be around a thousand .,B2
Other observations that support the Big Bang theory are the amounts of chemical elements in the universe .,B2
The gun can be started up when it is fully closed down in less than one minute .,B2
"The gun can be brought into action fully closed down , the barrel can be clamped and unclamped from within the vehicle .",B2
Biting is when a wrestler grabs their opponent and bites them with their teeth .,B2
"The new flag is a horizontal tricolor flag of yellow , green , and red charged with a five-pointed white star in the middle of the field .",B2
There was controversy reported in the news in India .,B2
There was some controversy reported in India as some people were upset with the cat 's name .,B2
"The plant grows in wet , shady places and flowers from the end of March to July , fruiting from April to September .",B2
"In languages other than English , the meanings of multiple and aggregate fruit are reversed .",B2
"To pursue a cause of action , a plaintiff pleads or alleges facts in a complaint , the pleading that starts a lawsuit .",B2
"They typically enter the nests of pollen- collecting species , and lay their eggs in cells provisioned by the host bee .",B2
The collection and library were arranged in galleries within the university and a guidebook published in 1915 .,B2
The Dr. I suffered other deficiencies .,B2
God creates the world in six days and consecrates the seventh as a day of rest .,B2
The name comes from the source of the original recipe 's main ingredients .,B2
Highly modified tube feet around the mouth are always present .,B2
"Even in those sea cucumbers that lack regular tube feet , those that are immediately around the mouth are always present .",B2
Oysters are harvested by simply gathering them from their beds .,B2
Oysters are picked up from their muddy beds by dredging .,B2
Usually inhabits mainland coast of shallow water attached to rocky substrates .,B2
The book describes how the relationship between insects and plants resulted in the beautiful and complex forms which natural theology attributed to a grand designer .,B2
"Until 1964 , state senators were generally elected from districts that were not necessarily equal in population .",B2
Fruit maturity is not always apparent from the outside as the fruits remain green until they are overmature or rotting .,B2
The ISO 4217 standard includes a crude mechanism for expressing the relationship between a major currency unit and its corresponding minor currency unit .,B2
Integral calculus is the process of calculating the area underneath a graph of a function .,B2
"Because of their tough , loose skin , honey badgers are difficult to kill with dogs .",B2
"In 2017 Dunleavy announced he would run for governor in 2018 , but abandoned the race in September 2017 , citing heart problems .",B2
"In international law , contraband means goods sent to territories under the control of the enemy that can be used in armed conflict .",B2
Color schemes are logical combinations of colors on the color wheel .,B2
"Like many other plants , some palms are in danger of dying out because of human activity .",B2
The number of protons in the nucleus causes its electric charge .,B2
Contributions to painting and architecture have been especially rich .,B2
Thrust and specific impulse should not be confused .,B2
"Mars is a terrestrial planet that consists of minerals containing silicon and oxygen , metals , and other elements that typically make up rock .",B2
Families that may be carriers of inversions may be offered genetic counseling and genetic testing .,B2
"It has also been used to make lightweight blocks for building , and as a powdered ingredient in polishing .",B2
"The lakes are renowned for their distinctive colors , ranging from azure to green , grey or blue .",B2
"A traditional design , the grapnel style is simple to design and build .",B2
"A traditional design , the grapnel is merely a shank with four or more tines .",B2
Each one of these classes can be developed into unique material properties because ceramics tend to be crystalline .,B2
"Brown recluse spiders are hunting spiders , so they spend most of the time on the ground .",B2
The giant panda has luxuriant black - and - white fur .,B2
"Saltwater crocodiles mate in the wet season , when water levels are at their highest .",B2
The shield is supported by two wood -cutters of different races .,B2
The shield is supported by two men of different shades of brown .,B2
The symptoms of the common cold are believed to be primarily related to the immune response to the virus .,B2
New World coral snakes exist in the southern range of many temperate U.S. states .,B2
Amphiumas inhabit the southeastern part of the United States .,B2
Ortac is noted for its large gannet colony .,B2
The islet is noted for its large gannet colony .,B2
There are a number of different methods for preparing a sugar-based rocket propellant .,B2
"As with all other cricket statistics , batting statistics and records are given much attention and provide a measure of a player 's effectiveness .",B2
During the 1960s and 1970s the city grew tremendously .,B2
"The human body normally cools itself by perspiration , or sweating .",B2
GCs are part of the feedback system for the immune system .,B2
The province is rich in material resources such as iron and nickel .,B2
"Often , different people want different trophic states .",B2
"Often , the desired trophic index differs between stakeholders .",B2
"The mast cell is very similar in both appearance and function to the basophil , a type of white blood cell .",B2
"American Bobtails are playful , social and moderately energetic .",B2
Urban legend says that Bobtails are the result of a cross breeding between a domestic tabby cat and a wild bobcat .,B2
"Historically , the island gained wealth from cotton plantations , but slash and burn farming is now the main way of life for Cat Islanders .",B2
"Historically , the island gained wealth from cotton plantations .",B2
"There are wide , shallow valleys , and many granite rocks .",B2
A shooting star is when a wrestler jumps forward from higher ground and performs a backflip in midair .,B2
"There have been numerous acts , both groups and individuals , that have won multiple awards .",B2
The high amount of oxygen gas on Earth is because of the oxygen cycle .,B2
The solitary Short- beaked Echidna looks for a mate between May and September ; the precise timing of the mating season varies with geographic location .,B2
"For integrals of vector fields , things are more complicated , because the surface normal is involved .",B2
"Alternatively , mathematicians can integrate the normal component of the vector field ; the result is a scalar .",B2
Animal coloration has been a topic of interest and research in biology for centuries .,B2
"The honey badger has a fairly long body , but is thick set and broad across the back .",B2
Many tree frogs can change their color for better camouflage .,B2
"The drug is often involved in drug intoxication , including overdoses .",B2
"Masonry is commonly used for the walls of buildings , retaining walls and monuments .",B2
"CPU caches are generally managed entirely by hardware , other caches are managed by a different kinds of software .",B2
The laws of physics can be used to understand how a bullet moves after it leaves the barrel .,B2
The physics affecting the bullet once it leaves the barrel is termed external ballistics .,B2
Hylids will lay their eggs in ponds .,B2
"The opportunity for launching an invasion was limited to only a few days in each month , because a full moon was needed .",B2
The first records of a settlement go back to the 12th century .,B2
"Many countries responded to the appeals and launched fund-raising efforts , as well as sending search and rescue teams .",B2
A moonsault happens when a wrestler does a backflip and lands on their opponent .,B2
"Although angel sharks are bottom dwellers and appear harmless , they can give painful bites if provoked , due to their powerful jaws and sharp teeth .",B2
"Males differ from females by having the second antennae markedly enlarged , and modified into clasping organs used in mating .",B2
It was the first animal enzyme to be discovered .,B2
Rainbands ahead of warm occluded fronts and warm fronts have little upward motion .,B2
"On the hillside above the main house stands a four- bay carport , servants ' quarters , and a guest house .",B2
"Barril died in Barcelona , Spain from pneumonia , aged 62 .",B2
Police said two men were arrested in connection with the attack ; another was reported killed in a shootout with police .,B2
Routers connect two or more networks and direct traffic between them .,B2
"By March 2011 , the series had sold over 89million physical copies , and grossed over $ by 2014 .",B2
"The beetle is an invasive species , and a serious pest which destroys ash trees .",B2
There is also a bus station adjacent to the high street .,B2
"Although the U.S. Forest Service fought wildfires long before World War II , the war brought a new importance and urgency to the effort .",B2
Absolute value may be thought of as the number 's distance from zero on the real number line .,B2
"As a class one type clone , 47 was genetically enhanced in order to perform physical tasks much more efficiently than an average human .",B2
The decision whether a person is a refugee or not is most often left to certain government agencies with the host country .,B2
"The chapel was destroyed in a fire on 27 May 2000 , connected to Satanism , but was rebuilt and reopened on 13 May 2001 .",B2
"Although geophysics was only recognized as a separate discipline in the 19th century , its origins date back to ancient times .",B2
Efforts have been taken to reduce the pollution and increase water quality .,B2
This lets the photographer control the amount of light reaching the film or image sensor .,B2
Studying nearby starburst galaxies can help us explore the history of galaxy formation and evolution .,B2
The project 's source code is has a MIT License .,B2
Epidemiology is the study of the factors that cause or encourage diseases .,B2
Religious tensions remained strong throughout the second half of the 16th century .,B2
Bullet design also affects what happens when a bullet hits an object .,B2
Another solid positional line is the Modern variation .,B2
"Another solid positional line , this variation is characterized by the moves : 1 . e",B2
Saltwater Crocodiles live in mangrove and salt marshes on the coast near the reef .,B2
"In the US , the game is primarily staged by churches or charity organizations .",B2
"The population of the province is estimated at 889,700 people .",B2
Education is free and compulsory from ages 6 to 12 .,B2
"A single- tasking system can only run one program at a time , while a multi-tasking operating system allows more than one program to be running in concurrency .",B2
Crystalline ceramic materials are not amenable to a great range of processing .,B2
"Much of the archipelago is a protected habitat , including both the islands and the surrounding waters .",B2
A free man usually became a serf because he owed a large debt .,B2
"Starting from an appropriate initial value determined by the injection energy , the field strength of the dipole magnets is then increased .",B2
"Starting from that initial magnetic field strength , the magnetic field is then increased .",B2
"Refurbishment works has begun since January 2016 , beginning with train set 217 / 218 .",B2
Animals have repeatedly been used through the history of biomedical research .,B2
"The greatest predators of this species are birds of prey , such as falcons and hawks .",B2
Tropical Depression Two -E started on June 16 from a tropical wave .,B2
Tropical Depression Twenty Three -E formed from a disturbance on October 7 .,B2
They are usually light in color and have specific gravities less than 3 .,B2
The color pattern is whitish or yellowish with the blotched patterns varying from shades of tan to dark brown .,B2
"The trap contains a fluid of the plant 's own production , which may be watery or syrupy , and is used to drown the prey .",B2
"Tourism was , and continues to be one of the more important economic enterprises for the municipality .",B2
Neighborhoods are usually created by social interaction between people living near each another .,B2
Access to this area was also added into the neighboring East Stand on several levels .,B2
Access to this area was also incorporated into the neighboring East Stand on several levels ; the spectator capacity of the structure is 202 .,B2
Anatole France start his career as a parnassianism poet .,B2
It is used as a catalyst in organic chemistry .,B2
There are a number of proposed quantum gravity theories .,B2
"The yellow flowers of the plant produce hairy seed pods , with each pod containing roughly a half dozen seeds .",B2
The most apparent type of aggression is that seen in the interaction between a predator and its prey .,B2
Most palm trees grow in the tropical and subtropical regions of the world .,B2
"As of 2008 , the city has an estimated population of 197,437 and the density of 1,010 people per km2 .",B2
"In 2011 , it had a population of 470,766 and a population density of 80 / km2 .",B2
Gestation lasts around six to seven months .,B2
"The gestation period for cats is about two months , with an average length of 66 days .",B2
"Approximately 1,100 mud volcanoes have been identified on land and in shallow water .",B2
"There are some species that need organic compounds as a source of food , but are able to use light as a source of energy .",B2
People have been using metals for many purposes since prehistoric times .,B2
Gout often happens with other medical problems .,B2
"Despite its size , the whale shark does not pose any danger to humans .",B2
The main economic activities in the area are tourism and pastoral runs of sheep and increasingly cattle .,B2
"Badgers have rather short , wide bodies , with short legs for digging .",B2
Honey badgers are intelligent animals and are one of a few species known to be capable of using tools .,B2
"A common-use facility or terminal design disallows airlines to have its own proprietary check - in counters , gates and IT systems .",B2
"The following is a list of active , unofficial codes that emulate the ISO 4217 format .",B2
This move is performed to an opponent set up resting back first against the turnbuckle .,B2
Japan has had more than one system for designating years .,B2
"Livestock activities are also economically relevant , with pigs and cattle being the most important .",B2
Details of the storylines can be found in the articles on each music drama .,B2
The common toad reaches maturity at three to seven years .,B2
"Some consultants are employed indirectly by the client via a consultancy staffing company , a company that provides consultants on an agency basis .",B2
"The three major learning paradigms are supervised learning , unsupervised learning and reinforcement learning .",B2
"There are three ways a neural network can learn : supervised learning , unsupervised learning and reinforcement learning .",B2
Services can be described in terms of I's .,B2
"Because of the plentiful blossoms and small fruit , crabapples are popular for use in bonsai culture .",B2
A diesel locomotive is a powered by a diesel engine .,B2
Albatrosses live much longer than other birds ; they delay breeding for longer and invest more effort into fewer young .,B2
An object that is its own closure is called closed .,B2
Ordinary closure is called finite closure .,B2
The flight test program was hampered by problems with the 747's JT9D engines .,B2
"Although many turtles spend much of their lives underwater , all turtles and tortoises breathe air , and must surface at regular intervals to refill their lungs .",B2
"In the early 20th century , petticoats were circular , had flounces and buttons in which women could attach additional flounces to the garment .",B2
Mrs. Which - The oldest of the three celestial beings who accompany the children on their adventure .,B2
The pygmy killer whale avoids human contact .,B2
"Schoeman committed suicide at a retirement center in South Africa at the age of 77 , writing about dying with dignity in his suicide statement .",B2
Shoeman died in an act of suicide by refusing to eat or drink at a retirement center in South Africa at the age of 77 .,B2
"Despite the huge numbers , there are only about 120 modern species in 20 genera .",B2
Plants and animals living in the desert need special adaptations to survive in the harsh environment .,B2
"The dolmen dates from around 3500 BC , and has traditionally been identified as a communal burial .",B2
It affects up to 80 percent of all patients who have had diabetes for 10 years or more .,B2
Diffusion is associated with the dependency of the output bits on the input bits .,B2
Diffusion means that changing a single character of the input will change many characters of the output .,B2
The division is noticeable in the maintenance and repair of these kinds of products too .,B2
This division is also detectable in the service area of these kinds of products .,B2
"They are viviparous , born live and free-swimming .",B2
"Bull sharks are viviparous , meaning that they give live birth .",B2
"However , after a massive stroke in April 1940 , plans were made for his lying - in-state and state funeral .",B2
"The microarchitecture is related to , but not the same as , the instruction set architecture .",B2
Computer architecture is the combination of microarchitecture and instruction set architecture .,B2
"Steadily rising sea levels then further isolated this little island , which is entirely of volcanic origin .",B2
This small island is entirely of volcanic origin .,B2
Another recently developed source of rare earths is electronic waste and other wastes that have significant rare- earth components .,B2
The first recorded outbreak of chikungunya may have been in 1779 .,B2
"During the third hour after the shooting , an autopsy was performed due to overwhelming media interest .",B2
Both of these calculations can be computed efficiently using the square- and - multiply algorithm for .,B2
"After 1998 , weight - control problems and injuries began to take a toll on Reeves , and his numbers fell off dramatically .",B2
An entity whose income exceeds its expenditure can lend or invest the excess income to help that excess income produce more income in the future .,B2
The breed eventually became popular in other European countries as well .,B2
The election results in 2009 means the party still qualifies for some government funding of campaign finance .,B2
"On account of the election results in 2009 , the party fulfils the conditions for receiving public allowances .",B2
A collision happens when two stations attempt to transmit at the same time .,B2
The following tables include medals won by athletes on Irish teams together with one poet .,B2
"Garden Dormice are usually 10 to in length , with the tail adding another 8 to .",B2
"Construction is expected to begin by 2019 and operations will commence in 3 phases , from 2026 to 2028 .",B2
In the movie a scientist takes college students to use as human guinea pigs .,B2
Males of many species feed on salts from moist soil .,B2
"Since the germ theory of disease , it has also come to mean an absence of germs and other waste .",B2
The coloration is yellowish - brown with several irregularly distributed dark spots on the rear half .,B2
"So far , about 12,000 different species of millipedes have been described .",B2
It was built between 2003 and 2006 out of formerly barren lands .,B2
"Built between 2003 and 2006 out of formerly barren lands , it covers 40 hectares .",B2
A number of medications are used to treat bipolar disorder .,B2
Political parties became legal in mid-1992 after a ten-year hiatus .,B2
A nuclear meltdown may be part of a chain of disasters .,B2
"A prolific artist , he made several thousand paintings .",B2
"Because there were no international regulations , each ship was left to develop its own practices .",B2
A downward diagonal attack to the side of the opponent 's neck or shoulder .,B2
"The series remains popular today for its lovely , yet often realistic , depiction of childhood and the interplay between children 's imagination and reality .",B2
Washed up corals can be found on the island 's beaches .,B2
The peninsula's main economic resource is agriculture .,B2
The following is a table grouping the moons of the solar system by diameter .,B2
The following is a comparative table classifying the natural satellites in the Solar System by diameter .,B2
"With their righting reflex , cats often land uninjured .",B2
An overhead kick is a move where a wrestler starts by either lying down or dropping down on the mat while the opponent standing near their head .,B2
Summers can be warm and dry for extended periods creating ideal fire weather conditions .,B2
"Its relative major is E major , and its parallel major is C-sharp major .",B2
"M82 is being physically affected by its larger neighbor , the spiral M81 .",B2
"Recently , M82 has undergone at least one tidal encounter with M81 .",B2
There are very few symphonies written in this key .,B2
Choirs can sing with or without instrumental accompaniment .,B2
The race is unique in that its winner receives a championship belt rather than a trophy .,B2
"In April 2009 , part of the roof collapsed , resulting in an 18 - month restoration costing more than $ 1 million .",B2
The town is known for its large originating from a castle built at the beginning of the 13th century .,B2
The trophy is in the form of a grandfather clocks .,B2
Some fast food outlets previously dispensed ketchup from hand -operated pumps into paper cups .,B2
"Buildings in the Romanesque style have very thick walls and round arches , Castles and churches or cathedrals were built in this style .",B2
"In 2004 , the national university system underwent partial privatization .",B2
Search engines also often make web pages they have indexed available from their cache .,B2
"The frog has a few native predators , among them snakes and birds .",B2
"Flash drives use little power , compared to hard drives and have no moving parts .",B2
"Most mambas are arboreal , meaning they live in trees .",B2
"In computational linguistics , a stem is the part of the word that never changes even when different forms of the word are used .",B2
The state and union territory capitals are sorted according to no legislative and judicial capitals .,B2
"By the 7th millennium BC , more developed settlements may be found in the area .",B2
Laws retired in August 2016 and was diagnosed with cervical cancer one month later .,B2
The reconstruction of the building was completed on 16 July 2012 .,B2
The practice is generally considered safe sex as long as the hands are protected with a latex gloves .,B2
"A lute has an oval- shaped back , made of strips of wood .",B2
The bloody eight - year war ended in a stalemate .,B2
"It is common in folk traditions of choral singing of many people , especially in African musical cultures .",B2
"Currently , no specific treatment for chikungunya is available .",B2
The alpine newt typically lives in forests with good access to water in hilly to mountainous regions .,B2
"Northern crested newts normally live on land , but breed in ponds and pools .",B2
"The song was considered controversial upon release , because it was about religion .",B2
Tree frogs are usually tiny as their weight has to be carried by the branches and twigs in their habitats .,B2
Baber first worked as a teacher of geography and as a principal in a private school .,B2
Videos were introduced in amusement arcades in the late 1970s .,B2
"Video games were introduced in amusement arcades in the late 1970s and were most popular during the golden age of arcade video games , the early 1980s .",B2
There are two major styles of punctuation in English : British or American .,B2
"The period from 18,000 to 15,000 years ago saw increased aridity of the continent with lower temperatures and less rainfall than currently prevails .",B2
The game is played for 80 minutes in two 40 - minute halves but there is an overtime if it goes on long enough .,B2
The forces between the atoms in a solid can take many forms .,B2
"Militia members generally do not have access to women , so boys are sometimes kidnapped to be humiliated and raped by adult men .",B2
"Military members generally do not have access to women , and often boys are kidnapped to be humiliated and raped by adult men .",B2
The weapon 's barrel is screwed into the receiver and is not quickly detachable .,B2
"The main economic activities of the municipality are the same as the province : tourism , agriculture and fishing .",B2
The lesser black - backed gull is smaller than the European herring gull .,B2
There is usually an option to produce audible representing the radiation intensity .,B2
The shovelnose frogs are digging frogs .,B2
"The eggs are usually deposited on the leaves of trees or shrubs hanging over the running water of mountain streams , creeks , and small rivers .",B2
More than 4400 m2 of the museum 's 11200 m2 is dedicated to exhibits in a series of chronological galleries celebrating the 3.9 - billion - year-history of life on Earth .,B2
Construction of the track started in March 1909 .,B2
Warlimpirrnga paints abstract images of sacred dreaming stories and songs .,B2
The precise origin of absinthe is unclear .,B2
"As the enamel and dentin are destroyed , the cavity becomes more noticeable .",B2
Other theorems have a known proof that cannot easily be written down .,B2
"There are other theorems for which a proof is known , but it cannot easily be written down .",B2
Mutoh is credited as one of the first Japanese wrestlers to achieve a fan base outside of his native Japan .,B2
"Most hummingbirds have bills that are long and straight or nearly so , but in some species the bill shape is adapted for specialized feeding .",B2
"Some Western sources consider visual kei a music genre , with its sound usually related to glam rock , punk rock and heavy metal .",B2
Early visual kei bands were strongly influenced by glam rock and heavy metal .,B2
"A single leader makes a musical statement , and then the chorus responds together .",B2
An example of this would be an assassin killing for money .,B2
"It looked like a small , dog-sized saber - toothed cat .",B2
"By daybreak of June 17 , the British became aware of the presence of colonial forces on the Peninsula and mounted an attack against them that day .",B2
"When the British were alerted to the presence of the new position the next day , they mounted an attack against them .",B2
NSAIDs are the usual first-line treatment for gout .,B2
The first goal of treating gout is to reduce the symptoms of an acute attack .,B2
Many prophets make a large number of prophecies .,B2
To prophesy is to make a prophecy .,B2
Studying the atmosphere includes studying the interactions between the atmosphere and living organisms .,B2
"Procaine was first made in 1905 , and was the first man-made pain-killer that could be taken as a shot .",B2
"Net - casting spiders weave only small webs , but then manipulate them to trap prey .",B2
The number of white blood cells increases when a person is fighting infection or disease and decrease when a person is healthy .,B2
Zinc sulfate can be used to add zinc to the soil .,B2
Asian mist is the illegal move of spitting a colored liquid into an opponent 's face in professional wrestling .,B2
"With the basic characteristics of the LC - 6 accepted , a series of modifications followed .",B2
The golden everlasting has proven very adaptable to cultivation .,B2
The idiom is based on the popular understanding of the elevated place of cows in Hinduism and appears to have emerged in America in the late 19th century .,B2
The idiom is based on the honor shown to cows in Hinduism .,B2
"The climate of the province is a tropical climate , hot most of the year , but it is cooler in the mountains .",B2
"After the war , the buildings were used to house new migrants to Australia .",B2
Teams are given up to four clues and must try to figure out the connection between them within 40 seconds .,B2
Flash drives implement the USB mass storage device class so that most modern operating systems can read and write to them without installing device drivers .,B2
"Most modern operating systems can use a flash drive , without the need to install special software .",B2
"The shovelnose frogs are burrowing frogs , living most of their lives underground .",B2
"We know of about 3,000 of these nebulae in our galaxy , compared to 200 billion stars .",B2
Cities designated by government ordinance recognized starting in 1956 .,B2
The book received critical acclaim .,B2
The novel received favorable reviews in several major newspapers .,B2
"The wrestler makes a punching motion , but tucks their hand towards the chest so the elbow and forearm make contact .",B2
The common cold is the most common human disease and people are affected all around the world .,B2
"The electrolysis of water breaks water into hydrogen and oxygen , using electricity .",B2
The electrolysis of water is a simple method of producing hydrogen .,B2
"Starting in 1941 , all entering students had to be high school graduates , allowing the seminary to discontinue all high school classes .",B2
"In 2005 , the municipality had a total population of 7,233 .",B2
Long- term misuse of alcohol can cause a wide range of mental health problems .,B2
Alcoholism can cause many health problems .,B2
The Internet has made it easier to both spread and debunk urban legends .,B2
"Before the unification of Egypt , the land was settled with autonomous villages .",B2
"Before the Early Dynastic Period , Egypt was settled with small , separate villages .",B2
The film 's B movie-esque title generated a lot of pre-release interest on the Internet .,B2
The nose cavity is divided into a right and left passageway .,B2
"About 400 hotels and restaurants were ordered to close for violating local environmental laws , while 3 casinos have been permanently shut down .",B2
400 restaurants and hotels had to close for violating the laws that were set in place .,B2
The type of current used plays an important role in arc welding .,B2
"However , species vary significantly in the detailed functioning .",B2
"For an algebraic proof of this result , start with the equation",B2
Kepler -22 b 's radius is roughly 2.4 times the radius of Earth .,B2
The mechanism of sound masking can be explained by analogy with light .,B2
"Traditionally , the didgeridoo was played as an accompaniment to ceremonial dancing and singing and for solo or recreational purposes .",B2
Winners are listed first and indicated with double dagger,B2
"It also displays facsimiles of the Erfurt Hebrew Manuscripts , a collection of significant religious texts dating from the 12th - 14th century .",B2
Inductors are used extensively in analog circuits and signal processing .,B2
"Monoceros is not easily seen with the naked eye , containing only a few fourth magnitude stars .",B2
Monoceros is hard to see with the naked eye .,B2
"Its area is 2812 km2 , of which about three quarters are considered productive to trees or crops .",B2
"Its area is 2,812 km2 , of which about three quarters are considered productive .",B2
"They forage on wet ground or in shallow water , mainly eating insects , small fish and some seeds .",B2
"Ditko was found unresponsive in his apartment in New York City on June 29 , 2018 .",B2
"Stretching is usually done a little bit at a time , so the pierced hole would not bleed or get infected .",B2
"An artist that operates a printing press to do their own works , especially by hand , is usually named by the term printmaker .",B2
"An artist who operates a printing press to execute their own works of printing press such as , hand in limited runs .",B2
Ubuntu divides most software into four domains to reflect differences in licensing and the degree of support available .,B2
Tropical Depression Ten-E originated from a tropical wave that moved off the west coast of Africa on August 14 .,B2
The satellite was found at 0.25 arcsec from Orcus with magnitude difference of 2.7 .,B2
"The theory has been criticized and modified over the course of time , as one of several competing theories of emotion .",B2
The latter half of the period was a time of mountain - building on nearly all continents .,B2
A test tube with a stopper is often used for temporary storage of chemical or biological samples .,B2
"One method , more obscure than most , is round half alternatingly .",B2
"One method , more obscure than most , is to alternate direction when rounding a number with 0.5 fractional part .",B2
The following table contains a list of point groups with representative molecules .,B2
"After winning a victory , and as pursuing the Japanese ships became too dangerous near Wake , American forces pulled back .",B2
"After winning a clear victory , and as pursuit became too hazardous near Wake , American forces retired .",B2
Of the total length of the railway routes 72 % or 2117 km are for public transport and does not include railway routes for freight rail transport .,B2
"The authors explain that the problems of oil dependence are manageable , suggesting that oil dependence is a problem we need no longer have .",B2
Blackmail is an indictable -only offence .,B2
"Sometimes , glow fuel is called nitro or just model fuel .",B2
"In addition , there was the matter of the Ruhr .",B2
"Lateral undulation is a snake 's only way of moving in water , and the most common way of moving altogether .",B2
The modern outdoor polo ball is made of a high-impact plastic .,B2
Different filters are used to select the wavelength of light which the solution absorbs the most .,B2
"Most screwdrivers are operated manually , but there are some that use an electric or other motor to rotate the bit .",B2
Rhetorical questions are often used as a metaphor for a question already asked .,B2
The question is used as a rhetorical device or tool .,B2
A number of currencies were official ISO 4217 currency codes and currency names until their replacement by the euro or other currencies .,B2
"The chapel offers regular services , as well as music of pipe organ .",B2
"Many large tech companies have a reputation for innovation , spending large sums of money annually on research and development .",B2
"All the islands are low and flat , with ridges that usually rise no more than 15 to .",B2
"As of 2010 , the municipality had a total population of 16,785 , up from 15,935 as of 2005 .",B2
There are two practices of balancing a chemical equation .,B2
"Genets are highly agile , have quick reflexes and exceptional climbing skills .",B2
"A double knee is where a wrestler charges towards their opponent and strike them in either the head , chest or back with both of their knees .",B2
"An elbow smash is where a wrestler makes a punching motion , tucks their hand towards their chest so the elbow and forearm make contact .",B2
Black powder rocket propellant is a lot like old fashioned gunpowder .,B2
Another method of protection is the release of an acid from the skin .,B2
The specific energy of a flywheel is determined by,B2
Deep seismic events and tsunamis are fairly common .,B2
When a wrestler jumps forward from an elevated position and executes a mid-air backflip .,B2
"After his retirement he wrote other chess books , but he was no longer up to date with new ideas .",B2
"Worldwide , breast cancer is the most-common invasive cancer in women .",B2
A chair shot is where a wrestler hits their opponent with a chair .,B2
"IM allows effective and efficient communication , allowing immediate receipt of acknowledgment or reply .",B2
"Web feeds are designed to be machine - readable rather than human-readable , which tends to be a source of confusion when people first encounter web feeds .",B2
"Pure aluminum is very soft , so a harder metal is almost always added .",B2
Late complications happen later on after FGM is done .,B2
"By contrast , some missing person cases remain unresolved for many years .",B2
"Different radio stations want their DJs to speak only at certain times , so cyber jocks have to be made aware of each station 's rules .",B2
The same definition is sometimes used for functions that take real or integer values .,B2
"The climate is generally tropical and mild , and the two major seasons are distinguishable by their raininess .",B2
"In colonial India , the British made various penal colonies .",B2
The British used parts of North America as a penal colony .,B2
Many bird songs are so specific that they can be used for species identification .,B2
The specificity of bird calls has been used extensively for species identification .,B2
"Loons , which are the size of a large duck or a small goose , resemble these birds in shape when swimming .",B2
Loons are the size of a large duck or a small goose .,B2
The city grew after the construction of a new wharf in 1931 .,B2
"The city expanded quickly after the construction of a new wharf in 1931 , followed by its designation as the capital city of the then - French colony in 1933 .",B2
"With a population of just 17 as of December 2004 , it is the smallest municipality in Switzerland .",B2
"With a population of just 12 inhabitants , July 2018 , it is the smallest municipality in Switzerland .",B2
Rounding is often done on purpose to obtain a value that is easier to write and handle than the original .,B2
"Tsangarides died of heart failure complicated from pneumonia on 6 January 2018 , aged 61 .",B2
The plant galls develop after the female insect lays the eggs .,B2
"Statistically speaking , cable- borne elevators are extremely safe .",B2
The plumage is generally light gray - brown and lighter and pinkish below .,B2
There are also arguments about if all the pieces are part of the same stele or come from different copies .,B2
It is also unknown whether all the surviving fragments are part of the same stele or come from different copies .,B2
"32 clubs have played in the DEL since founding , with 14 currently playing .",B2
Larger code size can be traded for higher program speed when applying loop unrolling .,B2
The Sachertorte consists of a chocolate sponge cake with a thin layer of apricot jam in the middle and dark chocolate icing on the top and sides .,B2
"The cake consists of a dense chocolate cake with a thin layer of apricot jam on top , coated in dark chocolate icing on the top and sides .",B2
Most Irish immigrants to the United States during this period favored large cities because they could create their own communities for support and protection in a new environment .,B2
Embryo transfer can be used for humans or animals .,B2
As Coordinating Minister of Strategic Sectors he was responsible for the building of several hydroelectric power plants the he had to borrowed money from Chinese banks to build .,B2
"From the hypostyle hall , one enters the second pillared hall , which has four pillars decorated with beautiful scenes of offerings to the gods .",B2
"CdTe is used to make thin film solar cells , accounting for about 8 % of all solar cells installed in 2011 .",B2
The cause of type 1 diabetes is unknown .,B2
The election results of 18 September were surprising because they differed widely from the polls of the previous weeks .,B2
"These animals have a long tail , small eyes , and few pectoral - fin radials .",B2
It is where a wrestler delivers an overpowering open - hand slap to their opponent .,B2
Lithium carbonate is an important industrial chemical .,B2
A match similar to a singles match with the exception that the loser must kiss the winner 's bare foot .,B2
Still other nebulae form as planetary nebulae .,B2
"During the war , the town was completely destroyed and the land was made uninhabitable to such an extent that a decision was made not to rebuild it .",B2
Most automobiles today use drive shafts to deliver power from the engine to the wheels .,B2
An automobile may use a longitudinal shaft to deliver power from an engine / transmission to the other end of the vehicle before it goes to the wheels .,B2
"The sea is mostly ice-covered , and the Thwaites Ice Tongue protrudes into it .",B2
The thou is used in engineering and manufacturing mostly .,B2
"He was known for his strength and fiery temper , and fought off over thirty knights by himself on at least two occasions .",B2
"Lamorak was known for his strength and fiery temper , and fought off thirty knights on at least two occasions .",B2
There have been numerous revivals since newer styles supplanted ragtime in the 1920s .,B2
"Ragtime fell out of favor as jazz claimed the public 's imagination after 1917 , but there have been numerous revivals since .",B2
The next advance was the development of procedural languages .,B2
The following credits are sourced from liner notes .,B2
People with intellectual disability are often treated badly by people without disabilities .,B2
People with intellectual disabilities are often not seen as full citizens of society .,B2
Strategic bombing was important in World War II .,B2
The aim of the list was to protect the belief and morals of the faithful .,B2
"The initial landings began at 04 : 50 on 19 August , with attacks on the two artillery batteries on the flanks of the main landing area .",B2
The triggers that cause uric acid to build up in the blood are not well understood .,B2
"For transportation to centers , some offer free transportation , in some cases for persons being released from jail into conditions of inclement weather .",B2
His policy was broadly progressive .,B2
His policy was broadly progressive but had little to do with socialism as traditionally understood .,B2
The village Cross has First Millennial origins : the base dating from the 7th century .,B2
The base of the village preaching cross dates from the 7th century .,B2
The posture of these dinosaurs has long been the subject of some debate .,B2
"A foreshock is an earthquake that occurs before a larger earthquake , called the mainshock .",B2
"China has over 32,000 species of vascular plants , and is home to a variety of forest types .",B2
"The frog spends most of its life underground and surfaces only during the monsoon , for mating .",B2
There are two categories of methods for solving a system of linear equations .,B2
Strep throat usually lasts a few days without treatment .,B2
"When calculating specific impulse , only propellant carried with the vehicle before use is counted .",B2
"When people find specific impulse , the only fuel counted is in the rocket before it gets fired .",B2
Drops are types of moves where a wrestlers either jumps or falls down onto their opponent on the floor and lands with a specific part of the body .,B2
A fist drop is a move where a wrestler either jumps or falls down on an opponent and drives their fist into anywhere on the opponent 's body .,B2
The greater flamingo resides in mudflats and shallow coastal lagoons with salt water .,B2
The bird lives in mudflats and shallow coastal lagoons with salt water .,B2
Sawadogo was sent to a religious school where the students often did n't have enough to eat .,B2
"From the 19th century , the building was used as a ballroom , a restaurant and even a bowling alley .",B2
Most casualties in an explosion are caused by secondary blast injuries .,B2
"The composition and chemistry of the Earth 's atmosphere is of importance for several reasons , but primarily because of the interactions between the atmosphere and living organisms .",B2
"The concept , idea or philosophy of property underlies all property law .",B2
It is the most common tick - borne infection in the United States .,B2
"Lyme disease is the most common tick - borne disease in North America and Europe , and one of the fastest - growing infectious diseases in the United States .",B2
Synthetic genomics does not use naturally occurring genes .,B2
Ring - necked snakes are the only species of snake in their genus .,B2
Flame ionization detectors are used most often for organic compounds .,B2
The upperside of the wings is checkered with orange and black .,B2
It may be possible to terraform Mars to allow a wide variety of living things .,B2
Pippi is an unusual and spirited nine-year- old girl .,B2
The restoration even includes the same type of television .,B2
The restoration includes a television of the same type originally installed in the console .,B2
It flies slowly with its head facing downwards to see its prey .,B2
"A birdbath is an attraction for many different species of birds to visit gardens , especially during the summer and drought periods .",B2
They controlled the mother thread of life of every mortal from birth to death .,B2
"Though the plague was worst in London , it also affected other parts of England .",B2
Before the Romans conquered Britain their land and capital appear to have been part of the territory of the Atrebates .,B2
Cloud forests appear only in few areas above 500 metres but they provide habitat to several endemic flora .,B2
"The wrestler holds both the opponent 's arms under his / her own , and delivers a series of headbutts to the opponent , who is unable to counter .",B2
"However , centralization of collectors ' organisations and periodicals was wanted : By 1924 , these local magazines eventually closed down .",B2
"In reality , a close analysis leaves no doubt that the work was entirely produced in marble .",B2
The damper consists of an inner hub attached to the end of the crankshaft .,B2
Semen ingestion has had central importance in some cultures around the world .,B2
Many cultures around the world once thought or still think that semen has special or even magical qualities .,B2
"Most thinking in genetics has focused on vertical transfer , but there is a growing awareness that horizontal gene transfer is a significant phenomenon .",B2
Dugongs are more closely related to elephants than to other sea creatures .,B2
These six divisions regroup to become the three cords or large fiber bundles .,B2
These six divisions join up again to become the three cords .,B2
The rod is still in use as a unit of measure in certain specialised fields .,B2
"Despite no longer being in widespread use , the rod is still employed in certain specialized fields .",B2
"Six professional wrestling matches were on the event 's supercard , a scheduling of more than one main event .",B2
"The restaurant reopened five months after the massacre , but closed permanently on September 9 , 2000 .",B2
The first construction had a two storied front section with a one-story extension to the rear .,B2
"Traditional western music generally uses seven tones , and repeats at the octave .",B2
Scales in traditional Western music generally consist of seven notes and repeat at the octave .,B2
"The tree forms a thick , rugged bark containing high levels of suberin .",B2
"The tree forms a thick , corky bark .",B2
"Estimates for the total number of casualties in the war vary , because many deaths went unrecorded .",B2
CIDCO carved out 14 small nodes with a view towards facilitating comprehensive development .,B2
There are many different treatments for the symptoms of POTS .,B2
"Despite later attempts to recover it , it has not been reliably sighted since .",B2
"Today , chastity belts are sometimes used in BDSM play in consensual relationships .",B2
"Double sharps also exist ; these have the symbol and raise a note by two semitones , or a whole step .",B2
"Double sharps are indicated by the symbol and raise a note by two semitones , or one whole tone .",B2
The physics engine is responsible for emulating the laws of physics realistically within the application .,B2
Is responsible for emulating realistic laws of physics within the application .,B2
"The series proved popular with American audiences and critical response , though sparse , was positive .",B2
"Collagen is the main protein of connective tissue in animals and the most abundant protein in mammals , making up about 25 % of the total protein content .",B2
"Type I collagen is present in many forms of connective tissue , and makes up about 25 % of the total protein content of the mammalian body .",B2
"The introduction of indoor flush toilets started to displace chamber pots , in the 19th century but they remained common until the mid-20th century .",B2
"As of 2005 , the municipality had a total population of 758,791 , with 748,551 in the municipal seat .",B2
"As of 2010 , the municipality had a total population of 819,543 , up from 758,791 as of 2005 .",B2
Images of the god were kept in homes to protect from evil and so he was shown quite differently from the other gods .,B2
"Images of the deity , quite different from those of the other gods , were kept in homes .",B2
The arms of the three original leagues are now all part of the coat of arms of the canton .,B2
The arms of the three original leagues were combined into the modern cantonal coat of arms in 1933 .,B2
"The wrestler draws a hand back and hits the opponent vertically , usually hitting the top of the head .",B2
"This move sees the wrestler delivering an open-handed strike with arm movement akin to a cross , usually to the opponent 's chin , face or chest .",B2
The current cantonal constitution dates from 1997 .,B2
"The English text comprises 108,260 words and is divided into two parts , each reading as a continuous narrative with no chapter divisions .",B2
Canada provided a thermal plasma analyzer .,B2
"Pannella died on 19 May 2016 of cancer , after agreeing to be sedated .",B2
Ethylene is made in the chemical industry by steam cracking .,B2
"In countries where the weather is cold , underwear is one more layer of clothing that helps the wearer to keep warm .",B2
A non-zero real number can have a negative number as its power .,B2
Helper monkeys are usually raised in a human home as infants .,B2
"After being socialized in a human home as infants , the monkeys undergo extensive training before being placed with an individual needing assistance .",B2
"Picked died of colon cancer in New York City on April 20 , 2019 .",B2
"On April 20 , 2019 , Picker died in New York City from colon cancer at the age of 87 .",B2
The gathering of swamp deer in the park 's grasslands is the largest in the world .,B2
The congregation of swamp deer in the park 's grasslands is the largest in the world ; the population of hispid hare may be of international significance .,B2
A capability enhancement program that started delivering improvements to UK guns in 2007 aimed at reducing weight and improving some components .,B2
A program that started making improvements to UK guns in 2007 tried to make the gun lighter and some features better .,B2
Iodic acid is used as a strong acid in analytical chemistry .,B2
"There are some common ways used to stretch piercings , of different origins and useful for different people .",B2
Fourth is the high-strength metal shield that must be placed behind the head of all Top Fuel drivers .,B2
Two players regularly form a side in courts divided by a net like tennis .,B2
"The total area of the islets is about 187,554 m2 , with their highest point at 168.5 m on the West Islet .",B2
"The total area of the islets is about 187,450 square meters .",B2
The data from measurements of variations at points on the process map is monitored using control charts .,B2
Four types of endorphins are created in the human body .,B2
How supermassive black holes get started is not yet known .,B2
The origin of supermassive black holes remains an open field of research .,B2
Overall the school is characterized by a high proportion of white pupils compared with the national average and nearly all students have English as their first language .,B2
Gram staining is used to determine gram status to classify bacteria broadly .,B2
Some of the original movie actors were n't available to reprise their roles .,B2
The didgeridoo is now often used as an instrument in the experimental and avant-garde music scene .,B2
"Certain people travel to other countries to have sex with children , which is forbidden where they live .",B2
All quarks and gluons in QCD interact with each other through the strong force .,B2
Para-alpine skiing classification is designed to give insurance equal competition between alpine skiers with different types of limited physical and seeing powers .,B2
Georges Head was later chosen as the best place to spy and fire mines which were laid underwater .,B2
"In 1888 Georges Head was chosen as the best place to observe and fire underwater mines , the latest in harbor defences .",B2
"Agrawal died on 11 October 2018 from heart failure complicated from starvation , aged 87 .",B2
"Agrawal died on 11 October 2018 , after fasting since 22 June 2018 , demanding the government act on its promises to clean and save the Ganga .",B2
Responses to terrorism are broad in scope .,B2
Counter-terrorism is broad in scope .,B2
An Event Cache is a gathering organized and attended by geocachers .,B2
"Up to four people can play in multiplayer mode , which has specific rules predetermined by the players .",B2
"It is most often found in pairs or small noisy flocks of up to 10 individuals , but sometimes up to 30 .",B2
Political philosophy is a branch of philosophy .,B2
The aesthetics of the store are somewhat different from that of 7 - Eleven stores in other countries as the stores offer a wider selection of products and services .,B2
Estimates of the individual 's age at death range from 7 to 11 years old .,B2
"Some ghost towns , especially those that preserve period-specific architecture , have become tourist attractions .",B2
Some ghost towns are kept intact as tourist attractions .,B2
Withdrawal of a military occupation may be due to political reasons .,B2
Some people who do this started using pictures of text to make it harder for anti-phishing filters to see it .,B2
"The Japanese counterattacks against the American beachheads , as well as the fierce fighting , had exhausted the Japanese .",B2
"The attacks against the American beaches , as well as the violent fighting , had tired out the Japanese .",B2
"In May 2006 , it was announced that the station was to be redeveloped as part of a $ 36 million project .",B2
"On May 15 , 2006 , it was announced that the station is to be redeveloped .",B2
"The organization became a political party in January 2006 , running in that year 's elections .",B2
"In former times most of the people were farmers , however later in the 18th century the production of textiles became more and more important .",B2
"In former times the main income source from the inhabitants was agriculture , however later in the 18th century the weaving mill of lines became more and more important .",B2
"The game features the revived ECW brand , and it takes its place alongside the established Raw and SmackDown !",B2
The game was the first of the SmackDown vs . Raw games to feature the newly revived ECW brand .,B2
Most people infected with trichomonas vaginalis do not have any symptoms and can be undetected for years .,B2
Japanese radio intercepts did notice an increase in both American submarine activity and message traffic .,B2
"Sea levels were high worldwide , and much of the land lay under shallow seas , where tropical reef organisms lived .",B2
"The demonstration of circulation varies from year to year , but the basic climatologic structure is almost constant .",B2
Binary form was most commonly used in the Baroque era for short dances called minuets .,B2
"Binary form was popular during the Baroque period , often used to structure movements of keyboard sonatas .",B2
The main attack tried to rescue the trapped battalions .,B2
"The main assault also jumped off , now attempting to rescue the trapped battalions .",B2
Copper forms chemical compounds .,B2
The health risks associated with nuclear materials have also featured prominently in Australian anti-nuclear campaigns .,B2
"Male argonauts have been observed residing inside salps , although little is known about this relationship .",B2
"At age ten he was traveling , had boyfriends and wanted to be an actress .",B2
Amateur radio operators use various modes of transmission to communicate .,B2
The climate of the region is subtropical monsoonal .,B2
"Another part of the machine 's exhibition was the completion of the knight 's tour , a famed chess puzzle .",B2
"The population was 26,190 at the 2010 census and 35,050 following a special census conducted in 2018 .",B2
The leaders of colonial America in the 1760s and 1770s read history carefully .,B2
The colonial intellectual and political leaders in the 1760s and 1770s closely read history to compare governments and their effectiveness of rule .,B2
The bacterium was first found in a 43 - year- old American woman .,B2
Scientists discovered the bacterium in a 43 - year- old American woman who had traveled to Peru for three weeks .,B2
There is no international treaty that specifies a specific crime of ethnic cleansing .,B2
There is no official legal definition of ethnic cleansing .,B2
Criticism of the game is that battle is easy and cut-scenes dialog is too long .,B2
Critics found battle too easy and cut-scenes dialog too long .,B2
Inherited factors are about 60 % responsible for the variability in uric acid level .,B2
Controversy surrounds the death of several fishermen since the 1980s .,B2
These four discoveries had a profound impact on the development of civilization throughout the world .,B2
These four discoveries had a big impact on the development of Chinese civilization .,B2
A lineworker generally does outdoor installation and maintenance jobs .,B2
The word lineman / linesman refers to those who work in generally outdoor installation and maintenance jobs .,B2
"As of early 2017 , there are 131 species assigned to this genus , including the species listed below .",B2
117 species are currently assigned to this genus .,B2
Logarithms have many applications inside and outside mathematics .,B2
Logarithms have many properties .,B2
"Roussimoff died in his sleep of congestive heart failure on the night of January 27 , 1993 , in a Paris hotel room .",B2
"On January 27 , 1993 , he died of congestive heart failure while he was sleeping in his Paris hotel room .",B2
"In addition to the , the city has academies of sculpture and fine arts and a museum of statuary and antiquities , and a yearly marble technology fair .",B2
Countries using proportional representation have less of a tendency to create a two -party system because successful smaller parties are common .,B2
"Countries using proportional representation give little advantage to the largest two parties , so they tend to elect many parties .",B2
The main inscription on the attic would originally have been of bronze letters .,B2
The main inscription was made of bronze letters .,B2
"As the century progressed , tomato ketchup began its ascent in popularity in the United States .",B2
The cause of the Christmas Island pipistrelle 's decline is unknown .,B2
"Adults of both sexes are medium to large chicken - like birds , stocky with round-wings .",B2
Late in life he suffered from depression and madness .,B2
The inner ear is made mostly of the cochlea .,B2
The inner ear consists of the cochlea and several non-auditory structures .,B2
"Early on July 1 , a strong and big tropical wave moved off the coast of Africa .",B2
't Hooft is most famous for his contributions to the development of gauge theories in particle physics .,B2
"In several countries , rifle clubs have been made since the 19th century .",B2
Cultivation of watercress is practical on both a large-scale and a garden-scale .,B2
Agrology of watercress is both a large scale and a garden scale .,B2
"While historians concur that the votes were accurately counted , the process was neither free nor secret .",B2
"Most historians agree that the result was not fixed , but the voting process was neither free nor secret .",B2
"The wreath is one of the odder parts of the flag , added against the rules of heraldry and breaking up the carpet pattern .",B2
"The wreath was added against the rules of heraldry , breaking up the carpet pattern .",B2
"In 1989 , the satellite Hipparcos was launched primarily for obtaining improved parallaxes and proper motions for over 100,000 nearby stars , increasing the reach of the method tenfold .",B2
"For example , a sociolinguist might research how a particular variety of language would not be considered correct in a business place .",B2
The victorious rebels formed a government that abolished the military .,B2
"In tetrapods , claws are made of keratin and consist of two layers .",B2
The movie gained mixed reviews from critics and holds a 50 % rating on Rotten Tomatoes .,B2
The story has been changed considerably in various retellings and subjected to numerous modern adaptations and readings .,B2
The importation of slaves was made illegal in 1792 and Chinese workers were brought to work in the farms .,B2
"On August 10 , a day of memorials began peacefully , but some people became outspoken after an evening candlelight vigil .",B2
"A cigar-smoker most of his life , Sugar died from cardiac arrest on March 25 , 2012 .",B2
"Sugar died from cardiac arrest on March 25 , 2012 at age 75 .",B2
Wet chemistry commonly uses laboratory glassware such as beakers and graduated cylinders to prevent materials from being contaminated or interfered with by unintended sources .,B2
"In some cases , voice- tracking is done in order to give station employees the flexibility to carry out other responsibilities .",B2
A total of 47 countries entered the qualification .,B2
"A total of 47 countries entered the qualification , including South Africa , which automatically qualified .",B2
Newspaper 's revenue from classifieds advertisements is decreasing continually as internet classifieds grow .,B2
Newspapers have continued their downward trend in classifieds revenue as internet classifieds grow .,B2
About 50 % of the papyrus is missing .,B2
"Despite attempts at reconstruction , approximately 50 % of the papyrus remains missing .",B2
"The design of the trains was finalized in September 2004 , and manufacture of two pre-production trains began in January 2005 .",B2
But in elementary arithmetic this form is used rather often .,B2
"After September 1939 , desperate efforts were made to improve the situation , but with very little result .",B2
The cells of the epidermis can vary in the way they are made and how they work .,B2
Solar cells can be used to power tools or to recharge a storage battery .,B2
The eleven municipalities have special status equal to the raions .,B2
The eleven municipalities have special status equal to the rayons .,B2
Civil rights guarantee equal protection under the law .,B2
These reliefs were taken away in 1945 .,B2
"Cowbirds eat insects , including the large numbers that may be stirred up by cattle .",B2
Wind chill numbers are always lower than the air temperature for values where the formula is valid .,B2
Wind chill numbers are always lower than the actual outside temperature .,B2
"A strong tropical wave moved off the coast of Africa late on August 20 , and almost convective banding and a broad circulation .",B2
"In a register machine , programs are composed of instructions which operate on values .",B2
"The station 's large hall was chosen because its dimensions are similar to 19th century concert halls , that is , it is shaped in the 'shoebox style ' .",B2
Mehr was then nominated by the Prime Minister to serve as the Minister of Finance .,B2
It is a fallacy because the moral character or actions of the opponent are generally irrelevant to the logic of the argument .,B2
"Prizes are given for a number of reasons : as an honor for special persons , for exemplary behavior and to provide incentives in competitions , etc .",B2
"The earthquake caused more than 5,000 casualties , and destroyed 29,000 houses .",B2
"The city was first incorporated in 1872 , but the charter was voided as illegal , and the city was re-incorporated in March 1873 .",B2
"The city was first incorporated in 1872 , but the charter was ed as illegal .",B2
"In economics and accounting , capital accumulation is often equated with investment of profit income or savings , especially in real capital goods .",B2
In economics capital accumulation is often seen as the same as investment .,B2
"Since 1940 , the southeastern US region has seen a shift to production of Runner group peanuts .",B2
"Rapid forces , whether for an offensive or defensive purpose , were needed to deny vital locations to the enemy .",B2
"Butter cakes are traditionally made using a creaming method , in which the butter and sugar are first beaten until fluffy to incorporate air into the butter .",B2
"In 1984 , when Tjapaltjarri was about 25 , he finally came into contact people from outside his family .",B2
"There are not as many symphonies in A major as in D major or G major , but more than other sharp keys .",B2
"Under the 1992 constitution , the President is limited to a single five -year term .",B2
"Shy and harmless towards humans , smalleye hammerhead sharks are fished throughout its range and is sold as food .",B2
Scientists keep doing research on ways to prevent and treat dengue .,B2
The movement of snakes in arboreal habitats has only recently been studied .,B2
The line is used to show that the Monarch has granted their Royal Assent to a bill in order to make it become law .,B2
"As an example , see the following graphic : As song one begins to fade out the next song begins .",B2
"Prior to the beginning of the 1700s , there might not have been a permanent population there but the area was used by nomads .",B2
No certain dates can be assigned to this empress 's life or reign .,B2
"According to 2011 census , Vikramasingapuram had a population of 47,241 .",B2
Fastpitch pitching distance can be between 35 and 45 feet ; it all depends on the age of the players .,B2
All 16 - bit programs run by default in a single virtual DOS machine with shared memory space .,B2
The shape of the cabling layout used to link devices is called the physical topology of the network .,B2
"The Grade is more relevant to mountaineering and big wall climbing , and often not stated when talking about short rock climbs .",B2
The four best third - placed teams from the six groups advanced to the knockout stage along with the six group winners and six runners - up .,B2
The President 's role is largely ceremonial as in many parliamentary democracies .,B2
His role is ceremonial as in many parliamentary democracies .,B2
"A three - point stance clothesline is where a wrestler lines up in a three - point stance , charges at the opponent and clotheslines them .",B2
China has officially cited resource depletion and environmental concerns as the reasons for a nationwide crackdown on its rare- earth mineral production sector .,B2
China has said that resource depletion and environmental concerns are the reasons for increased nationwide control of its rare earth mineral production .,B2
"Scholars ' rocks can be any color , and contrasting colors are not uncommon .",B2
"Today , however , price fixing by private entities is illegal under the antitrust laws of more than 140 countries .",B2
International price fixing by private entities can be prosecuted under the antitrust laws of more than 100 countries .,B2
"Attacks in which an attacking wrestler jumps and falls down onto an opponent on the floor , striking with a specific part of the body .",B2
Unaipon was obsessed with correct English and in speaking tended to use classical English rather than that in common usage .,B2
Unaipon was obsessed with correct English .,B2
People have had intellectual disability throughout history .,B2
Intellectual disability has been documented under a variety of names throughout history .,B2
"Recently , major card issuers have increased cashback amount to 5 % for purchases especially in grocery stores and petrol stations .",B2
She died on 13 February 2019 in Rome from lymphoma at the age of 79 .,B2
During the day amphiumas hide in plants .,B2
"On 10 May 1940 , German troops started their surprise attack on the Netherlands without a declaration of war .",B2
There are many biofuel options which are available .,B2
Biofuel development and use is a complex issue because there are many biofuel options which are available .,B2
"In the summer of 2014 , during a brawl in his house he took a hit to the head and had a bad fall that resulted in a coma .",B2
Investigators concluded that the probable cause of the crash was believed to be an inoperable instrument landing system and ground radar .,B2
Chess players classify endgames according to the type of pieces that remain .,B2
"The mouse - like hamsters are not true hamsters , but represent an early split from the rest of the mouse -like rodents .",B2
Garments are also checked for foreign objects .,B2
"As part of the regeneration , the transport links to Ravenscraig will be greatly improved .",B2
Traditional gene names and abbreviations are often not specific for a single gene .,B2
No certain dates can be assigned to this emperor 's life or reign .,B2
No firm dates can be assigned to this historical figure 's life or reign .,B2
"The dough is an ordinary bread dough , usually with yeast as a leavening agent but baking powder may also be used .",B2
The song is about the singer asking her lover not to end their relationship .,B2
The uptempo song 's lyrics are a plea from the singer to her lover not to end their relationship .,B2
"Between 64 and 104 major aftershocks , ranging in magnitude from 4.0 to 6.1 , were recorded within 72 hours of the main quake .",B2
"52 big aftershocks , ranging in size from 4.4 to 6.0 , were recorded within 72 hours of the main tremor .",B2
"A move in which a wrestler jumps from the top turnbuckle , top rope or the apron landing one knee across a supine opponent .",B2
"Most eels live in the shallow waters of the ocean and burrow into sand , mud , or amongst rocks .",B2
Most eels prefer to live in the shallowest parts of the ocean .,B2
"Prior to the late 1980s , fans could station themselves up to the guardrails so they could be closer to the action .",B2
"Before the late 1980s , people could station themselves up to the guardrails so they could be closer to the action .",B2
The MIPS architecture provides a specific example for a machine code whose instructions are always 32 bits long .,B2
"The size of the principal cast was reduced compared to the previous series , with a fixed number of characters appearing in every episode .",B2
"At the application level , SATA devices can be specified to look and act like PATA devices .",B2
The assessment of job satisfaction through employee anonymous surveys became commonplace in the 1930s .,B2
This became the first Japanese - authored historical account of its sort to be published and circulated for scholarly study in the West .,B2
The swans are some of the largest flying birds .,B2
Dairy farming has been part of agriculture for thousands of years .,B2
Carbon dioxide is a greenhouse gas .,B2
Carbon dioxide is the most significant long-lived greenhouse gas in Earth 's atmosphere .,B2
The most important part of the temple was the sanctuary .,B2
"The most important part of the temple was the sanctuary , which typically contained a cult image , a statue of its god .",B2
The sea has been used for fishery and transportation of goods between the coastal countries .,B2
"Traditionally , the sea has been used for fishery and transportation of goods between the coastal countries and its coral reefs and islands are popular tourist destinations .",B2
Fifth is the on- board fire extinguishing system that are required .,B2
Fifth is the on board fire control system that all cars must have .,B2
"During the single- player campaign , the player controls six different characters from a first-person perspective .",B2
"The convention sets out the definition , rights and duties of statehood .",B2
"Throughout the night , several watches and warnings were discontinued .",B2
"Metals typically are strong , dense , and good conductors of both electricity and heat .",B2
"Sweden is a constitutional monarchy and King Carl XVI Gustaf is the head of state , but the role of the monarch is limited to ceremonial and representative functions .",B2
"Sweden is a constitutional monarchy because it has a king , Carl XVI Gustaf , but he does not have any real power .",B2
"Spanish athletes have won a total of 154 medals , with sailing as the top medal - producing sport .",B2
In his fiction Bear often addresses major questions in contemporary science and culture and proposes solutions .,B2
Bear often answers major questions in contemporary science and culture with fictional solutions .,B2
Another view is that the name was an insult .,B2
"Mortars have been used for hundreds of years , originally in siege warfare .",B2
"In 1971 , she suffered a miscarriage in the eighth month of pregnancy and survived clinical death .",B2
She suffered a miscarriage and survived clinical death .,B2
"Symbolically , spires have two functions .",B2
"In the United States , the term lien generally refers to a wide range of legal interests .",B2
"The size of Irish Elk antlers is distinctive , and several theories have arisen as to their evolution .",B2
The size of Irish elk antlers is distinctive .,B2
A knee strike is where a wrestler strikes their opponent using their knees .,B2
An attack in which a wrestler brings the knee up to hit the opponent under the chin as if performing an uppercut .,B2
Stubing died on 3 July 2017 at her home in Rome from multiple myeloma at the age of 76 .,B2
Elephant birds have been extinct since at least the 17th century .,B2
"The Elephant birds , which were giant ratites , have been extinct since at least the 17th century .",B2
"Not only did nimravids have varied tooth styles , but they also showed the same range of size size and shape as felids .",B2
The movie gained negative reviews from critics and holds a 23 % rating on Rotten Tomatoes .,B2
Elemental bromine is toxic and causes chemical burns on human flesh .,B2
The diagram illustrates the encryption process .,B2
"In the US , during the show 's final season on - air , the show was open-captioned ; this was intended as an aid to help younger children learn to read .",B2
"In the United States , starting in 1996 , the show was open-captioned ; this was intended as an aid to help younger children learn to read .",B2
"Despite the name of the band , or the band 's logo , the members do not consider themselves antitheist .",B2
"Despite the name of the band , the members say they are not anti-religious .",B2
Differential calculus is the process of finding out the rate of change of a variable compared to another variable .,B2
The poem satirises a small incident by comparing it to the epic world of the gods .,B2
Gram staining differentiates bacteria by the chemical and physical properties of their cell walls .,B2
Gram 's method stains bacteria according to the chemical and physical properties of their cell walls .,B2
Those who saw the apparition stood in the rain for up to two hours .,B2
"Today , the village and base 's combined population numbers approximately 5,400 .",B2
"Chain- driven transfer cases use a chain to drive most often only one axle , but can drive both axles .",B2
Chain- driven transfer cases use a chain to transmit power to the axles .,B2
The electrons and the positive ions in the metal have a strong attractive force between them .,B2
Bismuth is used in metal alloys with other metals such as iron .,B2
Bismuth is used in alloys with very low melting points .,B2
"In the late 19th century , Japan was still largely unknown and exotic to Westerners .",B2
"Though often used interchangeably , these words have different meanings .",B2
"Though often used interchangeably , in biology these words have different meanings .",B2
"Since the buildings are of relatively low height , the complex sprawls out over a large area of land .",B2
The owls ' hunting depends on surprising its prey .,B2
Much of the owls ' hunting strategy depends on stealth and surprise .,B2
"Like scallops , true oysters have a central adductor muscle .",B2
Its natural habitats are subtropical or tropical forests .,B2
"As Europeans made inroads into Africa in the early 19th century , guns were developed to handle the very large game encountered .",B2
Oats are grown all over temperate places .,B2
Oats are best grown in temperate regions .,B2
The single most important substance deciding human skin color is the pigment melanin .,B2
"The actual skin color of different humans is affected by many substances , although the single most important substance is the pigment melanin .",B2
"When in 2001 , the local community published its own findings about the forest 's sustainable management , it became an example of community involvement in a state - run management plan .",B2
It is possible to save a conversation to read later or look at again .,B2
Females reach sexual maturity at 4 years .,B2
Females reach sexual maturity at 4 years while males do not reach maturity until 7 years old .,B2
Multiple artificial sweeteners can be used to give diet soft drinks a sweet taste without sugar .,B2
Different artificial sweeteners are used instead of sugar to give diet soda a sweet taste and some are often used combined with one another .,B2
"Unaipon became well -known as an inventor , and a recognized authority on ballistics .",B2
Grosics died on 13 June 2014 after suffering from cardiac and lung problems .,B2
"The telescope will use seven of the world 's largest mirrors as primary mirror segments , each 8.417 m in diameter .",B2
"Eventually , the Roman art of baking became known throughout Europe and eventually spread to eastern parts of Asia .",B2
Most species of the sea snakes are able to respire through the top of their skin .,B2
"Experimental physics expands , and is expanded by , engineering and technology .",B2
"Experimental physics , engineering and technology are related .",B2
"As of 2010 , the municipality had a total population of 8,441 , up from 7,233 as of 2005 .",B2
"The port of the mosque measures 27 m high , crowned with two minarets 42 m tall .",B2
"At the time the United States entered World War II in December 1941 , flying across oceans was a rare luxury .",B2
The terracotta army figures were manufactured in workshops by government laborers and local craftsmen using local materials .,B2
"Short eruptions can end in less than a day , but longer events can continue for several days or months .",B2
Short eruptions can end in less than a day .,B2
"The tiger shark is found in many different kinds of marine habitats , but it usually prefers murky waters in coastal areas .",B2
"He was also a known historian , biographer and writer .",B2
"In addition to his political career , he was also a noted historian , biographer and writer .",B2
"Goods -only trains were not normally used , and usually goods wagons were attached to any passenger trains .",B2
"Goods -only trains were a rarity , and the usual practice was to attach goods wagons to any scheduled passenger services .",B2
The material of choice of a given era is often a defining point .,B2
The forest is known in the region for its bluebell carpet .,B2
"The forest is known in the region for its bluebell carpet which covers the forest floor for a few weeks each spring , attracting many visitors .",B2
The walls around the old town are intact as the city grew and became more modern .,B2
A number of other visiting diesel and steam engines have also seen service on the line .,B2
"In some parts of the United States , corporal punishment is allowed in schools .",B2
"In all states of the United States and most African and Asian nations , corporal punishment by parents is currently legal .",B2
"In some jurisdictions , specific types of criminal cases may also be commenced by the filing of a complaint , also sometimes called a criminal complaint or felony complaint .",B2
"In some jurisdictions , specific types of criminal cases may also be started by the filing of a complaint .",B2
"Modern video cameras have numerous designs and uses , not all of which resemble the early television cameras .",B2
The western grey kangaroo is one of the largest macropods in Australia .,B2
French explorers and fur traders were the first Europeans in the subregion .,B2
"Animals usually clean their fur , feathers or other skin coverings .",B2
There are many ways to define the size of a cluster and distance between clusters .,B2
There are many ways to define the size or diameter of a cluster .,B2
Caramel sauce is made by mixing caramelized sugar with cream .,B2
Para-alpine skiing classification is the classification system for para-alpine skiing designed to ensure fair competition between alpine skiers with different types of disabilities .,B2
"Suspects have been named by law enforcement and amateur investigators , mainly led by Dave Toschi , but no conclusive evidence has surfaced .",B2
"Suspects have been named by law enforcement and amateur investigators , but no conclusive evidence has surfaced .",B2
"Hormones are defined functionally , not structurally .",B2
"As hormones are defined functionally , not structurally , they may have diverse chemical structures .",B2
"Slavery has existed , in one form or another , throughout the whole of human history .",B2
In one form or another slavery has been practiced since the earliest civilizations .,B2
"In 2010 , there was an estimated 8,638 Kayapo people , which is an increase from 7,096 in 2003 .",B2
"For thermally robust materials , high temperature methods are often employed .",B2
"For materials that can withstand heat , chemists often use high temperature methods .",B2
The bunker walls were 1.5 metres thick and it was almost bomb proof .,B2
The walls of the bunker were 1.5 metres thick and it could almost withstand a direct hit from a 300 lb bomb .,B2
"The city had to condemn the properties to acquire the land for park , and won its case in 1895 .",B2
"The city had to force owners to sell the properties to obtain the land for the park , and won the case in 1895 .",B2
"As of 2017 , the books had collectively sold more than seven million copies .",B2
FGM can hurt women 's physical and mental health throughout their lives .,B2
"Soaps and detergents help to spread the oils and dirt particles through the water , so they can be washed away .",B2
A cache is a block of memory for storing data which is likely used again .,B2
Hardware implements cache as a block of memory for temporary storage of data likely to be used again .,B2
The best -known method of prey capture is by means of sticky webs .,B2
The best-known method spiders use to capture prey is a sticky web .,B2
They are also used as tree for pollinating food apple trees in apple orchards .,B2
They are also used as pollinizers in apple orchards .,B2
"In the 1890s , a variant known as bridge whist became popular which eventually evolved into contract bridge .",B2
"In the 1890s , a variant known as bridge whist became popular .",B2
Perception is one of the oldest fields in psychology .,B2
"Perception is one of the oldest fields of scientific psychology , and there are many theories about how it works .",B2
The following table lists the progression of the largest known prime number in ascending order .,B2
This table lists every number that was once the largest known prime number .,B2
A forearm drop is where a wrestler jumps down onto an opponent and drives their forearm into anywhere on the opponent 's body .,B2
"Some backpacks are specialized to carry a particular thing , such as fluids or a laptop computer .",B2
Music and sport are the only subjects that generally fall outside the station 's coverage .,B2
During the twelfth century the area was marshland .,B2
Chemical literature connect structures or properties of chemicals to academic papers or patents related to them .,B2
"There are two types of adverbs , primary and secondary .",B2
Over 100 ships or shipwrecks have been designated as NHLs .,B2
There are 128 ships or shipwrecks that are NHLs .,B2
French literature and poetry flourished even more in the 18th and 19th centuries .,B2
"Bat : The bat used by the offense can be made out of wood or aluminum or other composite materials , such as carbon fiber .",B2
"When someone dies , they are sent to one of many bars run by bartenders .",B2
The live hour-long series finale aired August 26 at 11 pm and was viewed by 1.003 million people .,B2
"Frequently two types of sports competition are played in this rural community , volleyball and cricket .",B2
The use of military organisations to police civilian populations is common to many time periods and cultures .,B2
There is a supermassive black hole at the center of the galaxy .,B2
The procedure for caring for a beating heart cadaver is the same as caring for a normal patient .,B2
Most employment as a statistician requires a minimum of a masters degree in statistics or a related field .,B2
The award consists of an 18 carat gold medal weighing 3 tolas and a certificate of honor .,B2
Nematode species can be difficult to distinguish from one another .,B2
"He died in England on November 16 , 2018 at the age of 81 , due to complications of hip surgery .",B2
Performance improvements are sometimes delivered via wide area file services or WAN optimization .,B2
Performance improvements are sometimes delivered via WAFS or WAN optimization .,B2
"The novel is told through narratives alternating between two time periods , and is largely told in the third - person mode .",B2
Alekhine was known for his attacking style : he was good at turning an initiative into a win .,B2
"Prior to the start of the season , the divisions of the league were re-aligned to reduce travel costs .",B2
"Prior to the start of the season , the divisions of the league were re-aligned to better reflect the locations of the teams .",B2
Most of the area of these hilly hamlets and villages is covered with trees .,B2
"Within a day , symptoms of mustard poisoning had appeared in 628 patients and medical staff .",B2
"Many objects cannot achieve negative temperatures , because adding energy to them will increase their entropy .",B2
"One of the first , and most powerful , techniques to improve performance is the use of the instruction pipeline .",B2
The film had a chilly reception with critics .,B2
These frogs do not have the adhesive toe disc cups found in the tree frogs .,B2
Arns was killed in the 2010 Haiti earthquake while speaking to a church group .,B2
One way to think about mental health is by looking at how effectively and successfully a person functions .,B2
The goal was to capture a major port for a short period and to gather information .,B2
"Objectives included seizing and holding a major port for a short period , both to prove that it was possible and to gather intelligence .",B2
Bald eagles are sexually mature at four or five years of age .,B2
"Cooking oil is flammable , and fires may be caused by it igniting at too high a temperature .",B2
Cooking oil can burn well and may catch fire if it is used at too high a temperature .,B2
The city has numerous historic religious buildings .,B2
The earliest archaeological evidence for wheat seeds crushed between simple millstones to make flour dates to 6000 BC .,B2
"The fossil consists of most of the skull , face and mandible with teeth .",B2
"The fossil has most of the face and mandible with teeth and , uniquely , a natural endocast of the braincase .",B2
"Worldwide production of apples in 2017 was 83.1 million tonnes , with China accounting for half of the total .",B2
"A large number of settlers arrived in the 1850s and 1860s , many of whom were ancestors of today 's residents .",B2
"However , changes in the terms of their professional service may have created resentment .",B2
There were some changes in the terms of their service which may have created resentment .,B2
"If the subject still wished to stop after all four successive verbal prods , the experiment was halted .",B2
"If the subject still wished to stop after the four main prods had been used , the experiment was halted .",B2
"Wrasses can put their jaws forwards , usually with separate jaw teeth that jut outwards .",B2
"On 21 July , the fire was 15 % contained but burned through 74,083 acres .",B2
An attack where a wrestler will strike an opponent using the knee .,B2
"An attack where a charging wrestler jumps striking both knees simultaneously into the head , chest or back of the opponent .",B2
The fundamentals of bird flight are similar to those of aircraft .,B2
It is hard to find the shape of the minimal surface bounded by some arbitrary shaped frame using just mathematics .,B2
"Farmer was diagnosed with esophageal cancer in the spring of 1970 , which was attributed to her lifelong habit of heavy smoking .",B2
Farmer was diagnosed with esophageal cancer in the spring of 1970 .,B2
The executive is the governing center of political authority .,B2
Physicists represent sources of magnetic moments in materials as poles .,B2
There are various modifications that can be implemented atop the fundamentals of the battle royale .,B2
There are many changes that can be placed on top of the fundamentals of battle royale .,B2
Extraterrestrial skies seem to vary because of a number of reasons .,B2
This first movement is in sonata-allegro form .,B2
There are 29 letters in the Vietnamese alphabet .,B2
Vietnamese schools teach the alphabet with these 29 letters .,B2
More detail on the health of the drive may be obtained by examining the SMART Attributes .,B2
"In digital signal processing , a digital signal is a representation of a physical signal that is a sampled and quantized .",B2
The stone may be displayed on a rosewood pedestal that has been carved specifically for the stone .,B2
The stone may be displayed on a wooden base that has been carved specifically for the stone .,B2
Their feathers are mainly light brown with black spots on the top and buff with narrow blackish streaks on the underside .,B2
"On Friday , drivers have a 30 - minute practice session and a 30 - minute qualifying session .",B2
Most scallops are filter feeders .,B2
Kodaikanal was established in 1845 as a refuge from the high temperatures and tropical diseases of the plains .,B2
Synapsids are characterized by having differentiated teeth .,B2
Synapsids had differentiated teeth .,B2
"At about 10 : 30 AM the flight paths of the two aircraft intersected over the canyon , and they collided at a closing angle of about 25 degrees .",B2
"At about 11 : 31 AM MST , the track of both airplanes intersected over the canyon , and they hit each other .",B2
"Each state 's constitution or legislature spells out what type of courts the state will have , how they will work , and how judges will be chosen .",B2
The structure of courts and the methods of selecting judges is determined by each state 's constitution or legislature .,B2
"The strike forces , with many damaged aircraft , reached and landed on their respective carriers between 12 : 50 and 14 : 30 .",B2
Organic synthesis is a special branch of chemical synthesis dealing with the synthesis of organic compounds .,B2
It is difficult to know exactly when naturism began as an action group .,B2
It is difficult to nominate exactly when naturism started as a movement .,B2
"In 1979 , funding was received to preserve the site as a tourist destination , due to its historical significance .",B2
"In 1979 the government gave money to protect the site as a tourist area , because of its historical importance .",B2
The book has also been seen as trying to show that masculinity was important in stopping slavery .,B2
The length of the slide rule is quoted in terms of the nominal length of the scales .,B2
The width of the slide rule is quoted in terms of the nominal width of the scales .,B2
Air cooling is the process of cooling an object by exposing it to air .,B2
"The legal status of prostitution varies from country to country , from being legal and considered a profession to being punishable by death .",B2
The legal status of prostitution varies from country to country .,B2
"Chicken or veal parmigiana has become very popular in Australia as a pub dish , often served with chips and salad .",B2
Polo is not played exclusively on horseback .,B2
People are nomads for many reasons .,B2
"When a woman experiences a painful sexual act , the pain may distract her from feeling pleasure and excitement .",B2
"When pain occurs , the woman may be distracted from feeling pleasure and excitement .",B2
"Bearded dragons do not make sounds usually , but when they are scared they might hiss like a cat .",B2
"Around the world , the sugar glider is a popular domestic pet .",B2
"In several countries , the sugar glider is popular as an exotic pet , and is sometimes referred to as a pocket pet .",B2
"Pesticides are used to kill pests , but many are bad for human health .",B2
Pesticides are used to control organisms that are considered to be harmful .,B2
"In December 1912 , workers at a local quarry uncovered a crack in the rocks with warm air coming out .",B2
"In December 1912 , workers at a local quarry uncovered a crack in the rocks .",B2
"After the gold rush , the forest slowly began to regrow .",B2
"As the forest was almost abandoned after the gold rush period , a regeneration process emerged .",B2
"Usually a libretto is written before the music , but sometimes composers wrote some of the music first and then looked for words to go with it .",B2
The location of the town at the bottom of a steep valley counted against it when it came to railway construction .,B2
Because the town is at the bottom of a steep valley it was n't suitable for the railway .,B2
"It is the smallest of the closer Uranian moons , estimated to be only about 18 km in diameter .",B2
"It is the smallest of inner Uranian satellites , crudely estimated to be only about 18 km in diameter .",B2
Historical attitudes towards oats have varied .,B2
Historical attitudes towards oats are very different .,B2
The same situation nearly materialized in 2004 .,B2
"By 1600 , rockets were being used in various parts of Europe against cavalry .",B2
Occasionally a nova is bright enough and close enough to be seen by the unaided eye .,B2
"Since 1963 he has been interested in chemical and biological defense and arms control , has served as a consultant on this subject to various government agencies .",B2
Since 1963 he has been interested in chemical warfare and biological defense and arms control .,B2
"Today , the local economy is largely commercial and manufacturing , with the largest employer being a clothing manufacturer .",B2
The site was excavated in August 2008 and again in August 2009 .,B2
"Because promos are released in smaller quantities than CD singles , they are sometimes considered a collectors item .",B2
"Because promos are produced in smaller quantity than releases made available to the general public , they are sometimes considered valuable collectors ' items .",B2
"Once the plant is allowed to flower , it may produce seed pods containing small black seeds .",B2
"Once the plant is allowed to flower , it may produce seed pods containing small black seeds , which can be saved and planted the following year .",B2
Conscious thought is not always necessary for knowledge of results to have its effect .,B2
"It was elevated to the category of municipal district on May 1 , 2003 .",B2
Atomic physics primarily considers atoms in isolation .,B2
Carreras has received many awards both because of his musical and humanitarian work .,B2
Carreras has received numerous awards and distinctions for both his artistic and humanitarian work .,B2
The cigarette manufacturing companies in Germany made several attempts to weaken the anti-tobacco campaign .,B2
The cigarette manufacturing companies in Germany made several attempts to weaken the scientific credibility of the anti-tobacco campaign .,B2
Seals were used in the earliest civilizations and are of considerable importance in archaeology and art history .,B2
"African elephants receive at least some legal protection in every country where they are found , but 70 % of their range exists outside protected areas .",B2
"For 2007 , d'Ambrosio took part in the inaugural season of the International Formula Master series with the Cram Competition team .",B2
The hosts were only announced after the qualifying round .,B2
"The hosts were only announced after the qualifying round , which meant all teams had to participate in the qualification process for the final stage .",B2
The friction between the ropes and the pulley furnishes the traction which gives this type of elevator its name .,B2
The friction between the ropes and the pulley furnishes the traction which gives this type of lift its name .,B2
"A satellite terminal is a building detached from other airport buildings , so that aircraft can park around its entire circumference .",B2
TUTTs sometimes bring a large amount of vertical wind shear over tropical disturbances and cyclones so TUTTs can reduce cyclone development .,B2
The most common type of aspirator is the water aspirator .,B2
The cheap and simple water aspirator is the most common type of aspirator .,B2
It is a close relative of the mourning and eared doves .,B2
"By the start of the 20th century , the economies of Germany and the United States had begun catching up to Britain , especially in their industrialization .",B2
"On 3 July 2006 , the table tennis section applied for bankruptcy and the table tennis section was disestablished .",B2
Some crabapples are used as rootstocks for domestic apples to add beneficial characteristics .,B2
Some crab apples are used as rootstocks for domestic apples to stand up to cold or drought .,B2
On 9 December the government confirmed that about 90 foreign heads of state and government and 15 former leaders would travel to South Africa to attend funeral events .,B2
Efficiency slows down energy demand growth so that rising clean energy supplies can make deep cuts in fossil fuel use .,B2
Efficient energy use allows energy demand to slow so that rising clean energy supplies can make big cuts in fossil fuel burning .,B2
"In Canada and the United States , neighborhoods often have official or semi-official status .",B2
"In Canada and the United States , neighborhoods are often given official or semi-official status through neighborhood associations , neighborhood watches or block watches .",B2
"The seeds are generally almost microscopic and very numerous , in some species over a million per capsule .",B2
"The seeds are extremely small and very numerous , in some species over a million per capsule .",B2
"In 2018 , there are eleven senators holding ministerial positions and the head of state , the First mayor .",B2
"In 2011 , there are nine senators holding ministerial positions and the head of state , the First mayor .",B2
16 - bit programs run separately within one 32 - bit NTVDM process .,B2
"The earliest anchors were probably rocks , and many rock anchors have been found dating from at least the Bronze Age .",B2
"More than 470 species of birds have been identified in the park , many of which are migrants .",B2
"More than 470 species of birds have been identified in the park , many of which are migrants , with almost 60 species being raptors .",B2
Geographers are historically known as people who make maps .,B2
"In Ancient Egyptian mythology , the god Chnum was said to have formed the first humans on a potter 's wheel .",B2
"At the 2001 Census , the population of the civil parish was 20,309 , remaining similar at the 2011 Census .",B2
"Ridiculed during his lifetime by critics , he came to be recognized as a self-taught genius whose works are of high artistic quality .",B2
"Some critics ridiculed him for his style , but he came to be recognized as a self-taught genius .",B2
"Hydrogen has three naturally occurring isotopes , denoted 1H , 2H and 3H .",B2
The glaciers crush minerals in the rock as they pass over them .,B2
"The song gained popularity in September 2016 , when the first remix was uploaded onto the YouTube channel SiIvaGunner .",B2
"In the opening and middlegame , the king will mostly not play an active role in the development of an attacking or position .",B2
"Lifeline has over 260 retail outlets around the country which sell a variety of clothes , furniture and bric-a- brac .",B2
Lifeline has more than 260 retail outlets around Australia that sell clothes and furniture to make enough money to pay for training and office space they use .,B2
Blankets may be spread on the ground for a picnic or where people want to sit in a grassy or muddy area without soiling their clothing .,B2
"Dodder can be identified by its thin stems appearing leafless , with the leaves reduced to minute scales .",B2
Dodder can be identified by its thin stems .,B2
Reminders allows users to create lists of tasks with alerts that can either be date - based or location - based .,B2
Walker fell into a diabetic coma on 11 January 2015 .,B2
"Walker died after falling into a diabetic coma on 20 January 2015 , aged 41 .",B2
"The explosion killed 90 people and injured 1,400 others .",B2
"The trustee is given legal title to the trust property , but has an obligation to act for the good of the beneficiaries .",B2
The apical complex includes vesicles which open at the front of the cell .,B2
FGM may increase a woman 's risk of having problems during pregnancy and childbirth .,B2
Modern cladistic work has not been conclusive .,B2
The museum 's art includes some of the prefecture 's most important cultural assets and works by artists with some connection to the region .,B2
The Philippines has 17 administrative regions .,B2
Much of the range lies within a succession of national parks and other reserves .,B2
The central theme of hydrology is how the water circulates .,B2
The central theme of hydrology is that water circulates throughout the Earth through different pathways and at different rates .,B2
Typical rounding problems include : The most basic form of rounding is to replace an arbitrary number by an integer .,B2
"Because of his intolerable fiscal charges , in 1717 an open revolt developed in the duchy .",B2
"Because of his very bad taxes , in 1717 an open revolt took place in the duchy .",B2
NMR spectroscopy databases provide information to relate structure and NMR data .,B2
"Apart from tourism , agriculture is still important , particularly cattle breeding in the mountains and dairy farming in the plains .",B2
"Agriculture is important , particularly cattle breeding in the mountains and dairy farming in the plains .",B2
Images and videos showing male bisexuality have been more popular since the start of internet pornography .,B2
"In 1997 , about 8 % of all soybeans cultivated for the commercial market in the United States were genetically modified .",B2
The aquarium has 2 million annual visitors .,B2
Green manures are crops grown for the express purpose of plowing them under .,B2
"Twelve matches were contested at the event , including three matches contested on the pre-show .",B2
Groups of galaxies are the smallest aggregates of galaxies .,B2
Secondary structure refers to highly regular local sub-structures on the actual polypeptide backbone chain .,B2
Secondary structure refers to parts of the protein chain that form regular structures .,B2
"In the next 10 to 11 hours , the radioactive cloud moved towards the north- east , reaching from the accident .",B2
"During the next ten to eleven hours , the radioactive cloud moved towards the northeast , reaching between 300 and 350 kilometers from the accident .",B2
"In reality , cats can turn themselves right side up in mid-air if they should fall upside-down .",B2
Angel food cake requires egg whites whipped until they are stiff .,B2
"Angel food cake needs the egg whites to be whipped until they are stiff , and carefully folded into the other ingredients .",B2
"In the second week of September , a strong tropical wave started moving off the coast of Africa .",B2
"The climate in this area is characterized by hot , humid summers and generally mild to cool winters .",B2
The book includes 36 short essays predicting the consequences of global warming and has been translated into over twenty languages .,B2
"Popular science is a bridge between scientific literature as a professional medium of scientific research , and the realms of popular political and cultural discourse .",B2
It is made by heating barium oxide .,B2
Debian packages are standard Unix ar archives that include two tar archives .,B2
Several times people in Australia have wanted to remove the monarchy .,B2
Australia has periodically experienced movements seeking to end the monarchy .,B2
"The sea contains a number of reefs , uninhabited islands and significant hydrocarbon reserves .",B2
"The sea has a number of reefs , islands where no one lives and significant hydrocarbon reserves .",B2
"In November 2017 , another ballot issue was voted on whether to un-incorporate the city .",B2
"In November 2017 , another ballot issue was voted on whether to dissolve the city .",B2
Crystal structure is now found by analysis of the diffraction patterns of a sample targeted by a beam of some type .,B2
"As dance progressed into the 19th century , the emphasis on technical skill increased , as did the desire to dance en pointe without the aid of wires .",B2
"As dance progressed into the 1800s , the desire grew to dance en pointe without the aid of wires .",B2
"Initially , women protested because his designs covered up their legs , which they had been unused to because of the previous limitations on fabric .",B2
Each state of India has an organization that manages panchayat towns .,B2
One of the goals of compilers and processors designers is to use as much ILP as possible .,B2
A goal of compiler and processor designers is to identify and take advantage of as much ILP as possible .,B2
"Since hummingbirds are specialized nectar-eaters , they are tied to the bird- flowers they feed upon .",B2
The serfs also had to pay taxes and fees .,B2
The discovery of the H5 histone appears to date back to 1970's .,B2
"The foundation of the abbey Fulda and its territory originated with an Imperial grant , and the sovereign principality therefore was subject only to the German emperor .",B2
"From its foundation , the abbey Fulda and its territory was subject only to the German emperor , not to the control of the local lords .",B2
Types of non-fixed keels include swing keels and canting keels .,B2
Other types of keels are swing keels and canting keels .,B2
"In terms of school casualties , thousands of school children died due to shoddy construction .",B2
Land snails are an especially important food item when drought or hard weather makes it hard to find other food .,B2
Snails are especially important when drought or hard weather makes it difficult to find other food .,B2
Benefits of exercise for all ages have been known since antiquity .,B2
The benefits of exercise have been known since antiquity .,B2
"Publicly accessible , it is known for its inviting jungle gym-like characteristics .",B2
By the late 19th century scientists realized that air could be liquefied and its components isolated by compressing and cooling it .,B2
"By the late 19th century , scientists found that air could be turned into a liquid and the compounds in it could be isolated by compressing and cooling it .",B2
"Immediately after their senate confirmation , the emperors went to the camp of the praetorian guard .",B2
"Failure rates are important factors in insurance , business , and regulation practices as well as fundamental to design of safe systems throughout a national or international economy .",B2
"Failure rates are important factors in the insurance , finance , commerce and regulatory industries and fundamental to the design of safe systems in a wide variety of applications .",B2
Discussions included some issues which remained unresolved from previous summits .,B2
The agenda for the summit included some issues which remained unresolved from previous summits .,B2
Chinese rock and roll 's peak popularity was between 1990 and 1993 .,B2
"Primary injuries are caused by blast overpressure waves , or shock waves .",B2
Primary injuries are caused by the explosion 's shock waves .,B2
"After New Zealand ended its provinces in 1876 , they began using a county system as in other countries .",B2
"Pots , traditionally made of terracotta but now more commonly plastic , and window boxes have been the most commonly seen .",B2
"Pots , made of terracotta or sometimes plastic , and window boxes have been the most common containers .",B2
"The opera did not do well , and audiences thought that the opera did not make any sense .",B2
"Mostly songs in this album are smooth and midpaced , while some are faster .",B2
Algebraic geometry occupies a central place in modern mathematics .,B2
The game supports multiplayer with support for up to four players simultaneously .,B2
"Based on the sizes of the moons , the original asteroid may have been about 28 km in diameter .",B2
"Based on the sizes of the satellites , the original asteroid may have been about 28 km in diameter .",B2
Problem gamblers have more suicidal ideation and make more suicide attempts compared to the general population .,B2
Problem gambling is associated with increased suicidal ideation and attempts compared to the general population .,B2
Human behavior is believed to be influenced by the endocrine system and the nervous system .,B2
The feeling of a static electric shock is caused by the stimulation of nerves as the neutralizing current flows through the human body .,B2
The feeling of an electric shock is caused by the stimulation of nerves as the neutralizing current flows through the human body .,B2
"Before the age of man or beast , the immortals wage war on each other in the heavens .",B2
"For many years , efforts to discover brown dwarfs were fruitless .",B2
"Instructs the server to return information about the administrator of the server specified by , or the current server if target is omitted .",B2
It is commonly observed that schooling fish are particularly in danger of being eaten if they are separated from the school .,B2
The municipality had 258 inhabitants in 2003 .,B2
The municipality had 258 inhabitants in 2003 and an area of 32.73 km2 .,B2
This was an early description of the process of geographic speciation by means of the founder effect .,B2
This was an early description of a process of geographical speciation .,B2
He died on 11 May 2018 at the age of 52 from cardiac arrest .,B2
"Reporting to the Assistant Commissioners are about 50 Chief Superintendents , about half of whom supervise what are called Divisions .",B2
Infection rates are higher in some countries in Africa and Asia .,B2
The microarchitecture of a digital signal processor is optimized specifically for digital signal processing applications .,B2
The architecture of a digital signal processor is optimized specifically for digital signal processing .,B2
"The male then leads the female to potential nest sites , and the female will choose one .",B2
"After mating , the male shows the female all the potential nest sites , and lets the female choose one and build the nest .",B2
"The three - toed hind limbs were long and thick , supporting the body in a bipedal posture .",B2
"Covering an area of 3263 km2 and with a population of about 128,000 it is the smallest , least populous , and least densely populated region of Italy .",B2
The inclination of Earth 's orbit drifts up and down relative to its present orbit .,B2
Tsetse have an unusual life cycle .,B2
Tsetse have an unusual lifecycle which may be due to the richness of their food source .,B2
"The center of a subtropical gyre is a high pressure area , which the ocean moves around .",B2
The center of a subtropical gyre is a high pressure zone .,B2
A mud volcano may be the result of a piercement structure created by a pressurized mud diapir that breaches the Earth 's surface or ocean bottom .,B2
A mud volcano is usually made by mud diapir that breaks out of the surface of the Earth or on the ocean bottom .,B2
"Until the early 20th century , arsenic was often used to embalm bodies .",B2
"More than 60 types of synesthesia have been reported , but only a small number have been studied by scientists .",B2
"Other forms of synesthesia have been reported , but little has been done to analyze them scientifically .",B2
"In each group , teams played against each other home - and - away in a round-robin format .",B2
"In each group , teams play against each other home - and - away in a round-robin format .",B2
"At first , historical linguistics was comparative linguistics .",B2
"At first , historical linguistics served as the cornerstone of comparative linguistics primarily as a tool for linguistic reconstruction .",B2
The least skipper favors damp or wet habitats with tall grasses .,B2
The least skipper can be found in damp or wet habitats with tall grasses .,B2
Textiles have been used since the beginning of civilization .,B2
Income is highly associated with prenatal health care .,B2
The inverse operation of multiplication is division .,B2
The opposite of multiplication is division .,B2
A move in which a wrestler jumps or falls down on an opponent driving their elbow into anywhere on the opponent 's body .,B2
A move in which a wrestler jumps / falls down on an opponent driving his knee into anywhere on the opponent 's body .,B2
Eukaryotic cells have a highly evolved process of secretion .,B2
"This , the child of the contradanza , was also danced in lines or squares .",B2
"With global travel becoming widespread at that time , cookies made a natural travel companion , a modernized equivalent of the travel cakes used throughout history .",B2
"Female trees bear their fruit irregularly , only every few years .",B2
The RIRs divide their allocated address pools into smaller blocks and delegate them to Internet service providers and other organizations in their operating regions .,B2
"Hot chocolate can be made with dark , semisweet , or bittersweet chocolate chopped into small pieces and stirred into milk with the addition of sugar .",B2
"The case remained unsolved and cold for several years , partly due to the volume of tips pouring in to the police who investigated the crime .",B2
"The case remained unsolved for over three years , partly due to the volume of tips received by police investigators .",B2
Structural engineering came to existence when the humans first started to construct their own structures .,B2
Structural engineering has existed since humans first started to construct their own structures .,B2
Endgames can be classified according to the type of pieces remaining on the board .,B2
The long-tailed sylph is similar in appearance but does not overlap in range .,B2
The Long-tailed Sylph is almost the same in color but does not overlap in range .,B2
"Because of this , Hash Tables can often find information faster than other tools , such as search trees or other table lookup structure .",B2
"In many situations , hash tables turn out to be on average more efficient than search trees or any other table lookup structure .",B2
Each episode of Season One attracted more than a million viewers on its first airing .,B2
Each episode of the season attracted more than a million viewers on its first airing .,B2
"The municipality covers an area of 1466 sqkm and the city proper , 16 sqkm .",B2
"In warfare , the long term strategy is the defeat of the enemy .",B2
The new technology allowed deliberate alteration of genes to change the characteristics of an organism .,B2
"Crombie 's family announced on April 18 , 2015 that he had died suddenly three days earlier of a brain hemorrhage in New York City .",B2
"At first , during the 1820s and 1830s , she composed exclusively for the piano .",B2
"The Murids are classified in four subfamilies , and about 140 genera .",B2
She withdrew from active management of the agency in the mid-1990s due to complications of diabetes .,B2
She stopped managing the agency in the mid-1990s because of health problems from diabetes .,B2
Pallor is more evident on the face and palms .,B2
In Spanish -speaking countries there are many different names for each variety and preparation .,B2
"Zero-fare public transport services are funded in full by means other than collecting a fare from passengers , normally through heavy subsidy or commercial sponsorship by businesses .",B2
Free or Zero-fare public transport services are funded in full by means other than collecting a fare from passengers .,B2
Many electronic paper technologies keep the same text and images indefinitely without electricity .,B2
"Upon starting the game , the player is invited to construct an avatar .",B2
"By the 20th century , bookbinding materials had developed a high resistance against damage by various types of book -boring insects .",B2
"Financial mathematics is a field of applied mathematics , concerned with financial markets .",B2
"Europe lies mainly in the temperate climate zones , being subjected to prevailing westerlies .",B2
Most of Europe lies in temperate climate zones .,B2
Several circumstances exist which allow for the termination of a support order for a child under the age of majority .,B2
A lot of the railway track and trains have to be repaired or replaced .,B2
"In modern times , the waters are 70 % to 90 % used for human purposes and the flow is greatly reduced .",B2
"Of knightly extraction , has proofs of its nobility going back as far as 1265 .",B2
"About 150,000 people live in the drainage area of this river .",B2
About 150000 people live in the drainage area of this river .,B2
Louvers are rarely seen as primary design elements in the language of modern architecture .,B2
"Louvers are rarely seen as primary design elements in the language of modern architecture , but rather simply a technical device .",B2
"Coussmaker sat for Reynolds 21 times and his horse 8 times between February 9 and April 16 , 1782 - an exceptional number of times .",B2
"Secondary cells are rechargeable , and may be reused multiple times .",B2
Secondary cells are rechargeable .,B2
"By the 40s AD , the political situation within Britain was apparently in ferment .",B2
"Each of the eight round uses six sub-keys , while the half- round uses four ; for a total of 52 sub-keys .",B2
The use of medial caps for compound identifiers is recommended by the coding style guidelines of many organizations or software projects .,B2
"Since these lust and attraction stages are both described as temporary , a third stage might describe long-term love .",B2
"Since the lust and attraction stages are both considered temporary , a third stage is needed to account for long -term relationships .",B2
Those who advocate it are concerned with the later phases of product lifecycle and the comprehensive outcome of the whole production process .,B2
Those who advocate these measures are concerned with the later phases of product lifecycle and the comprehensive outcome of the whole production process .,B2
The lower part of the trap contains glands which absorb nutrients from captured prey .,B2
The lower part of the trap contains glands which take nutrients from captured insects .,B2
The purpose of classification is to protect information from being used to damage or cause danger to national security .,B2
Angling is the main method of sport fishing .,B2
There are different hypotheses about when and where PIE was spoken .,B2
The distinctive horns and muscular neck may have been used in fighting rivals of its own species .,B2
"They have mobile units , such as jeeps or convertibles , thanks to which they can quickly reach the required events .",B2
A mouse or a rat strain is a group of animals that is genetically uniform .,B2
A laboratory mouse or rat strain is a group of animals that is genetically uniform .,B2
"The National Parks Act of 1980 was established in order to codify the purpose , governance and selection of national parks .",B2
It was not uncommon in ancient time to attribute to celebrated authors works that were not written by them .,B2
"In the 14th century , the word described the roughness of woven cloth before it was cut .",B2
"Stories of black mambas that chase and attack humans are common , but in fact the snakes generally avoid contact with humans .",B2
"There are many stories of mambas chasing humans , but these snakes usually prefer to avoid contact with humans .",B2
"Over 120 species of cuttlefish are currently recognized , grouped into six families .",B2
"There are over 120 species of living cuttlefish , in 5 genera .",B2
Georges Head was armed with four 80 pounder rifled muzzle loading guns and two 68 - pounder guns .,B2
Georges Head was armed with four 80 pounder cannons and two 68 pounder cannons .,B2
"The Romans adopted the Greek tradition , writing at first in Greek , but eventually chronicling their history in a freshly non-Greek language .",B2
"There is also a four color theorem , which is stronger , and much more difficult to prove .",B2
Copper is the electrical conductor in many categories of electrical wiring .,B2
Copper is the most widely used conductor in many kinds of electrical wiring .,B2
The naked mole- rat does not regulate its body temperature in typical mammalian fashion .,B2
The naked mole rat can only regulate its body temperature in the typical mammalian fashion over a relatively narrow range of temperatures .,B2
"Some performers or groups put on very elaborate and expensive affairs , with parts of the show being similar to a theater performance .",B2
Some performers or groups put on very elaborate and expensive shows .,B2
"Black powder rocket motors are only produced in small sizes , to reduce the risk of explosion and a loss of efficiency .",B2
There are possible health concerns of sugar substitutes and caffeine overuse .,B2
Many consumers are concerned about possible health effects of sugar substitutes and caffeine overuse .,B2
Cleaner shrimps are often included in saltwater aquaria partly due to their cleansing function and partly due to their brightly colored appearance .,B2
The bridge 's movements were caused by a'positive feedback ' phenomenon .,B2
"When war broke out again in 1282 , it was an entirely different undertaking .",B2
"The passage was relatively fast , but the mortality rate was the highest in the history of transportation to Australia .",B2
The Vampire Squid likely reproduces slowly by way of a small number of large eggs .,B2
"On poor , dry soils tropical heathlands can be found .",B2
Another risk is that most BASE jumping venues have very small areas in which to land .,B2
"Prior to 10 September 2015 , Nepal was divided into five developmental regions and fourteen administrative zones .",B2
"Before 2017 , Nepal was divided into five development regions which were then divided into zones .",B2
"Largely because of their rugged , inaccessible habitat , they are very poorly known and have traditionally been considered rare .",B2
"Largely because of their rugged , inaccessible habitat , they are very poorly known .",B2
The genre itself was defined as different from post- punk due to its darker music and romantic lyrics .,B2
"He founded several schools in German and French-speaking regions of Switzerland , and wrote explaining his principles of education .",B2
He founded several educational institutions both in German - and French-speaking regions of Switzerland and wrote many works explaining his revolutionary modern principles of education .,B2
Inflammation is one of the first responses of the immune system to infection or irritation .,B2
The country 's provinces are divided into 337 municipalities .,B2
"Ammonia is one of the most produced inorganic chemicals , with global production reported at 176 million tonnes in 2014 .",B2
"Because of its many uses , ammonia is one of the most highly produced inorganic chemicals .",B2
Maria initially fulfilled the traditional role of pioneering housewife and mother .,B2
Australian envelopes and postcards often have four square boxes printed in orange at the bottom right for the postcode .,B2
In 2012 Nanninga went into a coma and only regained consciousness five months later .,B2
In 2012 Nanninga went into a coma and only regained conscience five months later .,B2
"Tickets for the event commenced sale to the public on November 3 , 2007 .",B2
"Historically , a constable could also be someone in charge of the defence of a castle .",B2
Prey includes a wide variety of small to medium-sized mammals and birds .,B2
Prey includes a wide variety of mammals and birds .,B2
Trees from the same region will tend to develop the same patterns of ring widths for a given period .,B2
Limestone makes up about 10 % of the total volume of all sedimentary rocks .,B2
About 10 % of all sedimentary rocks are limestones .,B2
Eight anarchists were convicted of conspiracy .,B2
Healthy gums usually have no reaction to normal disturbance such as brushing .,B2
"In the United States , about 2 % of people have hepatitis C , with 35,000 to 185,000 new cases a year .",B2
He collaborated with major scientific figures and travelers of the period on projects involving their studies .,B2
"After leaving the brain , the cranial nerves travel inside the skull .",B2
There are properties which allow one to recognize certain divisors of a number from the number 's digits .,B2
There are divisibility rules that allow one to recognize certain divisors of a number from the number 's digits .,B2
"In addition , there are 16 associate members and 3 affiliate members .",B2
"In astronomy , the brightness of an object is given in terms of its absolute magnitude .",B2
The brightness of an object can be expressed in terms of its absolute magnitude .,B2
"A factoring system was made come into existence for para-alpine skiing for three general groups : being seated , standing and not seeing .",B2
The witches are sitting round a cauldron in a dark cave .,B2
For nearly a decade his work was directed mainly to the relationship of man to the apes .,B2
For nearly ten years he worked on the relationship of man to the apes .,B2
"At the time of his disappearance he had climbed 10 out of the 14 eight - thousanders , all without supplementary oxygen .",B2
"He had climbed 10 out of 14 eight - thousanders , all without supplementary oxygen .",B2
"The professors currently hold their positions for three years , extendable for a fourth year , and give six lectures a year .",B2
"Flare stars are intrinsically faint , but have been found to distances of 1,000 light years from Earth .",B2
"Flare stars are give off relatively little light , but have been found as far away as 1,000 light years from Earth .",B2
"The settlement was founded by reason of two old merchant roads crossing nearby , as well as a ford crossing the river Ems .",B2
The settlement was near to the crossing of two old merchant roads and a ford over the river Ems .,B2
The following table lays out the chronology of the construction of most of the major pyramids mentioned here .,B2
The South developed an agricultural economy dependent on commodity crops .,B2
"The main rooftop mast supports two FM master antennas , and a top-mounted television antenna previously used by WBPX .",B2
"The main rooftop mast has two FM master antennas , and a television antenna .",B2
"Amusement park go-karts can be powered by four-stroke engines or electric motors , while racing karts use small two -stroke or four-stroke engines .",B2
Special types of stairs include escalators and ladders .,B2
Special stairways include escalators and ladders .,B2
"For most untrained people , the process of smelling gives little information concerning the specific ingredients of an odor .",B2
"For most people , the process of smelling gives little information concerning the ingredients of a substance .",B2
"The Canons are not supposed to be an absolute explanation of the Reformed doctrine , but only explain the five points of doctrine that were being argued over .",B2
Emission nebulae often have dark areas in them which result from clouds of dust which block the light .,B2
Bland was diagnosed with terminal breast cancer in November 2016 .,B2
Bland was diagnosed with triple- negative breast cancer in November 2016 .,B2
"The mouth is located just behind the head , after a rostrum , on the underside of the body .",B2
The districts were abolished per 3 October 2015 .,B2
"The median income for a household in the city as of the 2000 census was $ 62,550 , while the median income for a family was $ 67,500 .",B2
This technique has long been used to produce flexible metal wire by drawing the material through a series of dies of decreasing size .,B2
"Since the middle of the 20th century , citadels usually protect military center , rather than cities or towns .",B2
The orbits of centaurs change from time to time because of interactions with the giant planets .,B2
"First , Euler pointed out that the choice of route inside each land mass is irrelevant .",B2
"First , Euler pointed out that the choice of route inside each land mass does not matter .",B2
Boiling tubes are made from borosilicate glass that can withstand high temperatures .,B2
Coherence defines the behavior of reads and writes to a single address location .,B2
Coherence defines the behavior of reads and writes to the same memory location .,B2
Later reception of the album has been more uniformly positive .,B2
Germany is a constitutional federal democracy .,B2
"Consistent with other roles in modern corporations , management accountants have a dual reporting relationship .",B2
The town was founded in 1828 and incorporated as a village in 1875 .,B2
In four U.S. states the child is allowed to bring a wrongful life cause of action for such damages .,B2
The white - tailed eagle is a very large bird and one of the largest living birds of prey .,B2
"The effectiveness of the measure has been questioned , since the video is not available only on YouTube , but rather has become an Internet phenomenon .",B2
"The effectiveness of the measure was questioned , since the video was available not only on YouTube , but also on other sites as part of an Internet phenomenon .",B2
"The readout can be analog or digital , and modern instruments offer serial communications with a host computer or network .",B2
"Self resonant loop antennas are relatively large , governed by the intended wavelength of operation .",B2
The region was known from ancient times for its volcanic nature and for the very hot springs .,B2
The region was known from ancient times for its exceptionally hot springs .,B2
The choice of which Instruction Set Architecture to use greatly affects the complexity of implementing high performance devices .,B2
"However , the choice of instruction set architecture may greatly affect the complexity of implementing high - performance devices .",B2
The adversarial system is the two - part system under which criminal law courts operate .,B2
The design of the coracle makes it an unstable craft .,B2
The coracle is an unstable craft .,B2
"Plant breeding started with the domestication of the first agricultural plants , a practice dates back 9,000 to 11,000 years .",B2
Points are awarded to drivers and teams exclusively on where they finish in a race .,B2
"Spiekeroog covers an area of 18.25 km , the shortest distance to the mainland is 5.7 km .",B2
"Spiekeroog covers an area of 18.25 km2 , the shortest distance to the land is 5.7 km .",B2
The top two placed teams from each of the eight groups will qualify for the knockout stage .,B2
The top two placed teams from each of the eight groups qualified for the knockout stage .,B2
"In the past , non-photosynthetic plants were thought to get food by breaking down organic matter like fungi do .",B2
"Team based battle royals consist of two or more teams of wrestlers , with the number of wrestlers on each team usually being equal .",B2
"Team variations of battle royals consist of designated tag teams of wrestlers , usually two to a team .",B2
A person with astraphobia often feels fear during a thunderstorm even if there is a low chance that they will be hurt during the storm .,B2
"Dumor died on 18 January 2014 in his London home after a cardiac arrest , having been on air the day before .",B2
Work executed with more or less large stones put together without any attempt at courses is called rubble walling .,B2
Colonies averaging 75 - 80 individuals live together in complex systems of burrows in arid African deserts .,B2
Clusters averaging 75 to 80 individuals live together in complex systems of burrows in arid African deserts .,B2
The dessert is believed to have been created in honor of the dancer either during or after one of her tours to Australia and New Zealand in the 1920s .,B2
People believe the dessert was made to celebrate one of the dancer 's tours to Australia and New Zealand in the 1920s .,B2
The song received widespread critical acclaim .,B2
The song received extensive critical recognition .,B2
The order includes 85 - 90 genera from seven families of trees and shrubs .,B2
Histones undergo changes which alter their interaction with DNA and nuclear proteins .,B2
"Since 17 March 1982 , he has been in a coma following a knee operation .",B2
"Since 17 March 1982 , he has been in a coma following an operation .",B2
"After the shootings , the observation deck was closed .",B2
"Following the shootings , the tower observation deck was closed .",B2
Tandem repeat describes a pattern that helps determine an individual 's inherited traits .,B2
Most dolmen constructions were built using stone slabs of big dimensions .,B2
"The largest animals eat first , while the smaller ones follow a hierarchy .",B2
Alternating current generating systems were known in simple forms from the discovery of the magnetic induction of electric current in the 1830s .,B2
Alternating current generating systems were known from the discovery of the magnetic induction of electric current .,B2
His lectures were legendary and frequently used to last for three or four hours .,B2
"In the 1930 season , the league changed the passing rules , effectively eliminating offsides .",B2
In the era between convict settlement and the rise of the modern tourist industry the area was mostly engaged in the timber industry and fishing .,B2
The symmetry operations can be represented in many ways .,B2
Symmetry operations can be written in many ways .,B2
Chaplin has appeared in a wide variety of critically recognized Spanish and French films .,B2
It is sometimes seen in older deeds and contracts as a more traditional way of using terms of reference .,B2
Also sometimes seen in older deeds and contracts as a more traditional way of incorporating terms of reference .,B2
"Cooling refers to the process of becoming cold , or lowering in temperature .",B2
"Conversion to the Human Era from Julian or Gregorian AD years can be achieved by adding 10,000 .",B2
"Usually men and boys sang Gregorian chant in churches , and holy women and men sang Gregorian chants in their daily prayers .",B2
"The islets are volcanic rocks , with only a thin layer of soil and moss .",B2
"Like Ulleung - do , the islets are volcanic rocks , with only a thin layer of soil and moss .",B2
"The parish is rural in character , the northeast being moorland and the southwest lower lying farmland .",B2
A number of tactics are employed to reach the objective of a race .,B2
"Over the next few days , a psychological war ensues .",B2
"Over the next few days , a psychological war takes place .",B2
"Four days since impact , food is in short supply across the entire planet .",B2
The main economic activity of the municipality is agriculture .,B2
The main economic activity of the municipality is farming .,B2
"According to the 2010 census , the median income for a household in the county was $ 36,363 , and the median income for a family was $ 41,381 .",B2
Roads entering the City are narrowed and have small chicanes to force drivers to slow down and be recorded by CCTV cameras .,B2
Roads entering the City were narrowed and small chicanes were created to force drivers to slow down and be recorded by CCTV cameras .,B2
Paper clips can be bent into a crude but sometimes effective lock picking device .,B2
Smoked and salted cod roe paste is very popular in Sweden .,B2
"Smoked and salted cod roe paste , commonly served as sandwich topping is popular in Sweden .",B2
"With further transistor size reductions made available with semiconductor technology advances , multi-core CPUs have appeared where multiple CPUs are implemented on the same silicon chip .",B2
"As a fine powder , toner can remain suspended in the air for some period , and is considered to have health effects comparable to inert dust .",B2
"Since toner is a fine dust , it can remain in the air for a long time , and is considered to have health effects similar to inert dust .",B2
"Hornworts may be found world - wide , growing where it is damp or humid .",B2
"Hornworts may be found worldwide , though they tend to grow only in places that are damp or humid .",B2
"After a long series of concerts , the band returned to Sweden in order to spend time with their families and begin writing songs for their next album .",B2
The material scientist / engineer also deals with the extraction of materials and their conversion into useful forms .,B2
Blobfish are often caught as bycatch in bottom trawling nets .,B2
"In humans and animals , fear is modulated by the process of cognition and learning .",B2
"In humans and animals , fear is adjusted by cognition and learning .",B2
The parachute drop was a failure .,B2
Adult and larval leaf beetles feed on all sorts of plant tissue .,B2
Cold seeps occur over cracks in the seafloor caused by the movement of the Earth 's crust .,B2
Cold seeps occur over fissures on the seafloor caused by tectonic activity .,B2
The proboscis monkey eats mainly fruit and leaves .,B2
Many cyanides are highly toxic .,B2
"In popular culture , cyanides are said to be highly toxic .",B2
Performance optimizations were made in order to speed up common tasks across all supported iOS devices .,B2
The main purpose of an office is to support its occupants in performing their job .,B2
The main purpose of an office environment is to support its occupants in performing their jobs .,B2
"For wheels without joints , climbing obstacles will cause the body of the vehicle to tilt .",B2
"A tropical wave is usually preceded by an area of sinking , intensely dry air , sloping as a northeast wind .",B2
"A tropical wave normally follows an area of sinking , intensely dry air , blowing from the northeast .",B2
Flourens was able to demonstrate convincingly for the first time that the main divisions of the brain were indeed responsible for largely different functions .,B2
Flourens was able to show for the first time that the main parts of the brain were responsible for largely different functions .,B2
"Perjury is a serious crime because it might be used to take away the power of a court , which can lead to punishment for the wrong person .",B2
"Tonic immobility has been hypothesized to occur in humans undergoing intense trauma , including sexual assault .",B2
"In cricket , a player 's batting average is the total number of runs they have scored divided by the number of times they have been out .",B2
Thermal resistance is the inverse of thermal conductance .,B2
Radiometric dating methods are used to establish the geological time scale .,B2
Tunnels are dug in types of materials varying from soft clay to hard rock .,B2
"Tunnels are dug in different kinds of grounds , from soft sand to hard rock .",B2
"The city is lush with vegetation , but has an arid climate .",B2
"The city has a lot of plant life , but has an arid climate .",B2
A train may occasionally experience a rollback following a launch .,B2
Two major special operations were planned for the offensive .,B2
New Zealand announced that the country would send two fifteen-member civil defence teams to assist in flood rescue efforts .,B2
"New Zealand , one of Australia 's closest allies , said they would be sending two fifteen member civil defence teams to assist in flood rescue efforts .",B2
The area of the canton is 991 km2 and commonly divided into three hill masses .,B2
The area of the canton is 991 km and is usually divided into three hilly areas .,B2
"Before contact with Europeans the natives of North America were divided into many different communities , from small bands of a few families to large empires .",B2
"Reintroduction is the deliberate release of species into the wild , from captivity or relocated from other areas where the species survives .",B2
Oats are also commonly used as feed for horses - as whole or rolled oats or as part of food bits .,B2
Black helped increase basic scientific and clinical knowledge in cardiology .,B2
It is a very little -studied body despite being one of the largest asteroids .,B2
It has not been studied a lot despite being one of the biggest asteroids .,B2
"The island 's animals are mainly of the avian variety , although rabbits are long established here .",B2
Suppose a coach trains long-distance runners for one month using two methods .,B2
Producing an image from a diffraction pattern requires sophisticated mathematics .,B2
Producing an image from a diffraction pattern requires sophisticated mathematics and often an iterative process of modeling and refinement .,B2
"While the hypothesis was readily accepted by many in the environmentalist community , it has not been widely accepted within the scientific community as a whole .",B2
There have been numerous disputes over what constituted production and modified cars when used in motorsports .,B2
There have been many disputes over what makes production and modified cars when used in motorsports .,B2
"Although it is rare , Korats occasionally have striking or faint white markings or spots or even very faint grey stripes .",B2
"Korats may rarely have some white markings or spots , or even pale gray stripes .",B2
"Apart from successful soundtracks , he has also received acclaim for his background scores and is considered one of the finest background -score composers in India .",B2
"Apart from successful soundtracks , he has also received notability for his background music and is considered one of the finest background music composers in India .",B2
There are few flora and fauna due to the harsh climate .,B2
"Handbooks may have information about any topic , and are mostly guides of information in a special field or about a special method .",B2
"Handbooks may deal with any topic , and are generally compendiums of information in a particular field or about a particular technique .",B2
The two quantifiers most widely used are the universal quantifier and the existence quantifier .,B2
The most notable feature of NGC 1569 is its powerful starburst .,B2
NGC 1569 is characterized by a large starburst .,B2
"Japanese prisoner - of- war camps , many of which were used as labor camps , also caused a lot of deaths .",B2
"Japanese prisoner - of- war camps , many of which were used as labor camps , also had high death rates .",B2
Bangladesh is used to move narcotics made in neighboring countries .,B2
In many countries making or having a pipe bomb is a serious crime .,B2
"In many countries the manufacture or possession of a pipe bomb is a serious crime , regardless of its intended use .",B2
"The forest is an important recreational area with woodland walks , noted for their displays of bluebells in the early spring , rock climbing and hillwalking .",B2
"On 31 January 2013 , he was shot and wounded during his bid for the presidency in 2013 .",B2
In 2013 he was shot and wounded during his bid for the presidency .,B2
The rocky coastline has been the site of a number of shipwrecks .,B2
"At the time of foundation in 1878 the order had only one class , that of Companion , with no quota imposed .",B2
Freud did not believe in the existence of a supernatural force which has pre-programmed us to behave in a certain way .,B2
Freud does not believe there is any supernatural force that affects the way we think or has pre-programmed us to behave in a certain way .,B2
"Each course of the university has its own recruitment process , most of the time by a competitive examination .",B2
Although the PID infection may be cured the damage from the infection may not go away .,B2
"Even when the PID infection is cured , effects of the infection may be permanent .",B2
The park has been frequently closed to visitors because of sulphuric gas emissions .,B2
The park is frequently closed because of sulphur gas .,B2
The basic economical activity of this department is the cattle breeding .,B2
VFDs are used in applications ranging from small appliances to large compressors .,B2
VFDs are used for many things that range from small appliances to large mining motors and compressors .,B2
Dissenting opinions are normally written at the same time as the majority opinion and any concurring opinions .,B2
"Dissenting opinions are normally written at the same time as the majority opinion and any concurring opinions , and are also delivered and published at the same time .",B2
"In the 1970s , glass-ceramic cooktops started to appear .",B2
"In the 1970s , glass-ceramic stoves began appearing .",B2
"The historical journal , a forum where academic historians could exchange ideas and publish newly discovered information , came into being in the 19th century .",B2
"The idea of the historical journal , a forum where academic historians could exchange ideas , came into being in the nineteenth century .",B2
There are a variety of symptoms that have may cause sensory overload .,B2
There are a wide variety of symptoms that have been found to be associated with sensory overload .,B2
This list is in chronological order across the table by genus .,B2
Test pilots must know about aerospace engineering in order to know how and why planes are tested .,B2
"B. F. Skinner was responsible for a different type of machine called GLIDER , which used his ideas on how learning should be directed with positive reinforcement .",B2
The ossuary became a tourist attraction on from the early 19th century and has been open to the public on a regular basis from 1867 .,B2
"The ossuary became a tourist attraction on a small scale from the early 19th century , and has been open to the public on a regular basis from 1867 .",B2
Dredge nets have a coarse mesh in order to let organisms smaller than the target species through .,B2
The European spadefoot toads are small to large sized frogs .,B2
"During late April , the Japanese submarines and searched the area where landings were planned .",B2
Alternation of generations between a multicellular diploid and a multicellular haploid generation does not exist in animals .,B2
"Pamphlets can contain anything , such as user instructions information for kitchen appliances , or religious and political ideas .",B2
"As a result of the development of agriculture in the south , important cultural development was possible there .",B2
Counting the number of ASL signers is difficult because ASL users have never been counted by the American census .,B2
Counting the number of ASL speakers is difficult because ASL users have never been counted by the American census .,B2
"Although businesses usually maintain some kind of fax capability , the technology has faced increasing competition from Internet - based alternatives .",B2
"The trematodes or flukes include 18,000 to 24,000 species , divided into two subclasses .",B2
"The trematodes or flukes are estimated to include 18,000 to 24,000 species",B2
Some species of algae form symbiotic relationships with other organisms .,B2
Punching bags have been used in martial arts for as long as there has been a written history of military training .,B2
Punching bags have been used in martial arts and swordplay for the entire written history of military training .,B2
The naval engagement between the small German convoy and the craft carrying No. 3 Commando had alerted the German defenders at Blue beach .,B2
The naval battle between the small German convoy and the craft carrying No. 3 Commando had made the German defenders at Blue beach aware of the attack .,B2
"The median income for a household in the city was $ 45,015 , and the median income for a family was $ 51,162 .",B2
Above - average sea water temperatures caused by global warming is the leading cause of coral bleaching .,B2
The leading cause of coral bleaching is rising water temperatures .,B2
Hyperoliids range from 1.5 to in body length .,B2
Hyperoliids range from 1.5 cm to 8 cm in body length .,B2
"The average stillbirth rate in the United States is approximately 1 in 160 births , which is roughly 26,000 stillbirths each year .",B2
"The number of stillbirths in the United States is about 1 in 115 births , which is about 26,000 a year , or one every 20 minutes .",B2
"Social and affectionate , the name comes from the parrots ' strong , monogamous pair bonding and the long periods which paired birds spend sitting together .",B2
"Their common name comes from the parrots ' strong , monogamous pair bonding and the long time the pairs spend sitting together .",B2
Growing Opium poppy and drug trafficking are important to the political and economic situation of Afghanistan .,B2
A large temple also owned sizable tracts of land and employed thousands of laymen to supply its needs .,B2
"As the evolution of artillery continued , almost all guns of any size became capable of being moved at some speed .",B2
"As artillery developed technically , almost all guns of any size could be moved at some speed .",B2
"In the 1980s and 1990s , historians have argued over whether this term is appropriate .",B2
"By the 1990s , the Federal government had reversed its views on wolves .",B2
"Early Cybermen had an unsettling , sing-song voice , created by changing their voices slightly on syllables which a voice does not normally change .",B2
Many game artists are called upon to develop graphical treatments for the environments and elements in which role - playing games take place .,B2
Many game artists are asked to develop graphical environments and elements in which role- playing games take place .,B2
Linspire has drawn some criticism from the linux free software community .,B2
Linspire has drawn some criticism from the free software community .,B2
"The botanical exhibits are placed according to their start in free-air or climate controlled greenhouses , which also contain many tropical and subtropical plants .",B2
These dates could be the king 's birthday and coronation day .,B2
"These dates are allegedly the king 's birthday and coronation day , respectively .",B2
"Over 2000 complaints were made against the organization in 2009 , with a similar number of complainst by 2017 .",B2
The city government consists of mayor who is elected at large and five member city council who are each elected from a district .,B2
The city government consists of a part-time mayor elected at-large and a five-member part-time city council elected from districts .,B2
"In early 1972 , the commercial video recording industry in Japan took a financial hit .",B2
"These plants have a simple structure , lacking an obvious stem or leaves .",B2
The method compares words in a text to a list of words which are familiar in everyday writing .,B2
The disease was first reported in January 2007 in some New York caves .,B2
Seamounts are one of the most common oceanic ecosystems in the world .,B2
Context switches are usually time consuming and much of the design of operating systems is to minimize the time of context switches .,B2
"Large died on 3 November 2018 from an abdominal aortic aneurysm , at the age of 75 .",B2
After World War II many of the poorer Germans were displaced to Germany .,B2
"After the rinse cycle , the machine begins the extraction process , which recovers dry-cleaning solvent for reuse .",B2
"After the rinse cycle , the machine begins the extraction process , which recovers the solvent for reuse .",B2
The city was an important landing and refueling place for early long distance airplane flights between Europe and Australia in the early twentieth century .,B2
"In the early twentieth century , the city was used for landing and refueling by long distance airplane flights between Europe and Australia .",B2
Igneous rocks can be classified according to their chemistry .,B2
Making a stop-motion animation using clay is hard work .,B2
Producing a stop-motion animation using clay is extremely laborious .,B2
"Actors working in theater , film , television and radio have to learn specific skills .",B2
Up to five players can play simultaneously .,B2
"When yerba mate is harvested , the branches are often dried by a wood fire , imparting a smoky flavor .",B2
"When the yerba is harvested , the branches are dried sometimes with a wood fire , imparting a smoky flavor .",B2
Axles are an integral component of most practical wheeled vehicles .,B2
Axles are an important structural component of a wheeled vehicle .,B2
Negative one has some similar properties as positive one .,B2
Negative one has some similar but slightly different properties to positive one .,B2
"Teppei 's apartment has many unusual items such as Thai artifact , a 30 - year - old refrigerator , and a crystal apple .",B2
"Teppei 's apartment has many unusual items such as a Thai artifact , a 30 - year - old refrigerator that is no longer manufactured , and a crystal apple .",B2
"The main economic activity of the municipality is agriculture and some livestock , tourism and trade with Haiti .",B2
Agriculture and commerce with Haiti represent the main economic activities of this municipality .,B2
"A number of cities will host walk - in Voting Centers , and an official list of locations and open hours are available as of February 6 .",B2
"Watches evolved in the 17th century from spring-powered clocks , which appeared as early as the 14th century .",B2
"Watches progressed in the 17th century from spring-powered clocks , which appeared as early as the 14th century .",B2
"While admission to some concerts is free , it is common practice to charge money for concerts by selling admission tickets .",B2
"In the earliest days of naval warfare , there was little difference between sailors and soldiers on a warship .",B2
"In the earliest day of naval warfare , there was little distinction between sailors and soldiers on a warship .",B2
"Ten matches were contested at the event , including three on the pre-show .",B2
Australia 's many outside territories follow their own time zones .,B2
"On 6 and 7 September 2013 , double international games between Sweden and Finland with both A- and U23 games were held inside .",B2
"Inductors are also employed in electrical transmission systems , where they are used to limit switching currents and fault currents .",B2
Self - assumption of a title is not necessarily illegal : it depends on the law of the place where the title is used .,B2
Some enzymes need several cofactors .,B2
"However , it is an extremely persistent organic pollutant ; it does not easily break down .",B2
An analog multiplexer is a special type of analog switch that connects one signal selected from several inputs to a single output .,B2
"In analog circuit design , a multiplexer is a special type of analog switch that connects one signal selected from several inputs to a single output .",B2
"If you believe that schizophrenia is caused by bad communication between mother and child , then family interaction studies become relevant .",B2
"For road bicycle racing enthusiasts , the mountain can be climbed by three routes .",B2
The boiling point of a liquid depends on the pressure of the surrounding air .,B2
The boiling point of a liquid varies depending upon the surrounding environmental pressure .,B2
"New species have been created by domesticated animal husbandry , but the initial dates and methods are not clear .",B2
The social and economic problems created by the disaster were overwhelming .,B2
The social and economic problems created by the disaster were very big .,B2
"Children 's literature can be divided into categories , either according to genre or the intended age of the reader .",B2
"Children 's literature can be divided into several categories , but it is most easily categorized by genre or the intended age of the reader .",B2
"In the late 19th century , soft but durable leather shoes were the preferred choice of baseball players .",B2
"In the late 19th century , baseball players started to wear the soft but long-lasting leather shoes .",B2
Intellectual property laws have the effect of converting some goods to scarce goods by law .,B2
The site includes entries on various series and tropes .,B2
The site has pages on series and tropes .,B2
"In 2013 , the church decided to push for a more aggressive presence on the internet , and built a new studio to broadcast in high-definition television .",B2
"In 2013 , the church decided use the internet more to reach people , and is building a new studio to begin broadcasting in high-definition television .",B2
The tombstones use to have some inscriptions .,B2
A table consists of an ordered arrangement of rows and columns .,B2
"Both of these industrial quarters were almost entirely destroyed by air raids during World War II , with the bombings of a single night from February 3 , 1945 .",B2
"There are approximately 2,600 cases of bacterial meningitis per year in the United States , and on average 333,000 cases in developing countries .",B2
High treason is punished by life in prison .,B2
The neighborhood has had notable residents .,B2
The neighborhood has a distinguished history of notable residents .,B2
"The work is anonymous , and there is speculation about the author 's identity .",B2
"Many foods can trigger anaphylaxis , even when the food is eaten for the first time .",B2
X provides the basic components to build GUI environments : drawing and moving windows on the screen and interacting with a mouse or a keyboard .,B2
"Some items of clothing are designed to be worn as underwear , while others such as T-shirts can be used both as underwear and as outer clothing .",B2
The court has ruled that the $ 2.7 billion in school funding was inadequate and distributed unfairly .,B2
Short 's unsolved murder and the details surrounding it have had caused many theories and public speculation .,B2
"In his first form , Frieza is a relatively short humanoid , albeit with a large chestnut - shaped skull with two horns .",B2
The land on which the circuit is located was originally bought in 1926 by property developers who wanted to build housing .,B2
The land on which the circuit is built was originally bought in 1926 by property developers .,B2
"In addition to the United States , Americans and people of American descent can be found around the world .",B2
"Many of Bad Religion 's songs are about different social ills , although they try not to ascribe the causes of these ills to any single person or group .",B2
"Many of Bad Religion 's songs are about what they think are social problems , but they do not blame causes of these problems to any single person or group .",B2
A geologic section has to fulfill a set of criteria to be adapted as a GSSP by the ICS .,B2
"Winters died on 23 April 2019 at the age of 80 , from congestive heart failure .",B2
Researchers have also found illusory superiority in relationship satisfaction .,B2
The cranial nerves provide motor and sensory innervation mainly to the structures within the head and neck .,B2
Cranial nerves provide motor and sensory stimulation mainly to places within the head and neck .,B2
"A three - hour special that was aired on November 16 , 2008 marked the end of the show .",B2
"The fact that living things inherit traits from their parents has been known since prehistoric times , and used to improve crop plants and animals through selective breeding .",B2
"Editors have so far made two platinum albums , selling over two million copies around the world .",B2
"Editors have so far released two platinum studio albums , and six in total , with several million combined sales .",B2
Black tea is often blended and mixed with various other plants in order to obtain a beverage .,B2
"No firm dates can be assigned to this Emperor 's life or reign , but he is conventionally considered to have reigned from 400 to 405 .",B2
"The new house , which uses the original frontage , seats 1,750 and is elliptical in shape with a large orchestra level and 37 boxes .",B2
The metatarsal bones are often broken by soccer players .,B2
Sixth is the roof escape hatch that is in place on all Funny Cars since the founding of the division in the early 1970s .,B2
It was supposed that he possessed a spiritual healing power against snake bites .,B2
"An epigenetic contribution to heterosis has been established in plants , and it has also been reported in animals .",B2
Many island rails are flightless because on a small island without threatening predators they do not need to fly or move long distances .,B2
Laplace also came close to propounding the concept of the black hole .,B2
Laplace also came close to getting the concept of the black hole .,B2
"In some cases of multiple bonds between two atoms , there is no net sigma-bonding at all , only pi bonds .",B2
"In some cases of multiple bonds between two atoms , there is no sigma bond at all , only pi bonds .",B2
Architecture is the art and science behind building and sculpture design .,B2
"Though their shock at the slaughter was great , the Romans began a slow , systematic preparation to reconquer the country .",B2
"Viral populations do not grow through cell division , because they are acellular .",B2
"Viral populations do not grow through cell division , because they do not have cells .",B2
Leaf insects use camouflage to take on the appearance of a leaf .,B2
The federal structure of Russia includes 83 regional parliaments .,B2
The federal structure of Russia includes 85 regional parliaments .,B2
In 2009 the commune had 677 inhabitants .,B2
"At the 2009 Census , the commune had a population of 677 .",B2
The ruined walls of the observatory are a prominent feature on the summit .,B2
The ruined walls of an observatory are also on the summit .,B2
"In some places , schools have to have tornado drills , but usually not as often as fire drills .",B2
"On 28 December , after eight days of fighting , the depleted German troops finally withdrew from the town .",B2
"Cattle raising is also important with 16,375 cattle counted in the 2000 census .",B2
"Cattle raising is also important with 16,375 head counted in the 2000 census .",B2
"The analysis is conducted on pairs , defined as a member of one group compared to a member of the other group .",B2
The structure of a gene consists of many elements of which the actual protein coding sequence is often only a small part .,B2
The structure of a gene has many elements : the actual protein coding sequence is only a small part .,B2
The Japanese government continues to search for and retrieve the remains of Japanese military personnel who were killed during the battle .,B2
The Japanese government continues to search for the bodies of Japanese military troops who were killed during the battle .,B2
"In the event the electron absorbs a quantity of energy less than the binding energy , it will transition to an excited state .",B2
"If the electron absorbs a quantity of energy less than the binding energy , it will be transferred to an excited state .",B2
"In the Baroque period , music in C minor was usually written with a two -flat key signature .",B2
"In the Baroque period , music in C minor was usually written with a two -flat key signature , and some modern editions of that repertoire retain that convention .",B2
Radiation therapy is commonly applied to the cancerous tumor because of its ability to control cell growth .,B2
"The judges are elected for a 12 - year term , but they must retire upon reaching the age of 68 .",B2
The Family - to - Family program provides general information about mental illness and how it is currently treated from a medical model perspective .,B2
The Family - to - Family program provides general information about mental illness and how it is currently treated .,B2
"Without treatment , an acute attack of gout will usually resolve in 5 to 7 days .",B2
"The water , having been separated from the air , leaves the camera aeolis at the same rate as it enters .",B2
The stars in planetary nebulae are very hot .,B2
The industry of the town was initially tied to the abundant fruit growing operation .,B2
The great majority of large breakers seen at a beach result from distant winds .,B2
The great majority of large breakers one sees on an ocean beach result from distant winds .,B2
The road was purpose- built as part of a major redevelopment of the area in the 1900s .,B2
The road was built as part of a redevelopment of the area in the 1900s .,B2
Impatiens have become one of the most popular garden annuals .,B2
Impatiens are popular garden annuals .,B2
"The curtain rises on a warm evening in India , centuries in the past .",B2
Parentheses show the numbers of admitted students per year .,B2
Some moths are farmed for their economic value .,B2
Some moths are farmed .,B2
"Pincers , often red-hot , have been used as an instrument of torture since the middle ages or earlier .",B2
"Pincers , often red-hot , have also been used as an instrument of torture since ancient Roman times or earlier .",B2
"No firm dates can be assigned to this Emperor 's life or reign , but he is conventionally considered to have reigned from 410 to 453 .",B2
"No firm dates can be assigned to this Emperor 's life or reign , but he is conventionally considered to have reigned from 406 CE to 410 CE .",B2
"The region has steep , glacier - carved mountains , valleys and interspersed plains .",B2
"A computer program itself is just a passive collection of instructions , while a process is the actual execution of those instructions .",B2
"While a computer program is a passive collection of instructions , a process is the actual execution of those instructions .",B2
An addition reaction is the opposite of an elimination reaction .,B2
An addition reaction is the reverse of an elimination reaction .,B2
The only time a female flying lizard ventures to the ground is when she is ready to lay her eggs .,B2
The only time a flying lizard comes to the ground is when a female is ready to lay her eggs .,B2
Leopard cats are the most widely distributed Asian small cats .,B2
"Gabrielle starts the series as a young adult who more or less stands behind Xena , and relies on Xena to protect her .",B2
A key idea of NMR is that the resonance frequency of a particular substance is directly proportional to the strength of the applied magnetic field .,B2
Foxes and humans lived close together in ancient Japan ; this companionship gave rise to legends about the creatures .,B2
"As surveying is related to mathematics , he later studied the geometrical importance of complex numbers .",B2
"In one experiment , Lavoisier observed that there was no overall increase in weight when tin and air were heated in a closed container .",B2
"In one experiment , Lavoisier found that there was no increase in mass when tin and air were heated in a closed container .",B2
"On 29 August 2010 , trail bike riders discovered a human skeleton in the forest .",B2
When writing currency amounts the location of the symbol varies by currency .,B2
"Some moths , particularly their caterpillars , can be major agricultural pests in many parts of the world .",B2
Guilt is often associated with anxiety .,B2
Guilt can sometimes cause anxiety .,B2
It is held in many mental health circles that masturbation can relieve depression and lead to a higher sense of self-esteem .,B2
The great white shark has no natural predators other than the killer whale .,B2
"The number of strings on the rebec varies from 1 to 5 , although three is the most common number .",B2
"The rebec can have any number of strings from one to five , although three is the most common number .",B2
"There is a battle between the wilds and the pets , with the Pet Paradiso security focused on tranquilizing the wilds .",B2
Historians have noted that Washington 's death helped alter the way lynching was viewed .,B2
"From this beginning in the 1950s , a substantial theory has been built up .",B2
The government 's main concern has been to bolster the economy .,B2
The meat in the dish was normally cut into medium-sized pieces and boiled with the vegetables in water .,B2
The meat in the dish was normally cut into medium-sized pieces and simmered with the vegetables in water .,B2
Refusing their reduced pay became a point of honor for the men of the 54th .,B2
Refusing their lower pay became a point of honor for the men of the 54th .,B2
"The term may refer to spoken English , and it can also describe written English .",B2
This is thought to be one of the most important battles for the control of the Indian subcontinent by the colonial powers .,B2
"Following its discovery , Cupid was given the temporary designation S / 2003 U 2 .",B2
The cantons are listed in their order of precedence given in the federal constitution .,B2
The cantons are listed in the order given in the federal constitution .,B2
"A developed country , Canada has the sixteenth - highest nominal per capita income globally as well as the twelfth-highest ranking in the Human Development Index .",B2
Canada is a developed country and has the tenth highest nominal per capita income globally as well as the tenth highest ranking in the Human Development Index .,B2
Viral infections in animals trigger an immune response which usually kills the infecting virus .,B2
"From statehood until the election of 1966 , governors were elected to two -year terms .",B2
"From the time the state was created until the election of 1966 , governors were elected to two -year terms .",B2
Some of the big kinetic energy found with flow at large mach numbers becomes internal energy in the fluid because of viscosity .,B2
A portion of the large kinetic energy associated with flow at high Mach numbers transforms into internal energy in the fluid due to viscous effects .,B2
The vehicle that was used as an atmospheric drop test glider had no propulsion system .,B2
Another problem for many small businesses is the capacity of much larger businesses to influence or sometimes determine their chances for success .,B2
Another problem for several small businesses is the fact that much larger businesses can influence their chances for success .,B2
Public space such as parks and beaches are essential venues for many recreational activities .,B2
Observations of atmospheric chemistry are important .,B2
"Traditional wood joinery techniques use the distinctive material properties of wood , often without mechanical fasteners .",B2
"On May 22 , 1933 , Chinese and Japanese representatives met to negotiate the end of the conflict .",B2
"Virgin purchased twenty percent of the team , as part of sponsorship arrangement .",B2
"These crustaceans are from 2 to in length , with a long body .",B2
"These crustaceans are from 2 to in length , with an elongated body .",B2
Scientists will probably never be certain of the largest and smallest dinosaurs to have ever existed .,B2
We will never be certain of the largest and smallest dinosaurs to have existed .,B2
"From knowing this , we can now evaluate the integral .",B2
"While the entire council is responsible for leading the federal administration of Switzerland , each councilor heads one of the seven federal executive departments .",B2
"The whole council is responsible for leading the federal administration of Switzerland , but each Councilor runs one of the seven federal ministries .",B2
Many forms of amnesia fix themselves without being treated .,B2
"The church had 61,000 members in 700 congregations in 2009 .",B2
"In 2009 , there were 61 000 members in 700 congregations .",B2
"In the past , chikungunya existed mostly in developing countries .",B2
"Historically , chikungunya has been present mostly in the developing world .",B2
"Sand flies are small ; a body size of about 3 mm in length is typical for many species , which aids them in escaping notice .",B2
Sand flies are small ; a body size of about 3 mm in length is typical .,B2
Rolling resistance is also the reason that some human civilizations did n't use wheels .,B2
Rolling resistance is also the reason at least one historical human civilization abandoned the use of wheels .,B2
"Humans now play a top role in the biosphere , with the large amount of people in many of Earth 's ecosystems .",B2
"Forks have traditionally been used to tune musical instruments , although electronic tuners are replacing them in many applications .",B2
"Tuning forks have traditionally been used to tune musical instruments , though electronic tuners have largely replaced them .",B2
"After the June 1976 protests , he was co-founder of assurance to workers charged by the communist regime .",B2
After the June 1976 protests he was cofounder of assurance to workers prosecuted by communist regime .,B2
In 1882 the government decided to build a new central passenger station to replace the existing construction .,B2
"The election election used the supplementary vote system , which is where the voters choose a first and a second choice of candidates .",B2
"The election used a supplementary vote system , in which voters express a first and a second preference of candidates .",B2
"To hunt fish , the eagle swoops down over the water and snatches the fish out of the water with its talons .",B2
To hunt fish the eagle swoops down over the water and snatches the fish out of the water with its talons .,B2
"No firm dates can be assigned to this Emperor 's life or reign , but he is conventionally considered to have reigned from 456 to 479 .",B2
"In a neutral atom , the number of electrons equals the number of protons .",B2
"Dill oil is extracted from the leaves , stems , and seeds of the plant .",B2
"Dill oil can be extracted from the leaves , stems and seeds of the plant .",B2
"It has often been noted for its complex lightcurves , which made determination of its shape and rotation somewhat difficult .",B2
Clerical and administrative support has been greatly increased in recent times .,B2
Clerical and administrative support has been significantly enhanced in recent times .,B2
The flattened bodies of stingrays allow them to hide themselves .,B2
It first became extinct in Africa some 1.5 million years ago .,B2
There was some controversy surrounding an immunity challenge in the final episode .,B2
There was some controversy about an immunity challenge in the last episode .,B2
"In the United States , mitigating factors are very important in death penalty cases .",B2
"A second , slightly revised edition was republished in 1958 .",B2
No globes of the Earth from Antiquity or the Middle Ages have survived .,B2
Languages such as Tcl and Lua were specifically designed as general - purpose scripting languages that could be embedded in any application .,B2
"The eastern border of the province corresponds to the western side of the Maas , which originates in France .",B2
"The eastern border of the province corresponds to the western bank of the Maas , which originates in France .",B2
When depicted he was usually drawn with a black and a yellow stripe painted across his face .,B2
There are a few major differences between the political system of the United States and that of most other developed democracies .,B2
Tropical disturbances that reach tropical storm intensity are named from a pre-determined list .,B2
Hawks have four types of color receptors in the eye .,B2
The resort was dependent upon railroad and electric trolley service at first .,B2
The resort initially depended on railroad and electric trolley service .,B2
Early photographers used it as a component of flash powder .,B2
Most present- day coral reefs were formed after the last ice age when melting ice caused the sea level to rise and flood the continental shelves .,B2
"Like many toucans , Keel-billed is a very social bird , rarely seen alone .",B2
"Like many toucans , keel - billed toucans are very social birds , rarely seen alone .",B2
"A flounder 's diet consists mainly of fish spawn , crustaceans , polychaetes and small fish .",B2
The papyrus is divided into eleven columns .,B2
"The papyrus is divided into eleven columns , distributed as follows .",B2
This was the first time that the federal government helped finance a structure dedicated to the performing arts .,B2
Misiones department is relatively flat and several rivers and streams flow through its territory .,B2
Misiones department is relatively flat and crossed by a number of rivers and streams .,B2
"No firm dates can be assigned to this Emperor 's life or reign , but he is conventionally considered to have reigned from 498 to 506 .",B2
"In the late 1980s , digital compositing began to supplant optical effects .",B2
"Sice the late 1980s , digital compositing began to replace optical effects .",B2
The supreme court has a president and 8 judges .,B2
The supreme court consists of a president of the court and 8 judges .,B2
"Under some conditions , such as extremely low temperature , some ceramics exhibit high- temperature superconductivity .",B2
All even perfect numbers have a very precise form ; odd perfect numbers either do not exist or are rare .,B2
Production and consumption of energy resources is very important to the global economy .,B2
Renewable energy projects in many developing countries contribute to poverty alleviation by providing the energy needed for creating businesses and employment .,B2
The following is a list of some of the songs featured in the movie along with the artist that popularized them .,B2
Insect respiration is accomplished without lungs .,B2
The designation of a device as either input or output depends on perspective .,B2
His career started in 1960 and continually worked on makeup until 2012 .,B2
"Although peat has many uses for humans , it also presents problems .",B2
"Although humans have many uses for peat , it presents severe problems at times .",B2
Metics shared the burdens of citizenship without any of its privileges .,B2
"After mating has taken place , males perform various actions to prevent females from mating again .",B2
"After mating has taken place , males do various things to stop the female mating again .",B2
All nine of the Grenfell brothers were expert polo players .,B2
Over 6500 different tangram problems have been created from 19th century texts .,B2
"Over 6500 different tangram problems have been created from 19th century texts alone , and the current number is ever-growing .",B2
"As a simple example , consider the average daily maximum temperatures for two cities , one inland and one on the coast .",B2
"Superscalar CPU design emphasizes improving the instruction dispatcher accuracy , and allowing it to keep the multiple execution units in use at all times .",B2
"Superscalar CPU design is concerned with improving accuracy of the instruction dispatcher , and allowing it to keep the multiple functional units busy at all times .",B2
This digital data is gathered and stored so that the physicist can later analyze the data and reconstruct the physics that occurred .,B2
This digital data must be gathered and stored so that the physicist can later analyze the data and reconstruct the physics that occurred .,B2
"Since metals are good conductors of electricity , they are valuable in electrical tools and for carrying an electric current over long distances with little energy loss .",B2
Various forms of competition can be referred to by the term championship .,B2
Natural selection has driven the origination and diversification of the toxins to counter the defenses of their prey .,B2
Natural selection has driven the diversification of the toxins to counter the defences of the prey .,B2
"A flat piece of heat - absorbing glass is often placed in the light path between the condensing lens and the slide , to avoid damaging the latter .",B2
"A flat piece of heat absorbing glass is often placed between the condensing lens and the slide , to avoid damaging the slide .",B2
The show helped launch the characters into mainstream popularity and became one of the most popular animated series in television history .,B2
"The symptoms of strep throat usually get better , with or without treatment , in about three to five days .",B2
"Iocaste belongs to the Ananke group , believed to be the remnants of a break - up of a captured asteroid .",B2
Spontaneous abortion occurs in various animals .,B2
"In 2011 the statue was vandalized three times , being splashed with red paint .",B2
The male is 22 centimeters in length with the elongated outer tail - feathers accounting for 14 - 15 centimeters .,B2
The male is 22 cm in length with the elongated outer tail - feathers accounting for 14 -.,B2
"Ordinarily , presidents are elected for five - year terms , with no opportunity for immediate reelection .",B2
"Presidents are elected for five - year terms , with no opportunity for immediate reelection .",B2
"In some groups , the elytra are fused together , and the insect is flightless .",B2
Three soccer grounds using artificial turfs were opened on 3 October 2012 .,B2
On 6 October 2012 three soccer grounds using artificial turf were opened .,B2
"The building of both bridges was problematic , with both the first and second bridges requiring several redesigns from multiple architects .",B2
"The building of both bridges was difficult , with both the first and second bridges needing multiple redesigns from multiple architects .",B2
"These observances are controlled by the government , but are not observed as holidays .",B2
Some former subspecies have been lately recognized as species for genetic reasons .,B2
Some former subspecies are today recognized as species due to genetic reasons .,B2
Gifted and talented education dates back thousands of years .,B2
A stream cipher makes use of a much smaller and more convenient key such as 128 bits .,B2
Three different definitions of the rosids were used .,B2
Three different definitions of the rosids are in use .,B2
"Since the 1970s , sports clubs and federations are organized separately within each language community .",B2
SIDS happens more in infants of mothers who smoke while they are pregnant .,B2
SIDS rates are higher in babies of mothers who smoke during pregnancy .,B2
"Typically , battle royale contestants are only given one life to play ; any players who die are not allowed to respawn .",B2
"Normally , battle royale players are only given one life to play ; any players who die are not allowed to respawn .",B2
Some skyscrapers feature rooftop heliports or helistops to serve the transport needs of executives or clients .,B2
Some skyscrapers feature rooftop helipads or heliports to serve the transport needs of executives or clients .,B2
"Usually , sandals are worn in warmer climates or during warmer parts of the year , because feet stay cool and dry .",B2
"He discovered some comets , including periodic comet 22P / Kopff and the non-periodic C / 1906 E1 .",B2
"He found some comets , such as the periodic comet 22P / Kopff and the non-periodic C / 1906 E1 .",B2
Frequency - dependent selection occurs when the fitness of a phenotype depends on its frequency .,B2
Queen Marie never managed to acquire any political influence .,B2
Archeological evidence shows settlement in the area since 2000 BC .,B2
Archeological evidence suggests a history of settlement in the area since roughly 2000 BC .,B2
Croup is diagnosed based on signs and symptoms .,B2
Cockatoos are recognizable by the showy crests and curved and strong bills .,B2
Eunomia has been observed occulting stars three times .,B2
"Pear trees are typically in production for an average of 50 to 75 years , although some trees still produce fruit after 100 years .",B2
Knockouts are accomplished through a variety of techniques .,B2
Knockout is accomplished through a combination of techniques .,B2
The province is a popular place among tourists because of its beaches and resorts .,B2
"Both types strike by rapidly unfolding and swinging their claws at the prey , and can cause serious damage on victims larger than themselves .",B2
"Both types strike by rapidly unfolding and swinging their raptorial claws at the prey , and can inflict serious damage on victims significantly greater in size than themselves .",B2
The high wages and abundance of available land seen in the late 14th century and early 15th century were replaced with low wages and a land shortage .,B2
The high wages and abundance of available land seen in the late 15th century and early 16th century were replaced with low wages and a land shortage .,B2
"The city has both professional and amateur sports teams , and a number of venues where they are based .",B2
"The 2016 census found that 51.3 % of residents spoke English , and 21.3 % spoke French , as their first language .",B2
Cenotes are surface connections to underground water bodies .,B2
Chinese records show that in 188 AD the comet reached apparent magnitude 0.1 .,B2
"Chinese records indicate that , in 188 , the comet reached apparent magnitude 0.1 .",B2
"After several months of consideration , a corporate foundation was established in September 2011 .",B2
Tidal stream generators are the cheapest and the least ecologically damaging among the three main forms of tidal power generation .,B2
Tidal stream power is the cheapest and the least ecologically damaging among the three main forms of tidal power generation .,B2
Determining what records have enduring value can be challenging .,B2
CamelCase is used in some wiki markup languages for terms that should be automatically linked to other wiki pages .,B2
Camel case is used in some wiki markup languages for terms that should be automatically linked to other wiki pages .,B2
Many course themes recur throughout the series .,B2
Scotland has the joint oldest national football team in the world as they played England in the first ever international football match in 1872 .,B2
The hard palate is formed before birth .,B2
A significant issue with standard candles is the recurring question of how standard they are .,B2
Limited omnibus editions have 24 issues in a slipcase with several extras .,B2
"After a virus has made many copies of itself , it has usually exhausted the cell of its resources .",B2
A volcanologist is a person who studies volcanoes and their eruptions .,B2
The following shows several D capabilities and D design trade- offs in a short program .,B2
Tor is an inches tall man who can not fall asleep no matter what he tries .,B2
Various political ideologies such as Christian Democracy or Liberalism can be classified as centrist .,B2
"Various political ideologies , such as Christian democracy , can be classified as centrist .",B2
"There are many exceptions to this rule , however .",B2
Almost all wattles have cream to golden flowers .,B2
Almost all wattles have cream to golden colored flowers .,B2
The class was gradually taken out of service from the early 1980s .,B2
Rat snakes are commonly kept as pets by reptile enthusiasts .,B2
The county is divided into municipalities .,B2
The county is subdivided into municipalities .,B2
Engineers in the nineteenth century understood that a bridge that was continuous across multiple supports would distribute the loads among them .,B2
"Although its surface circulation had dissipated , its upper circulation remained unbroken and created a burst of rainfall early on August 20 .",B2
"Michener wrote that he did not know who his biological parents were , or exactly when or where he was born .",B2
"In modern football , the terms winger or wide player refer to a non-defender who plays on the left or right sides of the pitch .",B2
"In end of the 19th century , the yoke and arrows became a political symbol of the Spanish socialist party .",B2
"In the late 1800s , the yoke and arrows became the political symbol of the Spanish socialist party .",B2
"The median income for a household in the city was $ 32,588 , and the median income for a family was $ 36,165 .",B2
"The median income for a household in the city was $ 16,563 , and the median income for a family was $ 33,125 .",B2
"At the other end of the spectrum , the 15 percent of humankind in the developed countries have 80 percent of global income .",B2
"At the other end of the spectrum , the 15 percent of people in the developed countries have 80 percent of global income .",B2
Eid prayers must be offered in congregation .,B2
The Eid prayer must be offered in congregation .,B2
Not all virus infections produce a protective immune response .,B2
Not all virus infections produce a protective immune response in this way .,B2
"On September 1 , a tropical wave moved off the coast of Africa and headed westward .",B2
"All shrews are small , most no larger than a mouse .",B2
"All shrews are comparatively small , most no larger than a mouse .",B2
Syncopation has been an important element of musical composition since at least the Middle Ages .,B2
"The Founding Fathers wanted republicanism because its ideas guaranteed liberty , with limited powers checking and balancing each other .",B2
The use of complementary colors is an important aspect of art and graphic design .,B2
This species may be encountered in a wide range of open habitats and gardens .,B2
Pusheen is an example of the popularity of cats on the Internet .,B2
"According to its redshift , the quasar is about 8 billion light years from Earth , while the lensing galaxy is only 400 million light years away .",B2
The signs and symptoms of African trypanosomiasis happen in two stages .,B2
Feature films usually have insurance in place by the time principal photography begins .,B2
Feature movies usually have insurance when principal photography starts .,B2
"For efficiency the sectors should be serviced in order of proximity to the current head position , rather than in the order received .",B2
"For increased efficiency the sectors should be serviced in order of proximity to the current head position , not the order received .",B2
The proliferation of this weapon is reflected by more than just numbers .,B2
The proliferation of this weapon is shown by more than just numbers .,B2
Louvers are used as semi-passive means of thermal control on spacecraft as well .,B2
"Thandiani is characterized by excellent weather and lush greenery in the summer months , and snow-covered vistas and hills in the winter .",B2
"Thandiani has excellent weather and lush greenery in the summer months , and snow-covered views and hills in the winter .",B2
"The family is endemic to Australia , and comprises 16 species in four genera .",B2
"The family is native to Australia , and contains 16 species in four genera .",B2
"Web browsers and web proxy servers use caches to store previous responses from web servers , such as web pages .",B2
People have been pedicuring nails for over four thousand years .,B2
"Like most , or even all behaviors , aggression can be examined in terms of its ability to help an animal reproduce and survive .",B2
There are 12 described genera and 43 described species of erinaceid .,B2
Biophysical chemists employ various techniques used in physical chemistry to probe the structure of biological systems .,B2
A number of plateaus make up a large part of the plain .,B2
"But in the inland areas more than half of the population was Serbo- Croatian speaking , after the first years of the eighteenth century .",B2
"As the Tenaru battle was ending , more Japanese troops were already on their way .",B2
"As the Tenaru battle was ending , more Japanese reinforcements were already on their way .",B2
"Some of topics in the novel include selective mutism , death and grief .",B2
"Several of the topics explored in the novel include selective mutism , death , and grief .",B2
"Tide pools are a home for hardy organisms such as sea stars , mussels and clams .",B2
"Tide pools provide a home for hardy organisms such as starfish , mussels and clams .",B2
"Nowadays , long distance relays have become increasingly popular with runners of all skill -levels .",B2
"Many cultures have an oral law , while most contemporary legal systems have a formal written organization .",B2
"The steppe region had long been inhabited by mounted nomads , and from the central steppes they could reach all areas of the Asian continent .",B2
"The steppe region had long been inhabited by nomads , and from the central steppes they could reach all areas of the Asian continent .",B2
Most species eat small invertebrates picked out of mud or exposed soil .,B2
Below are examples of a typical netsplit .,B2
Below is an example of typical netsplit .,B2
"In some non-mammal species , including fish and birds , the tectum is one of the largest components of the brain .",B2
Daqing exports over 10 million tons of crude oil each year .,B2
These sometimes immense gatherings fuel the ocean food web .,B2
These immense gatherings fuel the ocean food web .,B2
"On 25 September 2017 , he was hospitalized due to liver failure .",B2
"This changed how dinosaurs are seen by both professional dinosaur illustrators , and by the public .",B2
Diamond is one of the best known allotropes of carbon .,B2
Diamond is a well known allotrope of carbon .,B2
The artists who produced these unique paintings used techniques not often observed in other cave art .,B2
The artists who produced these paintings used techniques rarely found in other cave art .,B2
"The burgh has about 1,300 people , with about 25 per cent of pensionable age .",B2
"The burgh has a population of approximately 1,300 with about 25 per cent of pensionable age .",B2
"Named because it resembles a ladder , the ladder frame is the simplest and oldest of all designs .",B2
"So named for its resemblance to a ladder , the ladder frame is one of the simplest and oldest of all designs .",B2
The cause of the crash was determined to be pilot error in attempting a descent below decision height without the runway environment in sight .,B2
The cause of the crash was determined to be crew error in attempting a descent below decision height without the runway environment in sight .,B2
"Despite these protests , the film was critically celebrated , with praise directed towards its dialogues and the actors performances in particular .",B2
"Despite these protests , the film was critically acclaimed , with praise directed towards its dialogues and the actors ' performances in particular .",B2
"Some popular examples of the appeal to nature can be found on labels and advertisements for food , clothing , and health products .",B2
The animal was robust with powerfully built jaws and very strong forelimbs .,B2
The animal was extremely robust with powerfully built jaws and very strong fore limbs .,B2
"As a job , medical illustration has a more recent history .",B2
"As a profession , medical illustration has a more recent history .",B2
The laboratory of 3D computer graphics and calculation investigates new algorithms to solve problems of processing and analysis of signals and images .,B2
These birds feed on nectar from flowers using a long extendable tongue .,B2
These birds feed on nectar from flowers using a long tongue .,B2
"The provinces are grouped into 17 regions based on geographical , cultural , and ethnological characteristics .",B2
"The provinces are grouped into seventeen regions based on geographical , cultural , and ethnological characteristics .",B2
"Garnica started in athletics after his eyesight got really bad , and is a T12 long distance track and field races .",B2
Plants in wildfire - prone ecosystems often have adaptations to their local conditions .,B2
This list is arranged by the place the river drains .,B2
This list is arranged by where the river drains .,B2
France is a secular country and the constitution guarantees freedom of religion .,B2
Heavy rotation or power rotation is a term that applies to a list of songs that get the most airplay on a radio station .,B2
A true claw is made of hard protein called keratin .,B2
A claw is made of hard protein called keratin .,B2
"Unlike most earlier display protocols , X was specifically designed to be used over network connections rather than on an integral or attached display device .",B2
"Unlike previous display protocols , X was specifically designed to be used over network connections rather than on a display near the computer .",B2
The average age of the current Earth 's continental crust has been estimated to be about 2.0 billion years .,B2
"The movie received mostly positive reviews from critics , and performances from the cast were praised .",B2
"The film generated mostly positive reviews , and performances from the cast were praised .",B2
The main economic activity is tourism and the parish is a major tourism destination .,B2
The main industry is tourism and the parish is a major tourism destination .,B2
The goal of stuttering modification therapy is not to get rid of stuttering but to change it so that stuttering is easier and less stressful .,B2
Breckinridge ordered his field officers to make an inspection of the troops and to report back with the condition of his army .,B2
Modern historical linguistics dates from the late 18th century .,B2
"Usually , such drives will be custom-stamped with a company 's logo , as a form of advertising .",B2
"The rate of fire depended on the skill of the soldier , which was typically about three shots per minute .",B2
"The rate of fire depended on the skill of the soldier , but was typically about three shots per minute .",B2
"Small pieces of colored and iridescent shell have been used to create mosaics and inlays , which have been used to decorate walls , furniture and boxes .",B2
"The median income for a household in the county was $ 46,941 , and the median income for a family was $ 52,281 .",B2
White is regarded by many as England 's first ecologist and one of the founders of modern respect for nature .,B2
The supposed small galaxy contains a relatively high percentage of red giants and is thought to contain an estimated one billion stars in all .,B2
"The supposed small galaxy contains a relatively high percentage of red giant stars , and is thought to contain an estimated one billion stars in all .",B2
"The small commune formed only industrial and is residential today , the magnificent buildings mixed with modern buildings .",B2
"The small commune formed only industrial and is residential today , the picturesque buildings mixed with modern buildings .",B2
Typically unitary authorities cover towns or cities which are large enough to function independently of county or other regional administration .,B2
Public attitudes and the actions of key stakeholders can play a crucial role in realizing the potential of sustainable biofuels .,B2
Public attitudes and the actions of stakeholders can play a crucial role in realizing the potential of biofuels .,B2
"Choreography is the art of making dances , and the person who practices this art is called a choreographer .",B2
"In rocks of the Mesozoic era , gastropods are slightly more common as fossils ; their shells are often well preserved .",B2
In rocks of the Mesozoic era gastropods are more common as fossils and their shell is often well preserved .,B2
"While some books are original , others began as text copied over from other sources of free content textbooks found on the Internet .",B2
737s do not have fuel dump systems .,B2
Four important qualities for the rocks were recognized in the Tang dynasty .,B2
"In the Tang dynasty , a set of four important qualities for the rocks were recognized .",B2
Most oomycetes produce two types of spores .,B2
Traditional Faroese food is mainly based on meat and potatoes and uses few fresh vegetables .,B2
"Traditional Faroese food is mainly based on meat , seafood and potatoes and uses few fresh vegetables .",B2
"Many of the details of the galaxy remain a mystery , foremost of which is how it formed .",B2
"Many of the details of the galaxy remain a mystery , especially how it formed .",B2
"For the individual , information security has a significant effect on privacy , which is viewed very differently in various cultures .",B2
"Given the above , one widely held view of the progression of the accounting and finance career path is that financial accounting is a stepping stone to management accounting .",B2
"Given the above , one view of the progression of the accounting and finance career path is that financial accounting is a stepping stone to management accounting .",B2
"No firm dates can be assigned to this Emperor 's life or reign , but he is conventionally considered to have reigned from 480 to 484 .",B2
"No firm dates can be assigned to this Emperor 's life or reign , but he is conventionally considered to have reigned from 485 to 487 .",B2
"In the United States , the overall cost of getting cochlear implants was about $ 100,000 as of 2017 .",B2
"The total cost of a cochlear implant in the United States was about $ 100,000 in 2017 .",B2
Standing ovations are also often given in a sporting context to reflect an outstanding individual performance .,B2
Measurements made in the laboratory are essential to our understanding of the sources and sinks of pollutants and compounds found in nature .,B2
Measurements made in the laboratory are essential to our understanding of the sources and sinks of pollutants and naturally occurring compounds .,B2
In January 2013 Jenneke was tenth on AskMen. com 's 99 Most Desirable Women 2013 .,B2
There were 26 total reigns and 1 vacancy .,B2
There were 26 reigns and 1 vacancy .,B2
"While the cause of the common cold has been known since only the 1950s , the disease has been with humanity since ancient times .",B2
"While the cause of the common cold has only been identified since the 1950s , the disease has been with humanity throughout history .",B2
Sgr A West looks like a three - arm spiral from the point of view of the Earth .,B2
Rainbands that form near and ahead of cold fronts can be squall lines which can produce tornadoes .,B2
Rainbands spawned near and ahead of cold fronts can be squall lines which are able to produce tornadoes .,B2
The primary goal of instrument analysis is to quantify an amount of substance .,B2
Sit -skis are for wheelchair users or other skiers who have paraplegia .,B2
"Until the end of 2004 , there were six criteria for cultural heritage and four criteria for natural heritage .",B2
"Up to 2004 , there were six criteria for cultural heritage and four criteria for natural heritage .",B2
"Pest control is at least as old as agriculture , as there has always been a need to keep crops free from pests .",B2
"Pest control is as old as agriculture , as there has always been a need to keep crops free from pests .",B2
Shortage of rain during the highly variable Monsoon season can cause droughts in U. P. leading to severe loss to man and property .,B2
"The dusty halo seen in pictures is big , being around 2000 km in lengthwise extent .",B2
His passion for science derived from his lifelong love of horses .,B2
His passion for science came from his lifelong love of horses .,B2
The metabolic rate varies between individuals .,B2
The basic metabolic rate varies between individuals .,B2
Jutbring has been an active proponent of feminism and equal opportunities for women .,B2
Jutbring has been an active supporter of feminism and equal opportunities for women .,B2
Absinthe has a natural green color but may also be colorless .,B2
"Absinthe traditionally has a natural green color , but may also be colorless .",B2
Attempts have been periodically made to raise sheep there .,B2
Goaltenders are not allowed to be captains during games .,B2
From another side this novel is a mixture of thriller and fantasy .,B2
From an other side this novel is a mixt of thriller and fantasy .,B2
The province has 6 districts and 12 municipalities .,B2
The geodetic center of North America is located within the county .,B2
Many of the Greek city - states also had a' god ' or' goddess ' associated with that city .,B2
Many of the Greek city -states also had a god or goddess associated with that city .,B2
Many accidents and catastrophes have resulted from microsleep episodes in these circumstances .,B2
Jainism postulates that time has no beginning or end .,B2
"Pomeroy was hit by a tornado on July 6 , 1893 , that was estimated to be F5 on the Fujita scale .",B2
"On July 6 , 1893 , Pomeroy was struck by a tornado that was later estimated to be F5 on the Fujita scale .",B2
Many objects with sponge- like textures are now made of substances that do not come from poriferans .,B2
"In 2009 , the club decided to become an alliance club starting in 2010 .",B2
Differentiated plant cells generally cannot divide or produce cells of a different type .,B2
"Unique among the United States , Alaska is not entirely subdivided into organized county equivalents .",B2
The mountain was first surveyed by a European survey team in 1856 .,B2
A number of the jelly fungi can be eaten raw ; poisonous jelly fungi are rare .,B2
Some jelly fungi can be eaten raw ; poisonous jelly fungi are rare .,B2
"However , when once face with negative reactions to his open racism , he temporarily retreated .",B2
"When once facing with negative reactions to his open racism , he temporarily retreated .",B2
In November 1973 an envelope containing a lock of hair and a human ear was delivered to a daily newspaper .,B2
This is a listing of the top-ten point-scorers in franchise history .,B2
This is a listing of the top ten point scorers in franchise history .,B2
"As chess became more widespread in the latter half of the 19th century , the term began to be given out by organizations .",B2
"In the earlier 1800s , young adults were expected to court with the intention of finding a marriage partner , rather than for social reasons .",B2
"In the earlier 1800s , young adults were expected to court with the intention of finding a marriage partner , not social reasons .",B2
Decapitation can also describe the removal of a head from a body that is already dead .,B2
"Foods and beverages contain a lot of aromatic compounds , some naturally present in the raw materials and some forming during processing .",B2
"Foods and beverages contain numerous aromatic compounds , some naturally present in the raw materials and some forming during processing .",B2
Elemental symbols were widely used by the early Church .,B2
Death masks were increasingly used by scientists from the late 18th century onwards to record variations in human physiognomy .,B2
Teasel is considered an invasive species in the United States .,B2
"In the United States , teasel is an invasive species .",B2
Redhill is the only MRT station in which the two platforms are not parallel to each other .,B2
Redhill is the only MRT station in which the two platforms are not parallel .,B2
A considerable part of the area is irrigated .,B2
The find was made under very unfortunate circumstances .,B2
The find was made under unfortunate circumstances .,B2
"Even though the Fourth Coalition came to an end , Britain remained at war with France .",B2
"In contrast , the procedures of the Diet of Japan have moved away from the British parliamentary model .",B2
The procedures of the Diet of Japan have moved away from the British parliamentary model .,B2
"Some services , such as MuzIcons , combine emoticons and Adobe Flash music player in a widget .",B2
The city has a well - preserved downtown with a number of remaining historic businesses .,B2
Interviews with men and women escorts illuminate gender differences in these escorts ' experiences .,B2
Interviews with men and women escorts show gender differences in these escorts ' experiences .,B2
In prehistoric times montane forest occupied covered one third of the land of present- day Rwanda .,B2
"Each code consists of two parts , separated by a hyphen .",B2
"Each code has of two parts , separated by a hyphen .",B2
Fire plays a major role in the ecology of the forest with many plant species needing fire to regenerate .,B2
Fire plays a major role in the ecology of the forest with many plant species depending on fire to regenerate .,B2
"The vast majority of tin whistles are in D , since they are often used in music with fiddles .",B2
"Most tin whistles are in D , because they are often used in music with fiddles .",B2
Notable features of the design include key-dependent S-boxes and a highly complex key schedule .,B2
Main features of the design include key-dependent S-boxes and a very complex key schedule .,B2
"Officially , the Indian rupee has a market- determined exchange rate .",B2
"Officially , the Indian rupee has a market-set exchange rate .",B2
Common ostriches normally spend the winter months in pairs or alone .,B2
Its main attraction is ecological diversity .,B2
Its main attraction is its ecological diversity .,B2
"Unlike war crimes , crimes against humanity can be committed during peace or war .",B2
Statistical hypothesis testing is based on the assessment of differences and similarities between frequency distributions .,B2
Small hand - made balls contain a lead pellet wrapped in rubber and wool with a leather cover .,B2
Public health has early roots in antiquity .,B2
Public health has roots in antiquity .,B2
Many motherboards will display a warning message when a disk drive is approaching failure .,B2
Many motherboards display a warning message when a disk drive is approaching failure .,B2
"The art of engraving gems hardly advanced at all , limiting itself to mass -produced items that lacked originality .",B2
"The art of engraving on gems hardly advanced at all , limiting itself to mass -produced items that lacked originality .",B2
Minerals are natural solids formed through many geological processes under high pressures .,B2
Minerals are naturally occurring solids formed through various geological processes under high pressures .,B2
"The Master has featured in spin-offs of the series , which are of unclear canonicity and may not take place in the same continuity .",B2
"There are two types of pages in desktop publishing , electronic pages and virtual paper pages to be printed on paper .",B2
There are two types of pages in desktop publishing : electronic pages and virtual paper pages to be printed on physical paper pages .,B2
"An Cafe has been a long time supporter and endorser of popular Japanese fashion label Sex Pot Revenge , as they are frequently seen wearing clothing from that label .",B2
"In the 1680s and 1690s , two French composers added carols into their works .",B2
"In the 1680s and 1690s , two French composers incorporated carols into their works .",B2
"Monk parakeets are highly intelligent , social birds .",B2
The stage itself has been given named areas to facilitate blocking .,B2
Containerization has its origins in coal mining regions in England from the late 18th century onwards .,B2
"With the creation of the Soest district in 1817 , its influence slowly rose .",B2
Not all flowers with multiple ovaries grow into aggregate fruit ; the ovaries of some flowers do not become tightly joined together to make a larger fruit .,B2
Balls of solid glass occasionally were used in a method purported to prevent lightning strikes to ships and other objects .,B2
Balls of solid glass occasionally were used in a method thought to prevent lightning strikes to ships .,B2
"The spines are long and sharp in some species , and protect the urchin from predators .",B2
"The spines , long and sharp in some species , protect the urchin from predators .",B2
Oats are also occasionally used in several different drinks .,B2
Some networks have made changes to prevent them from being utilized by such multi-network IM clients .,B2
His writings and films have continued to have a major impact on subsequent filmmakers .,B2
His writings and movies have continued to have a major impact on later filmmakers .,B2
"Boyce is best known for his eight symphonies , his anthems and his odes .",B2
"Inglese suffered a traumatic brain injury in an apparent fall in a stairwell sustained on July 17 , 2019 .",B2
"Inglese had a traumatic brain injury after falling in a stairwell on July 17 , 2019 .",B2
The nyala is mainly active early in the morning and late in the afternoon .,B2
The nyala is mainly active in the early morning and the late afternoon .,B2
"Strategies of wildfire prevention , detection , and suppression have varied over the years .",B2
"The tickets may have to be shown or checked automatically at the station platform or when going onto the system , or during the ride by a conductor .",B2
The term originally referred to portions of a log that had been split lengthwise into four or six sections .,B2
Lemon basil has a strong lemony smell and flavor very different from those of other varieties because it contains a chemical called citral .,B2
' Lemon basil ' has a strong lemony smell and flavor very different from those of other varieties because it contains a chemical called citral .,B2
"Eucalypts were introduced to Brazil in 1910 , for timber substitution and the charcoal industry .",B2
Another application of materials science in industry is making composite materials .,B2
Another application of material science in industry is the making of composite materials .,B2
The supergalactic coordinate system is a fundamental plane with a higher than average number of local galaxies in the sky as seen from Earth .,B2
"Monsters will talk to the player during the battle , and the game will tell the players what the monster 's feelings and actions are .",B2
Fashion designers attempt to design clothes which are functional as well as aesthetically pleasing .,B2
Fashion designers attempt to design clothes which are functional as well as attractive .,B2
"Since it became widespread in the 19th century , cholera has killed tens of millions of people .",B2
"Morenz died from complications of a broken leg , an injury he suffered in a game .",B2
"Because of the increased demand and the restrictions on exports of the metals from China , some countries are stockpiling rare earth resources .",B2
"As a result of the increased demand and tightening restrictions on exports of the metals from China , some countries are stockpiling rare- earth resources .",B2
"From the perspective of the anti-nuclear movement , most of the problems with nuclear power today are much the same as in the 1970s .",B2
The principal threats to cockatoos are habitat loss and the wildlife trade .,B2
The principal threats to cockatoos are habitat loss and the trade in wild animals .,B2
"The university has a logo showing a white sunrise on a green earth referring to the sustainable development , a major theme of the university .",B2
"The university has a logo showing a white sunrise on a green earth referring to the sustainable development , major theme of the university .",B2
The following artists achieved four or more number-one hits during the 1990s .,B2
The seven pitches of any diatonic scale can be obtained using a chain of six perfect fifths .,B2
The seven pitches of any diatonic scale can also be obtained by using a chain of six perfect fifths .,B2
"In the knockout stage , teams play against each other over two legs on a home - and - away basis , except for the one-match final .",B2
It can be argued that an interstellar mission which cannot be completed within 50 years should not be started at all .,B2
"Groundwater first began writing fiction in the fifth grade , and in high school took an independent study in English .",B2
"Groundwater first began writing fiction in the fifth grade , and in high school took an outside study in English .",B2
These early mammals developed many traits which were to make them well - suited for a very active lifestyle .,B2
These early mammals developed many traits which made them well - suited for an active lifestyle .,B2
Roman chamomile can be applied directly to the skin for pain and swelling and is used to treat cracked nipples .,B2
"Rivette died at his home in Paris , France from complications of Alzheimer 's disease on 29 January 2016 at the age of 87 .",B2
"Even though astronomers tried to find it again , it has not been reliably seen since .",B2
"Even though later astronomers tried to find it again , it has not been reliably seen since .",B2
The actual number of diverted aircraft and passengers varies from each source .,B2
The actual number of diverted aircraft and passengers varies from different sources .,B2
These somewhat abstract concerns tend to determine some but not all details of a specific concrete market system where buyers and sellers actually meet and commit to trade .,B2
"Turbine selection is based on the available water head , and less so on the available flow rate .",B2
"Turbine selection is based mostly on the available water head , and less so on the available flow rate .",B2
CHP is most efficient when the heat can be used on site or very close to it .,B2
The common toad usually moves by walking rather slowly or in short shuffling jumps involving all four legs .,B2
The common toad usually moves by walking rather slowly or in short jumps using all four legs .,B2
"Concerts involving a greater number of artists , especially those that last for multiple days , are known as festivals .",B2
"Because of their size range , it is probable that different species hunted in different ways and allowed them to fill many different predatory niches .",B2
"Because of their size range , it is probable that different species hunted in different ways , which allowed them to fill many different predatory niches .",B2
The belts are in the inner region of Earth 's magnetosphere .,B2
Higher-capacity Zip disks must be used in a drive with at least the same capacity ability .,B2
Each postcode area is further divided into post towns and postcode districts .,B2
Rounders is a bat and ball game which is played in Ireland ; a similar version is played in England .,B2
The character has appeared in various adaptations of the comics .,B2
The meaning of this particular title has been disputed .,B2
The meaning of this title has been disputed .,B2
The stars in the core of Omega Centauri are so crowded that they are on average only 0.1 light years away from each other .,B2
The stars in the core of Omega Centauri are so crowded that they are estimated to average only 0.1 light years away from each other .,B2
"After it leaves the station , the train enters the launch area .",B2
They are thought to be one of the most successful groups of studio musicians in music history .,B2
He is widely regarded as one of the most important architectural thinkers and urbanists of his generation .,B2
Bacteria make up most of the flora in the colon and up to 60 % of the dry mass of feces .,B2
There are hundreds of different types and variations of fibulae .,B2
A similar calendar found nearby at Villards d'Heria is only preserved in eight small fragments .,B2
"Though he experimented in various genres of art , his unique talent was landscape painting .",B2
As a former President of Ireland he was accorded a state funeral .,B2
"The silky sifaka has a social structure , and lives in groups of two to nine individuals .",B2
"One of the primary industries in the town is tourism , most notably scuba diving .",B2
Demi-pointe shoes are often used to train dancers who are new to pointe technique .,B2
"To diagnose a urinary tract infection in children , a positive urinary culture is required .",B2
"The goatse . cx domain name was reported sold at an auction on April 30 , 2007 to an unknown bidder .",B2
"The first written record of Britain and its inhabitants was by the Greek navigator Pytheas , who explored the coastal region of Britain around 325 BC .",B2
"These are large birds , with colorful male plumage , but are nevertheless difficult to see in the dense vegetation they inhabit .",B2
"These are large birds , with colorful plumage in males , but are nevertheless difficult to see in the dense vegetation they inhabit .",B2
"Radymno is a small town , but it is extremely developed in terms of sport .",B2
"Radymno is a small town , but it is highly developed in terms of sport .",B2
"C- type asteroids are extremely dark , with albedos typically in the 0.03 to 0.10 range .",B2
The service sector constitutes most of the local economy .,B2
Distributed shared memory systems mimic these mechanisms in an attempt to maintain consistency between blocks of memory in loosely coupled systems .,B2
"Also , there are multiple ways that an emergency communication system might obtain an original warning .",B2
"Also , there are multiple ways that an emergency communication system might receive an original warning .",B2
"Women had a relatively high status in ancient Egypt and enjoyed the legal right to own , inherit , or will property .",B2
"Women had a high status in ancient Egypt and enjoyed the legal right to own , inherit , and will property .",B2
"The rabi crops are sown around mid-November , after the monsoon rains are over , and harvesting begins in April / May .",B2
"From 2014 the museum had budget cuts that dropped its maintenance to less than R $ 520,000 annually .",B2
"While there are many alternative treatments used for the common cold , there is insufficient scientific evidence to support the use of most .",B2
Seaweed is under consideration as a potential source of bioethanol .,B2
Water turbines were developed in the 19th century and were widely used for industrial power prior to electrical grids .,B2
Water turbines were developed in the nineteenth century and were widely used for industrial power prior to electrical grids .,B2
"The island has a mild climate , but is known for frequent hurricanes .",B2
"Skin prick test , the most efficient diagnosis , shows the reactions in a short period .",B2
"A skin prick test , the most efficient diagnosis , shows the reactions in a short period .",B2
Casualty estimates from the battle vary widely .,B2
"In the law , testimony is a form of evidence that is obtained from a witness who makes a solemn statement or declaration of fact .",B2
The album caused controversy because of a poster that was inserted in the original record sleeve .,B2
The album was a subject of controversy because of a poster inserted in the original record sleeve .,B2
The second phase of the project was refused planning consent in 2014 due to concerns over the impact on sea birds .,B2
The second phase of the project was refused planning consent in 2014 due to possible impacts on sea birds .,B2
"Some of the Mortier de 12 pouces were used in coastal defenses , in which case they were fixed on solid metal platforms .",B2
"Some of the Mortier de 12 pouces were used for coastal defense , in which case they were fixed on solid metal platforms .",B2
"Dormice are small rodents , with a body length of between 6 and , and weighing between 15 and .",B2
"Dormice are small rodents , with body lengths between 6 and , and weights between 15 and .",B2
Resistance to the Japanese occupation continued in the Philippines .,B2
"A gorilla 's lifespan is normally between 35 and 40 years , although zoo gorillas may live for 50 years or more .",B2
"If a funnel cloud touches the ground , it becomes a tornado .",B2
If a funnel cloud touches the ground it becomes a tornado .,B2
"In most cases , control engineers utilize feedback when designing control systems .",B2
The number of homeless people worldwide has grown steadily in the past few years .,B2
Most of the coins of later series have specific commemorative topics and are usually made of precious metal .,B2
Most coins of later series have specific commemorative topics and are usually made of precious metal .,B2
"Sailing , fishing , and equestrian sports are popular with both residents and visitors alike .",B2
"Sailing , fishing and equestrian sports are popular with both residents and visitors alike .",B2
"Most competitive teams keep two sets of uniforms , with one emphasizing the primary color and the other emphasizing the secondary color .",B2
"Most competitive teams keep two sets of uniforms , with one design emphasizing the primary color and the other emphasizing the secondary color .",B2
"While the details of her story are fictional , her existence and martyrdom are considered a historical fact .",B2
"While the details of her story appear to be fictional , her existence and martyrdom are considered a historical fact .",B2
Another serious problem for civilians and soldiers was a shortage of water .,B2
"The treaty also describes a mutual , cooperative approach to environmental technology regulations and energy conservation ; and toward international finance and trade .",B2
The tradition of homecoming has its start in alumni football games at colleges and universities since the 19th century .,B2
The tradition of homecoming has its origin in alumni football games held at colleges and universities since the 19th century .,B2
Evaporation is an essential part of the water cycle .,B2
"As a result , the two worlds collide and it seems they are doomed by circumstance .",B2
As a result the two worlds collide and it seems they are doomed by circumstance .,B2
Elections to the new authorities were held on three different Thursdays in 1973 .,B2
Lynx prey largely on small to fairly large sized mammals and birds .,B2
"The current trophy is made from silver and gild , and features a golden globe held up by three silver columns .",B2
"What sexual behavior is considered promiscuous varies between cultures , as does the frequency of promiscuity .",B2
"During the 18th century , the growing population of Paris resulted in the filling of existing cemeteries , causing public health concerns .",B2
"During the 18th century , the growing population of Paris resulted in the filling up of existing cemeteries , raising public health concerns .",B2
"As chainsaw carving has become more popular , chainsaw manufacturers are making special short , narrow -tipped bars for carving .",B2
"As chainsaw carving has become more popular , the makers of chainsaws are making special short , narrow - tipped bars for carving .",B2
"Many types of ducks and geese share the same habitat , have overlapping or same hunting seasons , and are hunted the same .",B2
"Many types of ducks and geese share the same habitat , have overlapping or identical hunting seasons , and are hunted using the same methods .",B2
"If the electrons follow the Poisson distribution , a partial interference leads to a linear increase in intensity .",B2
Females bear young every two years following a 160 - to 180 - day gestation .,B2
Females bear young every two years following a 160 to 180 day gestation .,B2
"Amid tensions between Iran and the United States , the United States blamed Iran for the attacks .",B2
"Amid heightened tension between Iran and the United States , the United States blamed Iran for the attacks .",B2
"Randers argues the global gross domestic product will fail to increase as it has in the past because of population decline , and general aging and declining productivity growth .",B2
"Randers argues that the global gross domestic product will fail to increase as it has in the past because of population decline , general aging and declining productivity growth .",B2
A consultant is usually an expert or an experienced professional in a specific field and has a wide knowledge of the subject matter .,B2
The strong taste people associate with anchovies is due to the curing process .,B2
A contaminant is a substance present in nature at a level higher than typical levels or that would not otherwise be there .,B2
Visitors typically arrive at a tram station in the arrival plaza between the administrative buildings and the museum entrance .,B2
"Strong Bad has been one of the most popular characters in the series , and has been well received .",B2
Some specific ministries / department are not allocated to anyone in the cabinet but the Prime Minister himself .,B2
Some specific ministries / department are not allocated to anyone in the cabinet but the Prime Minister themself .,B2
"In appearance it is light yellow and opaque , smooth and creamy .",B2
"As well as industrial uses , maritime pine is also a popular ornamental tree , planted in parks and gardens in areas with warm temperate climates .",B2
"In addition to industrial uses , maritime pine is also a popular ornamental tree , often planted in parks and gardens in areas with warm temperate climates .",B2
Beninese literature had a strong oral tradition long before French became the main language .,B2
Beninese literature had a strong oral tradition long before French became the dominant language .,B2
"The city is home to a shipbuilding industry , brewing industry and sawmills .",B2
A request line containing only the path name is accepted by servers to maintain compatibility with HTTP clients before the HTTP / 1.0 standard .,B2
"Throughout the campus , numerous fountains provide white noise as a background .",B2
A double pedal is two pedal tones played simultaneously .,B2
In 1883 he was appointed general-admiral .,B2
In 1883 he was appointed general admiral .,B2
The following is a list of some notable nonfiction works discussing anarcho-capitalism .,B2
"The city 's population became more diverse since the end of World War II , when a seemingly robust steel industry attracted thousands of workers .",B2
"The city 's population became more diverse after the end of World War II , when a seemingly robust steel industry attracted thousands of workers .",B2
The band - gap energy of semiconductors tends to decrease with increasing temperature .,B2
"During World War I , the strait was of strategic importance .",B2
"During World War I , the strait was of strategic significance .",B2
"On June 5 , 2018 , the company announced his retirement from the company due to declining health issues .",B2
There are usually fewer state senators than there are members in a state 's lower house .,B2
There are typically fewer state senators than there are members of a state 's lower house .,B2
The common legal opinion on federal child labor regulation reversed in the 1930s .,B2
The common legal opinion of federal child labor regulation reversed in the 1930s .,B2
Pies made from pumpkins use pie pumpkins which measure about six to eight inches in diameter .,B2
Pies made from pumpkins use pie pumpkins that are about six-to- eight inches in diameter .,B2
Green cardamom is one of the most expensive spices by weight but little is needed to give the flavor .,B2
Green cardamom is one of the most expensive spices by weight but little is needed to impart flavor .,B2
"In March 2007 , the media reported a dispute over the final cut of the film .",B2
"In March 2007 , the media reported a dispute over the final cut of the movie .",B2
Some people consider catsuits to be a fetish item .,B2
Traditional areas such as forestry and agriculture are still important .,B2
"Bioorganic chemistry is that branch of life science , which deals with the study of biological processes using chemical methods .",B2
The amethyst woodstar 's natural habitats are subtropical or tropical moist lowland forest and subtropical or tropical moist montane forest .,B2
Electric rays are found from shallow coastal waters down to at least 1000 m depth .,B2
"The club 's logo is a green globe with the initials CFC in white across the center , along with twelve white stylised pine seeds .",B2
"The club 's logo is a green globe with the initials CFC in white on the center , along with twelve white stylized pine seeds .",B2
"A few block ciphers , such as RC5 , support a variable block size .",B2
This alphabetic system operates on the additive principle in which the numeric values of the letters are added together to form the total .,B2
"Though relatively rare , songs can fade out , then fade back in .",B2
"Though relatively rare , songs can fade out then fade back in .",B2
Protostars are young objects that have not yet completed the process of contraction from a gas nebula to a true star .,B2
"In 1895 , the six premiers of the Australian colonies agreed to establish a new Convention by popular vote .",B2
"Rock crawling is about slow-speed , careful and precise driving , and high torque generated through large gear reductions in the vehicles drivetrain .",B2
Since the end of the series rumors have circulated that a feature - length movie was in the works .,B2
"With their long velar filaments deployed , Vampire Squid have been observed drifting along in the deep , black ocean currents .",B2
There is no connection between the shape of a bacterium and its color in the Gram staining .,B2
"Bidding documents were sent to seventeen cities in mind for hosting a WrestleMania event between 2012 and 2014 , with fourteen replying in interest .",B2
"The highlight of the prison , from the inmates ' perspective , was the garden .",B2
"The highlight of the prison , from the inmates ' point of view , was the garden .",B2
"Christian metal bands exist in most of the subgenres of heavy metal music , and the only common link among most Christian metal bands are the lyrics .",B2
On - shore and off-shore winds can be extremely strong as the lake warms and cools more slowly than the land .,B2
"On - shore and off-shore winds can be extremely strong , as the lake warms and cools more slowly than the land .",B2
Aquifers can occur at various depths .,B2
Aquifers may occur at various depths .,B2
Leatherback turtles are one of the deepest- diving marine animals .,B2
Two of the largest known impact events on Earth occurred during the Orosirian .,B2
Two of the largest known impact events on Earth happened during the Orosirian .,B2
Over 500 atmospheric nuclear weapons tests were conducted at various sites around the world from 1945 to 1980 .,B2
"While hundreds of comic series have been made in the Franco- Belgian group , some are more notable than others .",B2
Other sources use minima as low as 28 kn and maxima as high as 90 kn .,B2
"Other sources use minima as low as 28 kn , and maxima as high as 90 kn .",B2
In the center of a village the ground begins to open up and a strange green light emanates from within .,B2
"In the center of a village , the ground begins to open up and a strange green light emanates from within .",B2
The county continued to be developed for agriculture and is still mostly rural .,B2
Below is a list of longest reigning cruiserweight champions in boxing measured by the player 's longest reign .,B2
"The G and PG ratings are often left out as they are typical of normal , everyday climbing .",B2
"Flannel , flannelette , and cotton flannel can be woven in either a twill weave or plain weave .",B2
"This subfamily is widely distributed , and members are adapted to a wide variety of environments .",B2
This subfamily is widely distributed and members are adapted to a wide variety of environments .,B2
The sarus crane is easily distinguished from other cranes in the region by the overall grey color and the contrasting red head and upper neck .,B2
"Above the western entrance is the face of the astronomical clock , which was destroyed during the 30 - year war .",B2
"Over the generations , the family members have resided in some notable historic homes .",B2
Over the generations the family members have resided in some notable historic homes .,B2
"Carme did not receive its present name until 1975 ; before then , it was simply known as Jupiter XI .",B2
"In Australia , the colonization began in the 1940s , with the species establishing itself in the north and east of the continent .",B2
"In Australia the colonization began in the 1940s , with the species establishing itself in the north and East of the continent .",B2
"After the war , his research focused on human genetics , pioneering in what is now known as gene regulation .",B2
"After the war his research focused on human genetics , pioneering in what is now known as gene regulation .",B2
Other authors have attempted to use Evolutionary game theory to explain the emergence of human attitudes about morality and corresponding animal behaviors .,B2
Urinary tract infections can affect 10 % of people during childhood .,B2
Urinary tract infections may affect 10 % of people during childhood .,B2
Venegas began playing instruments at the age of 10 when her parents first sent her to piano lessons .,B2
Research usually involve a mixture of field and laboratory studies .,B2
"The names of oblasts did not usually correspond to the names of the respective historical regions , as they were created as purely administrative units .",B2
"The names of oblasts did not usually correspond to the names of the historical regions , as they were created as purely administrative units .",B2
"At the 2000 United States Census , there were 297,490 people , 108,984 households and 78,359 families residing in the county .",B2
"On 8 July 1680 , Hooke observed the nodal patterns associated with the mode of vibration of glass plates .",B2
"On 8 July 1680 , Hooke observed the nodal patterns associated with the modes of vibration of glass plates .",B2
"Between 1918 and 1940 , the center of the city undertook large renovation work .",B2
The cat skull is unusual among mammals in having very large eye sockets and a powerful and specialized jaw .,B2
The cat skull is unusual among mammals in having very large eye sockets and a powerful specialized jaw .,B2
French is the only official language in France as a whole and in these municipalities .,B2
Some computer languages and the IEEE 754 - 2008 standard dictate that in straightforward calculations the result should not be rounded twice .,B2
"Mars has only a thin atmosphere ; however , it is extremely dusty and there is much light that is scattered about .",B2
"Mars has only a thin atmosphere ; however , it is extremely dusty , and there is much light that is scattered about .",B2
Most of the city 's 19th - century houses were built of limestone mined nearby .,B2
"Many species of large predatory fish also school , including many highly migratory fish , such as tuna and some oceangoing sharks .",B2
"Many species of large predatory fish also school , including many highly migratory fish , such as tuna and some ocean going sharks .",B2
"There are many different varieties of quartz , some of which are semi-precious gemstones .",B2
"The temple is famous for the approximately 25,000 black rats that live , and are revered , in the temple .",B2
"The temple is famous for the approximately 25,000 black rats that live , and are revered in , the temple .",B2
Water turbines are divided into two groups : reaction turbines and impulse turbines .,B2
Through his work at the Museum he became acquainted to many Egyptologists and archaeologists who visited the Museum .,B2
The purpose of a formal name is to have a single name that is accepted and used worldwide for a particular plant or plant group .,B2
The metal-carbon bond in organometallic compounds is generally highly covalent .,C1
"They have no body cavity , and no circulatory or respiratory system .",C1
"Limp vellum or limp - parchment bindings were used frequently in the 16th and 17th centuries , and were sometimes gilt but were also often not embellished .",C1
"Because oxygen is more electronegative than carbon , the electrons in the bond are more towards it .",C1
"In males , relaxin enhances motility of sperm in semen .",C1
Hyperbolas may be seen in many sundials .,C1
"The taxonomy of the genus is complex , and still under investigation .",C1
"Female stag beetles are usually smaller than the males , with smaller mandibles .",C1
Potassium fluoride is somewhat toxic .,C1
A backhand chop or knife edge chop is when a wrestler uses a backhand wing and slaps the chest of their opponent with the palm of their hand .,C1
"Rwanda has a temperate tropical highland climate , with lower temperatures than are typical for equatorial countries because of its high elevation .",C1
"Like all cryptographic keys , session keys must be chosen so that they cannot be predicted by an attacker , usually requiring them to be chosen randomly .",C1
The basic equation of radiometric dating requires that neither the parent nuclide nor the daughter product can enter or leave the material after its formation .,C1
Anthropomorphism can be used to assist learning .,C1
Anthropomorphism can happen by mistake too .,C1
"For discrete rings to persist , something must confine them .",C1
Anti-nuclear groups say that reliance on nuclear energy can be reduced by adopting energy conservation and energy efficiency measures .,C1
The velocity for a manned round trip of a few decades to even the nearest star is thousands of times greater than those of present space vehicles .,C1
Gravitational lensing studies of the Bullet cluster are claimed to provide the best evidence to date for the existence of dark matter .,C1
Any medication may cause anaphylaxis .,C1
"Although dissimilar in overall appearance , gophers have been united with kangaroo rats into a common superfamily for a considerable time .",C1
"Engineering ceramics are known for their stiffness , high temperature , and stability under compression and electrical stress .",C1
"The first multiracial election in which all races could vote , was held on 27 April 1994 .",C1
The flag has a white - edged red diagonal band radiating diagonally from the lower hoist- side corner .,C1
"Peat swamp forests are typically surrounded by lowland rain forests on better- drained soils , and by brackish or salt - water mangrove forests near the coast .",C1
Substance misuse is the second most common risk factor for suicide after major depression and bipolar disorder .,C1
"The book was his first detailed demonstration of the power of natural selection , and explained how complex ecological relationships resulted in the coevolution of orchids and insects .",C1
"After World War II , European integration was seen as an antidote to the extreme nationalism which had devastated the continent .",C1
"Conditional contraband , formerly known as occasional contraband , consists of such materials as provisions and livestock feed .",C1
Stadnyk died at the age of 45 on 24 August 2014 from a brain hemorrhage .,C1
He died in 2001 of a pulmonary embolism .,C1
Metamorphic minerals are those that form only at the high temperatures and pressures of metamorphism .,C1
Systems of linear equations form a fundamental part of linear algebra .,C1
"From prehistoric times there are examples of graves covered with a stone slab , in its natural state or carved .",C1
"The Adrar des Ifoghas area is characterized by wide , shallow valleys and is strewn with piles of eroded granite blocks .",C1
"Fossil water aquifers can also be artesian if they are under sufficient pressure from the surrounding rocks , similarly to how many newly tapped oil wells are pressurized .",C1
Flannelette typically refers to a napped cotton fabric imitating the texture of flannel .,C1
Honey badgers often become serious poultry predators .,C1
"Glucocorticoids are part of the feedback mechanism in the immune system which reduces certain aspects of immune function , such as inflammation .",C1
"Crystals are regular arrays of atoms , and X - rays can be considered waves of electromagnetic radiation .",C1
"Crystals are regular arrays of atoms , meaning that the atoms are repeat over and over in all three dimensions .",C1
"Before the advent of iron smelting , meteoric iron was the only source of iron metal apart from minor amounts of telluric iron .",C1
"It is the smallest of the true hyenas and retains many primitive viverrid characteristics lost in larger species , having a smaller and less specialised skull .",C1
It is the smallest of its genus and has many primitive viverrid characteristics which are lost in the larger species .,C1
"Heterokont chloroplasts appear to derive from those of red algae , rather than directly from prokaryotes as occurred in plants .",C1
"Oceanic crust is primarily composed of mafic rocks , or sima which is named for its magnesium silicate minerals .",C1
Zinc oxide is a white solid .,C1
Hurling is a stick and ball game played by teams of 15 on a rectangular grass pitch with H-shaped goals at each end .,C1
Gaelic football is the most popular of the gaelic games and is played by teams of 15 on a rectangular grass pitch with H-shaped goals at each end .,C1
"Before the age of theoretical and computational chemistry , wet chemistry was the predominant form of scientific discovery in the chemical field .",C1
There are risks of infection by salmonella bacteria .,C1
There is inherent risk of infection by salmonella bacteria occasionally found in raw egg from cracked or improperly washed eggshells .,C1
"The invasion planners specified a set of conditions regarding the timing of the invasion , deeming only a few days in each month suitable .",C1
"Although this shark is a bottom-dweller and appears harmless , it can inflict painful lacerations if provoked , due to its powerful jaws and sharp teeth .",C1
"Pepsin was one of the first enzymes to be discovered , and is polypeptidic in nature .",C1
Chloroplasts are one of many types of organelles in the plant cell .,C1
Cyanide compounds occur in small amounts in the natural environment and in cigarette smoke .,C1
"Outside its native range , emerald ash borer is an invasive species that is highly destructive to ash trees in its introduced range .",C1
"Historically , insects have been the most significant herbivores , and the evolution of land plants is closely associated with the evolution of insects .",C1
There are three generalized categories in which amnesia could be acquired by a person .,C1
"The cynodont therapsids flourished with the dinosaurs , but they were only shrew-sized .",C1
"Hazzard died in New York City on 12 December 2016 from complications of dementia , aged 85 .",C1
Ammonia is converted to nitric acid in two stages .,C1
The rock python 's color pattern is whitish or yellowish with the blotched patterns varying from tan to dark brown shades .,C1
"In 1863 , there was a design contest for a new building for the Rijksmuseum , but none of the submissions was considered to be of sufficient quality .",C1
The aperture stop of a photographic lens can be adjusted to control the amount of light reaching the film or image sensor .,C1
"The lava is usually dacitic or rhyolitic , rich in silica .",C1
One barrier to achieving higher performance through instruction - level parallelism stems from pipeline stalls and flushes due to branches .,C1
Color blindness is typically an inherited genetic disorder .,C1
"States are divided into counties or county - equivalents , which may be assigned some local governmental authority but are not sovereign .",C1
The saltwater crocodile is a large reptile growing to about 5 m in length .,C1
"The specifics of their reproductive systems vary considerably within the group , including three forms of hermaphroditism and at least seven forms of parthenogenesis .",C1
"Most members have a complex lifecycle , involving both asexual and sexual reproduction .",C1
A number of antivirals have been tested for effectiveness in the common cold .,C1
"The object has a red-sloped reflectance spectrum , saying that the surface could be rich in organic material such as tholins .",C1
A urinary tract infection in the lower urinary tract is known as a bladder infection .,C1
"As most porn is marketed to men , most bisexual porn is marketed to heterosexual or bisexual men .",C1
All Paraves discovered so far have been coelurosaurs .,C1
"Typical plants and animals have two sets of chromosomes , one set inherited from each parent .",C1
An incremental backup only copies the data that has changed since the last incremental backup .,C1
"Weissmuller was one of the world 's fastest swimmers in the 1920s , winning five Olympic gold medals for swimming and one bronze medal for water polo .",C1
"Another common method of cooling is exposing an object to ice , dry ice , or liquid nitrogen .",C1
"There are three different types of sections , the parabola , the hyperbola and the ellipse .",C1
"The adults of this order possess four membranous wings , with the forewings and hindwings about the same size , and with many veins .",C1
The accipitrine hawks generally hunt birds as their primary prey .,C1
All uraninite minerals contain a small amount of radium as a radioactive decay product of uranium .,C1
Horse - drawn for-hire hackney carriage services began operating in both Paris and London in the early 17th century .,C1
Copper thermite is used for welding together thick copper wires for the purpose of electrical connections .,C1
"He has edited and written many books and articles on education theory , policy and practice , and has appeared on many panels and symposia .",C1
Many species reproduce entirely by parthenogenesis .,C1
Physicists are working on a number of ways to write down a theory of quantum gravity .,C1
"Like many deep-sea cephalopods , the vampire squid lacks ink sacs .",C1
A propulsion system with a higher specific impulse uses the mass of the propellant more efficiently .,C1
Another application of material science is the structures of ceramics and glass typically associated with the most brittle materials .,C1
"Historically there have also been negative consequences , mostly associated with the dams normally required for power production .",C1
"Mummies of humans and other animals have been found on every continent , but as a result of natural preservation through unusual conditions , and as cultural artifacts .",C1
"The adaptation covers eight of the 24 tales and contains abundant nudity , sex and slapstick humor .",C1
"Not only did the division into nomes remain in place for more than three millennia , the areas of the individual nomes and their ordering remained remarkably stable .",C1
Lithium oxide is very corrosive .,C1
"Sometimes , the developing world is plagued by largely preventable infectious diseases , due to malnutrition and poverty .",C1
An electric locomotive runs on electricity as the name suggests .,C1
Pairs of wandering albatrosses mate for life and breed every two years .,C1
"Over 99 % of the bacteria in the gut are anaerobic , but in the cecum , aerobic bacteria reach high densities .",C1
Hydrogen cyanide is a poisonous gas that interferes with cellular respiration .,C1
The pygmy avoids human contact .,C1
"Cockatoos occupy a wide range of habitats , from forests in subalpine zones to mangroves .",C1
"Common medical conditions such as nasal infections , nasal polyps , or dental problems can cause phantom smells .",C1
"Some sharks are oviparous , laying their eggs in the water .",C1
"Although they are the most diverse of the caecilian families , the caeciliids do have a number of features in common that distinguish them from other caecilians .",C1
"They are usually regarded as the most basal of the caecilian families , with numerous characteristics lacking in the other groups .",C1
Diabetic retinopathy affects up to 80 percent of those who have had diabetes for 20 years or more .,C1
The optimal fluid for preparing oral rehydration solution is clean water .,C1
Ammonium carbonate is a white solid .,C1
Phosphoric acid is a white solid .,C1
Some water turbines are designed for Pumped storage hydroelectricity .,C1
"The inner ear is found in all vertebrates , with substantial variations in form and function .",C1
"In countries where FGM is common , the practice 's many variants are reflected in dozens of terms , often alluding to purification .",C1
It is synthesized by partial chlorination of elemental sulfur .,C1
"In HVDC bipolar configuration , a pair of conductors are used , each at a high potential with respect to ground in opposite polarity .",C1
Gas chromatography is regularly used to describe what is inside a complex sample .,C1
A gas chromatograph is a chemical analysis instrument for separating chemicals in a complex sample .,C1
A deranged genetic scientist abducts college students as human guinea pigs that he uses in his experiments in crossbreeding plants with humans .,C1
Males of many species exhibit gregarious mud-puddling behavior when they may imbibe salts from moist soils .,C1
"Since the germ theory of disease , cleanliness has come to mean an effort to remove germs and other hazardous materials .",C1
Millipedes appear in folklore and traditional medicine around the world .,C1
Fighting within the ruined city was fierce and desperate .,C1
"Rainbands exist in the periphery of tropical cyclones , which point towards the cyclone 's center of low pressure .",C1
"Like most mental illnesses , there are ways to treat bipolar disorder .",C1
"Old , Middle , and Late Egyptian were all written using both the hieroglyphic and hieratic scripts .",C1
Skofterud was reported missing in the early morning of 29 July 2018 and was found dead on an islet .,C1
M82 has undergone at least one tidal encounter with M81 resulting in a large amount of gas being funneled into the galaxy 's core over the last 200 Myr .,C1
"Most mortars used today are made up of a barrel , a plate for the barrel to stand on , and a bipod .",C1
Most chemical databases store information on stable molecules .,C1
People who are allergic develop an Anaphylaxis - an allergic reaction .,C1
"Unlike conductive hearing loss , sensorineural hearing loss is permanent .",C1
A table comparing sensorineural to conductive hearing loss,C1
Barium peroxide arises by the reversible reaction of O with barium oxide .,C1
"In most cases , children belonging to mothers having gestational diabetes are at higher risk of childhood obesity and Type 2 diabetes later in life .",C1
Children of women with GDM have an increased risk for childhood and adult obesity and an increased risk of glucose intolerance and type 2 diabetes later in life .,C1
"Most complex natural products are chiral , and the bioactivity of chiral molecules varies with the enantiomer .",C1
The symptoms of pernicious anemia come on slowly .,C1
There are several causes of pernicious anemia .,C1
An a cappella choir is a choir which sings without any instrumental accompaniment .,C1
With the sines and cosines one can answer virtually all questions about triangles .,C1
"With these functions , one can answer virtually all questions about arbitrary triangles by using the law of sines and the law of cosines .",C1
"Observations , lab measurements and modeling are the three central elements in atmospheric chemistry .",C1
The posterior lobe develops as an extension of the hypothalamus .,C1
Echinoderms possess a unique water vascular system .,C1
The plant is semi-aquatic and grows mostly on rocky places at the banks of rivers or in the riverbed .,C1
Calcium nitrate is used in fertilizers to add nitrogen to the soil .,C1
In some Western cultures it is traditional for the man to make a proposal to the woman directly while genuflecting in front of her .,C1
Archeologists believe that the town was started in the 13th century .,C1
"Sedimentary rocks cover up to 75 % of the Earth 's surface , record much of the Earth 's history , and harbor the fossil record .",C1
"Racing bicycles used for Criteriums often have subtle , but significantly different geometry from those used in other mass-start , multi stage road race events .",C1
Racing bicycles used for criteriums are typically no different than those used in other mass-start road events .,C1
The rationale for the designated hitter rule arose comparatively early in the history of professional baseball .,C1
"Many parish churches , abbey churches and cathedrals are in the Romanesque style , or were originally built in the Romanesque style and have subsequently undergone changes .",C1
The vegetation is mostly sub-tropical rainforest with some wet sclerophyll forest .,C1
"The three species of green mambas are arboreal , whereas the black mamba is largely terrestrial .",C1
Most feathered dinosaurs discovered so far have been coelurosaurs .,C1
There is consensus among paleontologists that birds are the descendants of coelurosaurs .,C1
The stem is the part of the word that never changes even when morphologically inflected ; a lemma is the base form of the word .,C1
"The state and union territory capitals are sorted according to administrative , legislative and judicial capitals .",C1
"By the 7th millennium BCE , exceedingly large and organized settlements were found in the region , relying on deep wells for sources of water .",C1
"The region is rich in sea life , with more than 4,000 species of marine molluscs and a large diversity of marine fishes .",C1
Librarians all over the world use this unique identifier in the process of cataloging most books which have been published in the United States .,C1
A few species that live in waters where the supply of food particles is very poor prey on crustaceans and other small animals .,C1
"When quotation marks sit next to periods and commas , there are two styles of punctuation .",C1
This can be done quickly using the method of exponentiation by squaring .,C1
"The synapsids are traditionally divided into a primitive group and an advanced group , known respectively as pelycosaurs and therapsids .",C1
They are similar in size but slightly smaller than the herring gull .,C1
Reflection nebulae and emission nebulae are usually seen together and sometimes are called ' diffuse nebulae ' .,C1
The sulfuric acid is reused in place of the sulfur trioxide to leach more zinc oxide .,C1
The sulfuric acid is regenerated and recycled to the leaching step .,C1
There is usually an option to produce audible representing the number of ionization events detected .,C1
"They lay their eggs in cavities in moist soil , where they hatch into larvae that seek out streams or underground seepages , before metamorphosing into adults .",C1
An important advantage of hydroelectric dams is their ability to be used as a peaking power plant .,C1
The particle in a 1 - dimensional well is the most simple example showing that the energy of a particle can only have specific values .,C1
The particle in a one-dimensional potential energy box is the most mathematically simple example where restraints lead to the quantization of energy levels .,C1
Tjapaltjarri paints abstract images of sacred stories and songs from his family 's Dreaming .,C1
"The pelvic region of the trunk is the lower part of the trunk , between the abdomen and the thighs .",C1
"Pelvis can mean the lower part of the trunk of the human body , between the abdomen and the thighs .",C1
In the 12th century the first stone church was built with the formation of the parish Ljungby socken .,C1
"After enamel and dentin are destroyed and cavity reaches the dental pulp and nerves of the tooth , the tooth becomes sensitive since the nerves are exposed .",C1
"This can be done reasonably quickly , even for very large numbers , using modular exponentiation .",C1
Both of these calculations can be computed efficiently using the square- and - multiply algorithm for modular exponentiation .,C1
Hummingbird beaks are flexible and their shapes vary dramatically as an adaptation for specialized feeding .,C1
"Igneous rocks are formed when molten magma cools , either above or below the surface .",C1
"Both species bore a passing or superficial resemblance to a very small , dog-sized saber - toothed cat .",C1
The algae benefit from a safe place to live and consume the polyp 's carbon dioxide and nitrogenous waste .,C1
"Procaine was first synthesized in 1905 , shortly after amylocaine .",C1
Zinc sulfate can be used to supplement zinc in the brewing process .,C1
The illegal maneuver of spitting a colored liquid into the face of an opponent in professional wrestling .,C1
"Altogether , this fauna is massively dominated by large herbivores and generally lacks terrestrial carnivores .",C1
The folds of cartilage surrounding the ear canal are called the pinna .,C1
The outer ear is the folds of cartilage surrounding the ear canal .,C1
The drug is commonly used to treat attention - deficit hyperactivity disorder and narcolepsy .,C1
"When a conjecture has been proven , it is no longer a conjecture but a theorem .",C1
Psychiatric hospitals used to be called lunatic asylums .,C1
"Modern psychiatric hospitals evolved from , and eventually replaced the older lunatic asylums .",C1
Drug trafficking and illicit drug use is a significant problem in Russia .,C1
"The release of pituitary hormones by both the anterior and posterior lobes is under the control of the hypothalamus , albeit in different ways .",C1
"They feed on insects and fruit , and their broad bills and weak legs reflect their diet and arboreal habits .",C1
"There are no specific antiviral drugs for dengue ; however , maintaining proper fluid balance is important .",C1
The nasal cavity is divided into two segments : the respiratory segment and the olfactory segment .,C1
"During the epidemic , there were only a small number of men who remained healthy and bore the responsibility of caring for the sick .",C1
A lot of electricity is used in arc welding .,C1
"To prove this with algebra , start with the equation",C1
The mercury inside the tube is toxic and makes these bulbs hazardous waste .,C1
"Because they contain mercury , many fluorescent lamps are classified as hazardous waste .",C1
The idea behind tinnitus maskers can be explained by a light analogy .,C1
"She died of esophageal cancer in Tokyo on 11 January 2014 , aged 80 .",C1
Copper forms coordination complexes with ligands .,C1
Ubuntu splits all software into four different categories to show differences in licensing and the amount of support available .,C1
Vanth was found at 0.25 arcseconds from Orcus with magnitude difference of .,C1
The later half of the period was an episode of intensive orogeny on virtually all continents .,C1
Tests tubes are often preferred above beakers when multiple small chemical or biological samples have to be handled and / or stored .,C1
Jaspillite is also a sedimentary rock . in certain lead-zinc ore deposits .,C1
This daisy may be used as a potherb .,C1
"The following table contains a list of point groups labeled using the Schoenflies notation , which is common in chemistry and molecular spectroscopy .",C1
Amphibians are the only vertebrates to go through metamorphosis .,C1
Of the total exploitation length of route 72 % or 2117 km are in common carrier service and does not include industrial lines .,C1
"Glow fuel is a mixture of methanol , nitromethane , and oil .",C1
"Lateral undulation is the sole mode of aquatic locomotion , and the most common mode of terrestrial locomotion .",C1
"In genetic sex-determination systems , an organism 's sex is determined by the genome it inherits .",C1
"Changeable optics filters are used in the colorimeter to select the wavelength which the solute absorbs the most , in order to maximize accuracy .",C1
"Interchangeable bits allow the use of powered screwdrivers , commonly using an electric or air motor to rotate the bit .",C1
One balances a chemical equation by changing the scalar number for each chemical formula .,C1
"Genets are highly agile creatures , with quick reflexes and exceptional climbing skills , and are the only viverrids that are able to stand bipedally .",C1
Ring - necked snakes are fairly similar in morphology throughout much of their distribution .,C1
The kinetic energy of a rotating flywheel is,C1
"Owing to the Kuril-Kamchatka Trench , deep-focus seismic events and tsunamis are fairly common .",C1
"In Australia , stillbirth is defined as a baby born with no signs of life that weighs more than 400 grams , or more than 20 weeks in gestation .",C1
"In Australia , any stillborn fetus that weighs more than 400 grams and lived in the mother for more than 20 weeks must be reported to the government .",C1
"This list is arranged by drainage basin , with respective tributaries indented under each larger stream 's name .",C1
"After his retirement he wrote other chess treatises , but his isolation prevented him from assimilating the positional ideas of the new generation of chess-players .",C1
"Instant messaging allows instantaneous communication between a number of parties simultaneously , by transmitting information quickly and efficiently , featuring immediate receipt of acknowledgment or reply .",C1
"Web feeds are designed to be machine readable , so there is no requirement that they be destined only for user consumption .",C1
Intraspecific competition occurs when members of the same species compete for the same resources in an ecosystem .,C1
"Rainbow lorikeets are monogamous and pair for life , and the two sexes look almost identical .",C1
"Coconut lorikeets are monogamous birds , choosing only one partner for their whole life .",C1
Blood can leave the erectile tissue only through a drainage system of veins around the outside wall of the corpus cavernosum .,C1
Blood can leave only through a system of veins around the outside wall of the corpus cavernosum .,C1
"The earliest settlers to the district arrived in the 1840s , and farmed the area with wheat and sheep predominantly .",C1
"The same terminology is sometimes used for functions that yield real , or other signed values .",C1
Lithium carbonate is somewhat toxic .,C1
Omega Centauri is so distinctive from the other galactic globular clusters that it is thought to have an alternative origin as the core remnant of a disrupted dwarf galaxy .,C1
"Insect galls are usually induced by chemicals injected by the larvae or the adults of the insects into the plants , and possibly by mechanical damage .",C1
It is made by reacting hydrogen bromide with sodium hydroxide .,C1
NaBr is produced by treating sodium hydroxide with hydrogen bromide .,C1
"Embryo transfer can be performed after various durations of embryo culture , conferring different stages in embryogenesis .",C1
As Coordinating Minister of Strategic Sectors he was responsible for building several hydroelectric stations .,C1
Protactinium is both toxic and highly radioactive and thus all manipulations with it are performed in a sealed glove box .,C1
Protactinium is both toxic and highly radioactive .,C1
"From the hypostyle hall , one enters the second pillared hall .",C1
Young open clusters may still be in the molecular cloud from which they formed .,C1
"Young open clusters may be contained within the molecular cloud from which they formed , illuminating it to create an H II region .",C1
Cadmium telluride is used to make electricity in solar cells .,C1
Type 1 diabetes is a condition caused by a lack of insulin in the body .,C1
"The human vagina is an elastic , muscular canal that extends from the vulva to the cervix .",C1
"The vagina is an elastic , muscular tube .",C1
"Characteristic features are a very long filiform tail , reduced eyes , and a low number of pectoral - fin radials .",C1
Epoxides can be made by oxidation of alkenes .,C1
"Other nebulae form as the result of supernova explosions ; the death throes of massive , short- lived stars .",C1
Trapping headbutts are where a wrestler holds both of the opponent 's arms under their own and hits the opponent with a series of headbutts .,C1
"s of 2010 , there is no vaccine that prevents syphilis .",C1
"The thou , or mil , is most commonly used in engineering and manufacturing .",C1
There are different types of encyclopedias .,C1
There are some broad differences between encyclopedias and dictionaries .,C1
"The stated aim of the list was to protect the faith and morals of the faithful by preventing the reading of theologically , culturally , or politically disruptive books .",C1
The triggers for precipitation of uric acid are not well understood .,C1
"For some species sex is not determined by inheritance , but instead by environmental factors experienced during development or later in life .",C1
"Although certainly quadrupedal , the posture of horned dinosaurs has long been the subject of some debate .",C1
There are several algorithms for solving a system of linear equations .,C1
Congenital syphilis in the newborn can be prevented by screening mothers during early pregnancy and treating those who are infected .,C1
"Completing the square can be used to derive a general formula for solving quadratic equations , called the quadratic formula .",C1
"Although completing the square can be used to solve many quadratic equations , it does not work with every equation .",C1
Synthetic genomics is unlike genetic modification in the sense that it does not use naturally occurring genes in its life forms .,C1
Flame ionization detectors are used very widely in gas chromatography because of a number of advantages .,C1
"A belt of lowland tropical moist broadleaf forests , runs across most of equatorial Africa .",C1
"The forest zone , a belt of lowland tropical moist broadleaf forests , runs across most of equatorial Africa 's intertropical convergence zone .",C1
"Various works of fiction put forward the idea of terraforming Mars to allow a wide variety of life forms , including humans , to survive unaided on Mars ' surface .",C1
"It hunts by flying low and slowly over an area of open ground , hovering over spots that conceal potential prey .",C1
"Before the Roman conquest their land and capital appear to have been part of the territory of the Atrebates , possibly as part of a confederation of tribes .",C1
An OEM damper consists of an outer mass bonded / vulcanized to an inner hub .,C1
"Most thinking in genetics has focused upon vertical transfer , but the importance of horizontal gene transfer among single -cell organisms is beginning to be acknowledged .",C1
"Dugongs and other sirenians are not closely related to other marine mammals , being more related to elephants .",C1
Pitchblende is a major ore of uranium .,C1
Pitchblende contains a small amount of radium as a radioactive decay product of uranium .,C1
"The event had eight professional wrestling matches with different wrestlers involved in scripted feuds , plots and storylines .",C1
"The initial construction featured a two-story front section with a one-story extension to the rear , housing the dining room and the winter kitchen .",C1
Research is currently underway using organometallic catalysis .,C1
The head and thorax are white and the abdomen is yellow - orange with a row of black spots .,C1
CIDCO carved out 16 nodes small townships with a view towards facilitating comprehensive development .,C1
Fossil bryozoans first appear in the early Ordovician and had a huge adaptive radiation .,C1
The related term homodesmotic reaction also takes into account orbital hybridization .,C1
"There are few characteristics common to all blues , as the genre takes its shape from the peculiarities of each individual performance .",C1
This equation uses information on the parent and daughter isotopes at the time the material solidified .,C1
The above equation makes use of information on the composition of parent and daughter isotopes at the time the material being tested cooled below its closure temperature .,C1
"It was reported that three people were killed on the ground level , four in the synagogue 's basement and at least one other person died in the building .",C1
"Eleven people were killed , including three on the ground level and four in the synagogue 's basement .",C1
A consonant may be added to separate vowels in hiatus .,C1
Polderization and occasional flooding have created salt marsh meadows .,C1
Polderization and occasional flooding have created salt marsh meadows that were found to be ideally suited to grazing sheep .,C1
Canada provided a $ 5 million thermal plasma analyzer .,C1
Ethylene is produced by several methods in the petrochemical industry .,C1
"The main entrance to the castle is through the western barbican , an exterior defence in front of the main gate .",C1
Exponentiation of a non-zero real number can be extended to negative integers .,C1
"Pathogens are disease-causing organisms including bacteria , fungi , and viruses .",C1
"Pathogenic micro-organisms include bacteria , fungi , and viruses .",C1
"The constituency was formed for the 1998 legislative election , replacing a number of single-member constituencies used until 1995 .",C1
The constituency was made at the 1998 legislative election .,C1
Eigenvalues and eigenvectors have many applications in both pure and applied mathematics .,C1
Eigenvalues and eigenvectors feature prominently in the analysis of linear transformations .,C1
Modern dry cleaning uses solvents that do not use water to remove dirt and stains from clothing .,C1
Iodic acid is used to make other iodates by reacting bases with iodic acid .,C1
"There are several common methods used to enlarge piercings , of various origins and appropriate for different circumstances .",C1
Fourth is the titanium shield that must be placed behind the head of all Dragsters and Funny Cars down to the Alcohol ranks .,C1
The three types of endorphins that exist are made through the fragmentation of precursor proteins .,C1
Potassium chloride is found as a mineral .,C1
Some of the voice actors who voiced the characters in the films were unable to reprise their roles for the series .,C1
"A didgeridoo is a type of musical instrument that , according to western musicological classification , falls into the category of aerophone .",C1
"The strong interaction is often thought to be controlled by gluons , which ' glue ' quarks together through the strong force .",C1
Event cache : Meeting organized and attended by geocachers .,C1
"Knowledge of them comes chiefly from that linguistic reconstruction , along with material evidence from archaeology and archaeogenetics .",C1
"Knowledge of them comes not only from language , but also from archaeology and archaeogenetics .",C1
It can be made by dissolving bromine in hot potassium hydroxide .,C1
"It can be made by reacting bromine , sulfur dioxide , and water .",C1
Bartholin 's glands secrete mucus to provide vaginal lubrication during sexual arousal .,C1
The glands secrete mucus to make sexual intercourse easier .,C1
"Political philosophy is a philosophical back - up to political science , which is the social science study of politics .",C1
"Many small organisms such as rotifers , copepods and flatworms use such organs , but these are too small to produce usable images .",C1
"Many small organisms such as rotifers , copeopods and platyhelminthes use such this design , but their eyes are too small to produce usable images .",C1
"Seaweeds are also harvested or cultivated for the extraction of alginate , agar and carrageenan , gelatinous substances collectively known as hydrocolloids or phycocolloids .",C1
This stellar system is currently one of the most massive that can be studied in detail .,C1
"It is also possible to associate a sign to an angle of rotation in three dimensions , assuming the axis of rotation has been oriented .",C1
"In many contexts , it is common to associate a sign with the measure of an angle , particularly an oriented angle or an angle of rotation .",C1
Nitrogen dioxide is normally made by oxidation of nitric oxide by oxygen in air .,C1
Withdrawal of a military occupation is anticipated and therefore tactical but may be subject to political rather than operational variables .,C1
"Although most vertical - lift bridges use towers , each with counterweights .",C1
Phishers have sometimes used images instead of text to make it harder for anti-phishing filters to detect the text commonly used in phishing emails .,C1
This research contributed greatly to understanding how each cerebral hemisphere works .,C1
This research contributed greatly to understanding the lateralization of brain function .,C1
There are numerous mathematically equivalent formulations of quantum mechanics .,C1
The mathematical formulations of quantum mechanics are abstract .,C1
Most people with trichomoniasis do not have any symptoms .,C1
Ventricular fibrillation is a cause of cardiac arrest .,C1
Ventricular fibrillation is a medical emergency .,C1
"The Earth 's atmospheric circulation varies from year to year , but the large-scale structure of its circulation remains fairly constant .",C1
"Euthanasia can be active or passive , and voluntary , non-voluntary and involuntary .",C1
"Euthanasia may be classified into three types , according to whether a person gives informed consent : voluntary , non-voluntary and involuntary .",C1
Giant pandas give birth to twins in about half of pregnancies .,C1
"Male argonauts have been seen living inside salps , which are planktonic tunicates .",C1
The climate of the region is subtropical monsoonal with mean annual rainfall of 1579 mm that occurs from June to September and is highest in August .,C1
The symptoms of POTS can be caused by several distinct pathophysiological mechanisms .,C1
"If a person still has a pulse , it is usually possible to terminate the episode using electric cardioversion .",C1
"If a person still has a pulse , ventricular tachycardia can usually be stopped through cardioversion .",C1
"Gout is partly genetic , contributing to about 60 % of variability in uric acid level .",C1
"Porcelain originated in China , and it took a long time to reach the modern material .",C1
Polonium is highly dangerous and has no biological role .,C1
"Polonium is highly unstable , radioactive and toxic .",C1
The city has academies of sculpture and fine arts and a museum of statuaries and antiquities .,C1
"Most commercial fisheries do not target Alaska plaice , and bycatch by commercial trawlers targeting other groundfish is the sole source of significant harvest of this species .",C1
Most commercial fisheries do not want to catch Alaska plaice ; but many are caught by trawlers trying to catch other bottom fish .,C1
Geneticists can also use pedigree charts to predict how traits will be passed to future children in a family .,C1
"When studying human genetic diseases , geneticists often use pedigree charts to represent the inheritance of traits .",C1
"Adults are strictly diurnal , flying preferentially in the late morning and early afternoon .",C1
"Gerardus't Hooft is well known for his theories about gauge theory , black holes , and quantum gravity .",C1
Plant terpenoids are often used for their scent .,C1
Plant terpenoids are used for their aromatic qualities and play a role in traditional herbal remedies .,C1
"Centrioles however , are not required for the progression of mitosis .",C1
Centrosomes are not needed for the mitosis to happen .,C1
"Rocks of the Cenozoic era yield very large numbers of gastropod fossils , many of these fossils being closely related to modern living forms .",C1
Medications can treat African trypanosomiasis .,C1
Zinc sulfate can be made by reacting zinc or zinc oxide with sulfuric acid .,C1
Lithium carbonate is generated by combining lithium peroxide with carbon dioxide .,C1
It can be made by mixing lithium oxide or lithium hydroxide and carbon dioxide .,C1
"For example , a sociolinguist might determine through study of social attitudes that a particular vernacular would not be considered appropriate language use in a business or professional setting .",C1
"The victorious rebels formed a government junta that abolished the military altogether , and oversaw the drafting of a new constitution by a democratically elected assembly .",C1
Due to its relative isolation the Cotentin is one of the last remaining places the Norman language is spoken .,C1
"Due to its comparative isolation , the peninsula is one of the remaining strongholds of the Norman language , and the local dialect is known as Cotentinais .",C1
"Wet chemistry uses laboratory glassware , such as beakers and flasks , without quantitative chemical analysis using instrumentation .",C1
Deomyines share no morphological characteristics that can be used to separate them from other muroids .,C1
This form is infrequent except in elementary arithmetic .,C1
Disulfur decafluoride is a colorless gas or liquid with a SO - like odor .,C1
Disulfur decafluoride is a colorless liquid .,C1
The opposite of electronegativity is electropositivity ; the measure of how well an atom gives away electrons .,C1
"Over the years she has worked in various genres including jazz and art song , but generally with a sparse and somber tone to it .",C1
The cells of the epidermis are structurally and functionally variable .,C1
It is a fallacy because a person 's actions or character do not affect the logic of the argument .,C1
"Prizes are also given to publicize noteworthy or exemplary behavior , and to provide incentives for improved outcomes and competitive efforts .",C1
"Zero-fare services may be funded by national , regional or local government through taxation or by commercial sponsorship by businesses .",C1
"The upperside of the wings is black , without a band and with one row of red crescents along the hindwing margin .",C1
"Although not as rare in the symphonic literature as sharper keys , examples of symphonies in A major are not as numerous as for D major or G major .",C1
"Timid and harmless to humans , the smalleye hammerhead is caught incidentally by inshore artisanal multispecies fisheries throughout its range , and marketed as food .",C1
"Research efforts to prevent and treat dengue include various means of vector control , vaccine development , and antiviral drugs .",C1
The phrase is used to signify that the monarch has granted his or her royal assent to a bill in order to make it become law .,C1
Basophils contain large cytoplasmic granules which obscure the cell nucleus under the microscope when stained .,C1
Basophils contain large cytoplasmic granules .,C1
The origin of this homochirality in biology is the subject of much debate .,C1
The origin of homochirality in the first place is much discussed .,C1
"According to 2011 census , Vikramasingapuram had a population of 47,241 with a sex-ratio of 1,058 females for every 1,000 males , much above the national average of 929 .",C1
"Lacking detailed tropical fossils , geneticists and primatologists have used genetic analyses to determine the relatedness between primate lineages and the amount of time since they diverged .",C1
"So , geneticists and primatologists have used genetic analyses to determine the relatedness between primate lines and when they diverged .",C1
The common toad emerges from hibernation in spring and there is a mass migration towards the breeding sites .,C1
The common toad comes out of hibernation in spring .,C1
"After condensation and ignition of a star , it generates thermal energy in its dense core region through nuclear fusion of hydrogen into helium .",C1
Stars get the energy they produce through nuclear fusion of hydrogen into helium .,C1
Cyclothymia is also an old name for bipolar disorder .,C1
The transmission medium layout used to link devices is the physical topology of the network .,C1
"In this attack a wrestler uses a three - point stance , then runs and clotheslines the opponent .",C1
It is easily produced by igniting a mixture of zinc and sulfur .,C1
Zinc sulfide can be made by igniting a mixture of powdered zinc and sulfur .,C1
"Within his constraints , a serf had some freedoms .",C1
"The nipples of mothers are protected by the mother 's own skin oil to prevent drying , cracking , or infections .",C1
"The nipples of nursing mothers naturally make a lubricant to prevent drying , cracking , or infections .",C1
Tube worms form an important part of the community around a hydrothermal vent .,C1
"During the day , amphiumas hide in vegetation , and at night they become active hunters .",C1
"Emotional memory , the memory for events that evoke a particularly strong emotion , is a domain that can involve both declarative and procedural memory processes .",C1
The memory for events that evoke a particularly strong emotion may involve both declarative and procedural memory processes .,C1
"These concerns have intensified due to the actions of China , the predominant supplier .",C1
Investigators concluded that the probable cause of the crash was believed to be an inoperable and ground .,C1
Correlation diagrams connect the molecular orbitals of the reactant to those of the product having the same symmetry .,C1
The common cuckoo is an obligate brood parasite ; it lays its eggs in the nests of other birds .,C1
"About 56 of the Old World and 3 of the New World cuckoo species are brood parasites , laying their eggs in the nests of other birds .",C1
"In males , masturbation flushes out old sperm with low motility from the male 's genital tract .",C1
"Sexual reproduction is a process specific to eukaryotes , organisms whose cells contain a nucleus and mitochondria .",C1
Sexual reproduction is a process that can only be found in eukaryotes .,C1
Especially gene abbreviations / symbols but also full gene names are often not specific for a single gene .,C1
The dough is just ordinary bread dough with yeast as a leavening agent .,C1
"The aerodrome continues to perform an important role in emergency services operation , civil operation , flight training and as accommodation for many community groups and organisations .",C1
Germanicus ' campaign had been taken to avenge the Teutoburg slaughter and also partially in reaction to indications of mutinous intent amongst his troops .,C1
"Germanicus ' campaign had been to revenge the defeat at Teutoburg , and also partly in reaction to signs of mutiny amongst his troops .",C1
Assessments of job satisfaction became commonplace in the 1930s .,C1
"Skinks have been around a long time : their jawbones appear in the fossil record about 140 million years ago , during the early Cretaceous .",C1
"Skink - like lizards first appear in the fossil record about 140 million years ago , during the early Cretaceous , mostly jawbones that appear very skink - like .",C1
"Swans are the largest extant members of the waterfowl family Anatidae , and are among the largest flying birds .",C1
Physicists measure an undulator 's effectiveness in terms of spectral radiance .,C1
An undulator 's figure of merit is spectral radiance .,C1
"Most Old World warblers are of generally undistinguished appearance , though some Asian species are boldly marked .",C1
Most Old World Warblers are of generally unseparate appearances .,C1
Time fuzes detonate after a set period of time .,C1
"Time fuzes detonate after a set period of time by using one or more combinations of mechanical , electronic , pyrotechnic or even chemical timers .",C1
Female amphiumas lay their eggs in wet mud .,C1
A contrary view is that the name was a veiled insult .,C1
"Symbolically , spires have two effects .",C1
"In the United States , the term lien generally refers to a wide range of encumbrances and would include other forms of mortgage or charge .",C1
"Since 2002 , subtropical storms have been given names from the same naming sequence as tropical storms .",C1
"Since 2002 , subtropical storms have been assigned names from the predetermined list of names used for tropical cyclones .",C1
"Not only did nimravids exhibit diverse dentition , but they also showed the same diversity in size and morphology as cats .",C1
Bromine is toxic and corrosive to skin .,C1
The diagram illustrates both encryption and decryption .,C1
Obsidian can be found in locations which have experienced rhyolitic eruptions .,C1
Obsidian can be found where high silicate eruptions have happened .,C1
"Differential calculus is the study of the definition , properties , and applications of the derivative of a function .",C1
Natural selection is seen in action in the development of antibiotic resistance in microorganisms .,C1
A well - known example of natural selection in action is the development of antibiotic resistance in microorganisms .,C1
The poem is sarcastically laughing at the epic world of the gods .,C1
Those who witnessed the apparition stood in the pouring rain for up to two hours reciting the Rosary .,C1
"In Finland , solitary and contemplative isolation is often the object of the pastime .",C1
Sexual reproduction involves the production of ascospores .,C1
"Sexual reproduction involves the production of ascospores , commencing with the fusion of an archegonium and an antheridium , with sharing of nuclei .",C1
Constructive interference happens when two or more waves are in the same space and in phase .,C1
"Constructive interference occurs when the waves are in phase , and destructive interference when they are half a cycle out of phase .",C1
The shell colouration also keeps the animal cryptic in the water .,C1
"Like scallops , true oysters have a central adductor muscle , which means the shell has a characteristic central scar marking its point of attachment .",C1
"Its natural habitats are subtropical or tropical moist lowland forest , subtropical or tropical moist montane forest , and heavily degraded former forest .",C1
Polyphenic pigmentation is adaptive for species which reproduce several times a year .,C1
Polyphenic pigmentation is adaptive for insect species that undergo multiple mating seasons each year .,C1
Unaipon was a recognized authority on ballistics .,C1
"Hydrazoic acid is extremely toxic , even more toxic than sodium azide .",C1
Innumerable factors and circumstances could affect a seller 's willingness or ability to produce and sell a good .,C1
"Modern ketchup emerged in the early years of the 20th century , out of a debate over the use of sodium benzoate as a preservative in condiments .",C1
"The walls encircling the old town remain intact , even as the city expanded and modernized , unusual for cities in the region .",C1
A number of other visiting diesel and steam locomotives have also seen service on the line .,C1
Para-alpine skiing classification is the order system for para-alpine skiing .,C1
A polypeptide is a single linear polymer chain of amino acids .,C1
A linear chain of amino acid residues is called a polypeptide .,C1
Most polyesters are made with a polycondensation reaction .,C1
"In the series , we learn that Geordi was born blind and wears a VISOR , an arc-shaped prosthetic attached at the temples that provides him with vision .",C1
"Four photopigment opsins exist in teleost fish , reptiles and birds .",C1
"Researchers studying the opsin genes responsible for color-vision pigments have long known that four photopigment opsins exist in birds , reptiles and teleost fish .",C1
Hydrazoic acid is very explosive .,C1
Hydrazoic acid is volatile and highly toxic .,C1
Often people use soaps and detergents to assist in the emulsification of oils and dirt particles so they can be washed away .,C1
"Women wear a feminine tartan kilt , a short white blouse with a sleeveless velvet jacket over it , matching tartan hose and ghilies shoes .",C1
"Females wear a tartan kilt with a velvet jacket , worn with a lace insert , or a sleeveless velvet vest worn over a white blouse .",C1
He is best known for his discoveries of Purkinje cells and Purkinje fibres .,C1
Comparisons between denominations must be approached with caution .,C1
Comparisons between denominational churches must be approached with caution .,C1
Lithium peroxide is made by reacting lithium hydroxide with hydrogen peroxide and removing the water .,C1
During the twelfth century the area was swampland .,C1
Chemical literature databases correlate structures or other chemical information to relevant references such as academic papers or patents .,C1
"The bat used by the batter can be made of wood , aluminum , or composite materials such as carbon fiber .",C1
"Whenever someone dies , they are sent to a one of many mysterious bars run by bartenders serving as arbiters inside a tower in the afterlife .",C1
"The live hour-long series finale aired August 26 , 2014 , and was viewed by 1.003 million viewers for a 0.4 share in the 18 - 49 demographic .",C1
It is obtained by the combustion of phosphorus in a limited supply of air at low temperature .,C1
It is made by burning phosphorus in a little air .,C1
Astronomers now have evidence there is a supermassive black hole at the center of the galaxy .,C1
Caring for a beating heart cadaver is similar to caring for a living patient .,C1
The novel is told through narratives alternating between two periods and is largely told in the third - person omniscient mode .,C1
"Alekhine is known for his fierce and imaginative attacking style , combined with great positional and endgame skill .",C1
The caste system of social insects is the division of labor between genetically identical individuals .,C1
"The caste system of insects enables eusociality , the division of labor between non-breeding and breeding individuals .",C1
"Within a day , the first symptoms of mustard poisoning had appeared in 628 patients and medical staff , with symptoms including blindness and chemical burns .",C1
Classical thermodynamic systems cannot achieve negative temperatures : adding heat always increases their entropy .,C1
Magnesium is the eleventh most abundant element by mass in the human body and is essential to all cells and some 300 enzymes .,C1
Magnesium is the 11th most abundant element by mass in the human body .,C1
These frogs lack adhesive toe discs found in the tree frogs .,C1
Polymorphism is common in nature .,C1
"Polymorphism is common in nature ; it is related to biodiversity , genetic variation , and adaptation .",C1
Cofactors which are complex organic molecules are often called coenzymes .,C1
"Neutrophils are the most abundant type of white blood cells in mammals , 70 % of leukocytes .",C1
Some of the tools for measuring the voltage are the voltmeter and the oscilloscope .,C1
One common theory as to how handedness affects the hemispheres is the brain hemisphere division of labor .,C1
Handedness seems to follow from the brain hemisphere division of labor .,C1
"Non-financial capital accumulation is an essential factor for economic growth , since additional investment is essential to enlarge the scale of production and increase employment opportunities .",C1
"Both non-financial and financial capital accumulation is usually needed for economic growth , since additional production usually requires additional funds to enlarge the scale of production .",C1
"Oxygen is the most abundant chemical element by mass in the Earth 's biosphere , air , sea and land .",C1
"Wrasses have protractile mouths , usually with separate jaw teeth that jut outwards .",C1
"He died on 17 January 2018 from hypothermia , four days after his 52nd birthday .",C1
"The fundamentals of bird flight are similar to those of aircraft , in which the aerodynamic forces sustaining flight are lift and drag .",C1
To find the shape of the minimal surface bounded by some arbitrary shaped frame using strictly mathematical means can be a daunting task .,C1
Sclerophyllous plants occur in many parts of the world .,C1
The sources of magnetic moments in materials can be represented by poles in analogy to electrostatics .,C1
Characteristics of extraterrestrial skies appear to vary substantially due to a number of factors .,C1
Microglia are specialized macrophages capable of phagocytosis that protect neurons of the central nervous system .,C1
The microglia are the macrophages of the nervous system .,C1
"However , during the 20th century the river deteriorated due to pollution .",C1
Secondary injuries are caused by fragmentation and other objects propelled by the explosion .,C1
"In short , a digital signal is a quantized discrete- time signal ; a discrete- time signal is a sampled analog signal .",C1
"The 1880 census determined the resident population of the United States to be 50,189,209 , an increase of 30.2 percent over the 38,555,983 persons enumerated during the 1870 Census .",C1
"There are many kinds of icosahedra , with some being more symmetrical than others .",C1
"There are infinitely many non-similar shapes of icosahedra , some of them being more symmetrical than others .",C1
The corresponding formation on the floor of the cave is known as a stalagmite .,C1
The corresponding formation on the floor underneath a stalactite is known as a stalagmite .,C1
Their plumage is mainly light chestnut brown with blackish spots on the upperside and buff with narrow blackish streaks on the underside ; the remiges are also blackish .,C1
"Octopuses can operate chromatophores in complex , wavelike displays , giving rapidly changing color schemes .",C1
Many projects have attempted to bridge the gap in knowledge caused by the Zone of Avoidance .,C1
It is still unclear what causes gestational diabetes .,C1
The precise mechanisms underlying gestational diabetes remain unknown .,C1
"Scallops are filter feeders , and eat plankton .",C1
Kodaikanal was established in 1845 as a resort town where people would come to find refuge from the high temperatures and tropical diseases of the plains .,C1
"Noncrystalline ceramics , being glass , tend to be formed from melts .",C1
"Non-crystalline ceramics : Non-crystalline ceramics , being glasses , tend to be formed from melts .",C1
"During December to March , the lake turns to a vibrant cobalt blue color , returning to a colder steel grey color for April to November .",C1
Organic synthesis is a special type of chemical synthesis .,C1
The upperside of the wings is dark reddish brown with the forewing sometimes having white submarginal spots .,C1
Renewable energy can also contribute to better health by providing energy to refrigerate medicine and sterilize medical equipment .,C1
"Furthermore , renewable can also provide energy to refrigerate medicine and sterilize medical equipment in rural areas where the access to electricity is difficult .",C1
The book has also been seen as an attempt to redefine masculinity as a necessary step toward the abolition of slavery .,C1
The oldest parts of the building have been dated by dendrochronology to 1094 .,C1
"For people who are unwilling or unable to take drugs regularly , injectable long-acting preparations of antipsychotics can be used .",C1
"For people who are unwilling or unable to take medication regularly , long-acting depot preparations of antipsychotics may be used to achieve control .",C1
After 1932 he withdrew from tournament play as his noted anthropophobia showed traces of schizophrenia during a mental breakdown .,C1
Chicken parmigiana is also a common dish in Australia and is often served with a side of chips or salad .,C1
The holotype specimen was likely not fully grown when it died .,C1
"In order to enable the promotion of all Form 3 students to Form 4 in the school , the school altered the class structure to a symmetrical one .",C1
"Bearded dragons do not vocalize , except to hiss softly when threatened .",C1
"In 2004 , the firm launched a policy orchestration initiative to integrate patch management , assessment and remediation of remote and mobile computers into its connectivity platform .",C1
"In 2004 , iPass launched a policy orchestration initiative to integrate patch management , assessment and remediation of remote and mobile computers into its connectivity platform .",C1
"The presence of the shell under the sand is revealed by a keyhole - shaped hole in the sand , made by its siphons during suspension feeding for plankton .",C1
"Its presence is revealed by a keyhole - shaped hole in the sand , made by its siphons during suspension feeding for plankton .",C1
Epidemiological practice and the results of epidemiological analysis make a significant contribution to health management,C1
"Cold seeps develop unique topography over time , where reactions between methane and seawater create carbonate rock formations and reefs .",C1
"Cold seeps change the shape of the ocean floor over time , where reactions between methane and seawater create carbonate rock formations and reefs .",C1
"There are a lot of quokkas living on the small offshore islands , because this is only a small area they are listed as vulnerable .",C1
"Although numerous on the small offshore islands , the quokka is classified as vulnerable .",C1
"Occasionally , novae are bright enough and close enough to Earth to be conspicuous to the unaided eye .",C1
Potassium iodate is sometimes used for iodination of table salt to prevent iodine deficiency .,C1
Potassium iodate is used to add iodine to salt .,C1
Pollinators are often visually attracted by the shape and colors of the labellum .,C1
Pollinators are often visually attracted by the shape and colors of the flower .,C1
The site was excavated in August 2008 and again in August 2009 and is considered to be an important find by archaeologists .,C1
Atomic physics always considers atoms in isolation .,C1
Cell division is more complex in eukaryotes than in other organisms .,C1
Cell reproduction is more complex in eukaryotes than in other organisms .,C1
It is a kind of prisoner 's dilemma : saving benefits each individual but damages the general population .,C1
In this form it represents a prisoner 's dilemma as saving is beneficial to each individual but deleterious to the general population .,C1
"The mineral form of potassium sulfate , arcanite , is relatively rare .",C1
Arcanite is the mineral form of potassium sulfate .,C1
"Because most of these beetles are found living in dead animals , they are studied in forensic entomology .",C1
These beetles are significant in forensic entomology .,C1
"Blood moves from the heart to arteries , which branch and narrow into smaller arteries , and then branch more into capillaries .",C1
"Blood flows from the heart through arteries , which branch and narrow into arterioles , and then branch further into capillaries where nutrients and wastes are exchanged .",C1
Not all parts of language are controlled mostly by the left hemisphere .,C1
Language is primarily localized in the left hemisphere .,C1
TUTTs sometimes brings a large amount of vertical wind shear over tropical disturbances in the deep tropics and cyclones and thus hinder their development .,C1
"Independence Day , the only holiday that celebrates the United States , is a national holiday marked by patriotic displays .",C1
Independence Day is a national holiday marked by patriotic displays .,C1
"It is a close relative of the mourning and eared doves , particularly the former and was at one time considered a subspecies .",C1
16 - bit applications all run in their own thread within a single preemptively multithreaded 32 - bit NTVDM process .,C1
"In 1903 and 1904 , Stumpf was involved in two public episodes about sensational phenomena .",C1
"In 1903 and 1904 , Stumpf was involved in two well - publicized debunking episodes related to sensational phenomena .",C1
Insect galls on plants give some herbivorous insects their own microhabitat .,C1
Insect galls are the highly distinctive plant structures formed by some herbivorous insects as their own microhabitats .,C1
A move similar to a sliding forearm smash in which a wrestler jumps down on an opponent driving their forearm into anywhere on the opponent 's body .,C1
"Although geographers are historically known as people who make maps , map making is actually the field of study of cartography , a subset of geography .",C1
"In Ancient Egyptian mythology , the deity Khnum was said to have formed the first humans on a potter 's wheel .",C1
"Japan is divided into 47 prefectures , each overseen by an elected governor , legislature and administrative bureaucracy .",C1
Hydrogen has three isotopes ; the others are called deuterium and tritium .,C1
The scouring action of the glaciers pulverizes minerals in the rock over which the glacier passes .,C1
"The song gained popularity in September 2016 , when a remix was uploaded onto the YouTube channel SiIvaGunner , where many memes and parody videos have been uploaded since .",C1
Bombards were replaced by weapons using smaller caliber iron shells with more powerful gunpowder .,C1
Eventually bombards were superseded by weapons using smaller caliber iron projectiles fired from longer barrels with more powerful gunpowder .,C1
Cattle are large grazing animals with two -toed or cloven hooves and a four-chambered stomach .,C1
Cattle are large quadrupedal ungulate mammals with cloven hooves .,C1
"While the trustee is given legal title to the trust property , in accepting title the trustee owes a number of fiduciary duties to the beneficiaries .",C1
"The apical complex includes vesicles called rhoptries and micronemes , which open at the anterior of the cell .",C1
"FGM may place women at higher risk of problems during pregnancy and childbirth , which are more common with the more extensive FGM procedures .",C1
Modern exact cladistic analyses have not been conclusive .,C1
"Another recently described rare , but serious , side effect is propofol infusion syndrome .",C1
A rare side effect of propofol is propofol infusion syndrome .,C1
The most basic form of rounding is to replace an arbitrary number by an integer .,C1
"The book suggests that consciousness can be considered separately from the brain , which provides a basis for claims of reincarnation .",C1
"This book claims that consciousness can be considered separately from the brain , which provides a basis for claims of reincarnation .",C1
NMR spectra databases correlate chemical structure with NMR data .,C1
Content featuring male bisexuality has been a growing trend since the advent of internet pornography .,C1
"Green manures are crops grown for the express purpose of plowing them in , thus increasing fertility through the incorporation of nutrients and organic matter into the soil .",C1
"Gastrotrichs demonstrate eutely , each species having an invariant genetically fixed number of cells as adults .",C1
Gastrotrichs are eutelic : each species has a genetically fixed number of cells as adults .,C1
"As an elliptical galaxy , Messier 49 has the physical form of a radio galaxy , but it only has the radio emission of a normal galaxy .",C1
"In HVDC monopole configuration , one of the terminals of the rectifier is connected to earth ground .",C1
In a monopole configuration one of the terminals of the rectifier is connected to earth ground .,C1
"In reality , cats possess the ability to turn themselves right side up in mid-air if they should fall upside-down , known as the cat righting reflex .",C1
Some professionals consider masturbation to function as a cardiovascular workout .,C1
Some people actually consider masturbation as a cardiovascular workout .,C1
"Geophysics is applied to societal needs , such as mineral resources , mitigation of natural hazards and environmental protection .",C1
"Studying geophysics may help with problems such as mineral resources , reducing natural hazards , and protecting the environment .",C1
Debian packages are standard Unix ar archives that include two gzipped or bzipped tar archives : one that holds the control information and another that contains the data .,C1
The position of the hymenium is traditionally the first characteristic used in the classification and identification of mushrooms .,C1
Where the hymenium is found is traditionally the first thing used to identify mushrooms or to group mushrooms into families .,C1
"Failure rate is usually time dependent , and an intuitive corollary is that the rate changes over time versus the expected life cycle of a system .",C1
"Because of their small size , dwarf galaxies have been observed being pulled toward and ripped by neighboring spiral galaxies , resulting in galaxy merger .",C1
Dwarf galaxies can be pulled toward and ripped by neighboring spiral galaxies till they ultimately merge .,C1
Crystallographic methods now depend on analysis of the diffraction patterns of a sample targeted by a beam of some type .,C1
"Magnesium reacted with an alkyl halide gives a Gringard reagent , which is a very useful tool for preparing alcohols .",C1
"Magnesium reacted with an alkyl halide gives a Grignard reagent , which is a very useful tool for preparing alcohols .",C1
Antibiotics have no effect against viral infections and thus have no effect against the common cold .,C1
Antibiotics have no effect against viral infections or against the viruses that cause the common cold .,C1
"He also showed that the continuum hypothesis cannot be disproved from the accepted axioms of set theory , if those axioms are consistent .",C1
"He also showed that neither the axiom of choice nor the continuum hypothesis can be disproved from the accepted axioms of set theory , assuming these axioms are consistent .",C1
Their song is mainly territorial : it communicates the identity and whereabouts of an individual to other birds of the same species .,C1
"The song in this clade is essentially territorial , because it communicates the identity and whereabouts of an individual to other birds , and also signals sexual intentions .",C1
Each Indian state has its own management directorate for panchayat towns .,C1
"It is well - known spa town , specialising in mud treatment for rheumatism and similar medical problems .",C1
"It is known as a spa , specialising in mud treatment for rheumatism and similar ailments .",C1
"The discovery of the H5 histone appears to date back to the 1970s , and it is now considered an isoform of Histone H1 .",C1
"Immediately after their senate confirmation , the emperors proceeded to the Castra Praetoria , the camp of the praetorian guard .",C1
The labrum is a second kind of cartilage in the shoulder which is distinctly different from the articular cartilage .,C1
The glenoid labrum is the second kind of cartilage in the shoulder which is distinctly different from the articular cartilage .,C1
"If a particle and antiparticle are in the appropriate quantum states , then they can annihilate each other and produce other particles .",C1
Particle- antiparticle pairs can annihilate each other if they are in appropriate quantum states .,C1
"After New Zealand abolished its provinces in 1876 , a system of counties similar to other countries ' systems was instituted , lasting until 1989 .",C1
"Algebraic geometry occupies a central place in modern mathematics and has multiple conceptual connections with such diverse fields as complex analysis , topology and number theory .",C1
"The endocrine system consists of several glands , all in different parts of the body , that secrete hormones directly into the blood rather than into a duct system .",C1
The endocrine system consists of several glands in different parts of the body .,C1
Behavior is linked to the nervous system as well as the endocrine system .,C1
Chronic hepatitis C is defined as infection with the hepatitis C virus persisting for more than six months based on the presence of its RNA .,C1
A person has chronic Hepatitis C if he has been infected with the Hepatitis C virus for more than six months .,C1
"Before the dawn of man and beast , Immortals waged war against each other in Heaven .",C1
"Slackware is known as a highly customizable distribution , generally considered a distribution for expert users .",C1
Slackware is known as a highly customizable distribution that stresses ease of maintenance and reliability over cutting -edge software and automated tools .,C1
"For many years , efforts to discover brown dwarves were fruitless .",C1
"The skin is covered in controllable chromatophores of different colors , enabling the squid to match its coloration to its surroundings .",C1
Hemorrhoids are diagnosed by a doctor .,C1
Hemorrhoids are typically diagnosed by physical examination .,C1
"However , mitochondrial DNA only reflects the history of females in a population .",C1
"However , mitochondrial DNA reflects only the history of the females in a population and so may not represent the history of the population as a whole .",C1
"Enzymes , which are chiral , often distinguish between the two enantiomers of a chiral substrate .",C1
"Enzymes , which are chiral , usually only work with one enantiomer of a chiral substrate .",C1
"Barium hydroxide is used in analytical chemistry for the titration of weak acids , particularly organic acids .",C1
Barium hydroxide is used in titrations .,C1
"Directly subordinate to the Assistant Commissioners are approximately 40 Chief Superintendents , about half of whom supervise what are called Divisions .",C1
"All of these animals are omnivores , but have different feeding behaviors and favorite foods .",C1
"All of these animals are omnivores , yet still fall into special niches in terms of feeding behavior and preferred foods .",C1
"In contrast to the forelimbs , the three - toed hindlimbs were long and thick , supporting the body in a bipedal posture .",C1
"The inclination of Earth 's orbit drifts up and down relative to its present orbit with a cycle having a period of about 70,000 years .",C1
Making use of dyes he was able to find a structure which he named chromatin .,C1
"Until the early 20th century , arsenic was frequently used as an embalming fluid , until it was supplanted by other more effective and less toxic chemicals .",C1
"Before the event went live on pay-per-view , an 18 - man interpromotional battle royal was held .",C1
"Before the event went live on pay-per-view , a dark match was held which was an 18 - man interpromotional battle royal .",C1
The hazel dormouse requires a variety of arboreal foods to survive .,C1
The hazel dormouse needs different food sources at different times of year to survive .,C1
Textiles have been a fundamental part of human life since the beginning of civilization .,C1
The shrub reaches 1.5 m by 1.5 m. Its flowers are hermaphrodite and are pollinated by insects .,C1
The shrub reaches 1.5 m by 1.5 m. Its flowers are hermaphrodite .,C1
Income is strongly correlated with quality of prenatal care .,C1
"Eukaryotic cells , including human cells , have a highly evolved process of secretion .",C1
"This genere , the offspring of the contradanza , was also danced in lines or squares .",C1
"Until the 1990s , there was little historical analysis of the events because of official censorship and lack of academic interest .",C1
"Until the 1990s , historical analysis of the events remained superficial because of official censorship and lack of academic interest .",C1
"It is important to distinguish between sex-linked characters , which are controlled by genes on sex chromosomes , and two other categories .",C1
Sex -linked characters controlled by genes on sex chromosomes are not the only kind of sex-related characters .,C1
Gorgoneia that decorate the shields of warriors on mid-fifth century Greek vases are considerably less grotesque and menacing .,C1
"Gorgoneia painted on the shields of warriors on mid-5th century Greek vases are not as ugly , strange or frightening .",C1
The new technology enabled rapid identification and deliberate alteration of genes for the purpose of changing the characteristics of an organism .,C1
"Crombie died in New York City , New York from a cerebral hemorrhage , aged 48 .",C1
Peat forms when plant material does not fully decay in acidic and anaerobic conditions .,C1
"Peat forms when plant material , usually in marshy areas , is inhibited from decaying fully by acidic and anaerobic conditions .",C1
"The molecular structure of mauveine proved difficult to determine , finally being identified in 1994 .",C1
Workers who were exposed to xanthan gum dust developed allergy - like symptoms from breathing in the dust .,C1
Evaluation of workers exposed to xanthan gum dust found evidence of a link to respiratory symptoms .,C1
The MHC genes are highly polymorphic .,C1
The MHC genes are highly polymorphic ; many different alleles exist in the different individuals inside a population .,C1
"The murids are classified in five subfamilies , around 150 genera and about 710 species .",C1
A cheese fondue would be kept at a temperature warm enough to keep the fondue smooth and liquid but not at a great heat to cause burning .,C1
A cheese fondue mixture should be kept warm enough to keep the fondue smooth and liquid but not so hot that it burns .,C1
All echinoderms have fivefold radial symmetry in their body at some stage of life .,C1
Echinoderms exhibit secondary radial symmetry in portions of their body at some stage of life .,C1
RNA viruses have very high mutation rates compared to DNA viruses .,C1
"The primary objective of the mission is to develop the technologies required for designing , planning , management and operations of an interplanetary mission .",C1
The main goal of the mission is to develop the technologies needed for interplanetary missions .,C1
"The name comes from the fact that calligraphy - inspired typefaces were first designed in Italy , to replace documents traditionally written in a handwriting style called chancery hand .",C1
"Calligraphy - inspired typefaces were first designed in Italy , to replace documents written in a handwriting style called chancery hand .",C1
Twenty - eight merchant ships laden with more than 34000 ST of cargo were sunk or destroyed ; three ships carrying a further 7500 ST were later salvaged .,C1
"Of knightly extraction , it has proofs of its nobility going back as far as 1265 .",C1
Chlorophyll molecules are arranged in and around the membranes of chloroplasts .,C1
"The bones were those of a very short man , little over four feet tall , who may have suffered from a form of congenital dwarfism .",C1
Most of the energy released in gravitational collapse is emitted very quickly .,C1
"While most of the energy released during gravitational collapse is emitted very quickly , an outside observer does not actually see the end of this process .",C1
"At the end of the war , he moved to Paris and resumed working almost exclusively in charcoal and lithography .",C1
"At the end of the war , he moved to Paris , working almost only in charcoal and lithography .",C1
"With advances in medicinal chemistry , most of today 's antibacterials chemically are modifications of various natural compounds .",C1
"With advances in medicinal chemistry , most modern antibacterials are semisynthetic modifications of various natural compounds .",C1
"Angling is the principal method of sport fishing , but commercial fisheries also use angling methods such as longlining or trolling .",C1
"Scholars have proposed multiple hypotheses about when , where , and by whom PIE was spoken .",C1
The distinctive horns and the muscular neck may have been used in fighting conspecifics .,C1
"They are equipped with mobile units discovered , such as jeeps or convertibles , thanks to which they can quickly reach the required events .",C1
"Starting around the 14th century , the word referred originally to the roughness of woven cloth before it was sheared .",C1
"The five color theorem is implied by the stronger four color theorem , but is considerably easier to prove .",C1
"The nine- banded armadillo also serves science through its unusual reproductive system , in which four genetically identical offspring are born , the result of one original egg .",C1
"The nine- banded armadillo has an unusual reproductive system , in which genetically identical quadruplets are born in each litter .",C1
"The bridge 's movements were caused by a'positive feedback ' phenomenon , known as synchronous lateral excitation .",C1
"If hypotheses may be drawn from knowledge of other deep-sea cephalopods , the vampire squid likely reproduces slowly by way of a small number of large eggs .",C1
"The cluster contains a dozen of O-type main sequence stars , of which at least three are eclipsing binaries .",C1
"The cluster contains at least a dozen early O stars , of which at least three are eclipsing binaries .",C1
The genre itself was defined as a separate movement from post- punk due to its darker music accompanied by introspective and romantic lyrics .,C1
Free vibration occurs when a mechanical system is set in motion with an initial input and allowed to vibrate freely .,C1
Free vibration occurs when vibration is set off with a push and allowed to vibrate freely .,C1
Inflammation is one of the first responses of the immune system to pathogens or foreign substances that get past the anatomical barriers .,C1
The country 's provinces are further divided into 337 municipalities which are administered by an alcalde and municipal council .,C1
The five subspecies of the short- beaked echidna are each found in different geographical locations .,C1
There are five subspecies of the short- beaked echidna .,C1
"Hamsters are more crepuscular than nocturnal and , in the wild , remain underground during the day to avoid being caught by predators .",C1
"In the wild , hamsters are crepuscular and stay underground during the day .",C1
"Historically , a constable could also refer to a castellan , the officer charged with the defense of a castle .",C1
Type designers have called oblique as less organic and calligraphic than italics .,C1
"Type designers have described oblique type as less organic and calligraphic than italics , which in some situations may be preferred .",C1
The executive branch is headed by the president and is formally independent of both the legislature and the judiciary .,C1
The executive branch is mostly about the President and is independent of the legislature .,C1
"Critical to the science , trees from the same region tend to develop the same patterns of ring widths for a given period of chronological study .",C1
"In the internationally publicized legal proceedings that followed , eight anarchists were convicted of conspiracy .",C1
Healthy gums usually have no reaction to normal disturbance such as brushing or periodontal probing .,C1
"In the United States , about 2 % of people have chronic hepatitis C.",C1
All known nudibranchs are carnivorous .,C1
Most nudibranchs are carnivorous .,C1
"After emerging from the brain , the cranial nerves travel within the skull , and some must leave this bony compartment in order to reach their destinations .",C1
"A factoring system was created for para-alpine skiing to allow the grouping of classifications into three general groups : sitting , standing and visually impaired .",C1
"Electropositivity is a measure of an element 's ability to donate electrons , and form positive ions .",C1
"Electropositivity is a measure of an element 's ability to donate electrons , and therefore form positive ions ; thus , it is opposed to electronegativity .",C1
The great crested grebe has an interesting mating ritual .,C1
The great crested grebe has an elaborate mating display .,C1
The witches gather around a cauldron in a dark cave .,C1
"Although members of the order Sparassodonta showed many similarities with placental carnivores , they were not closely related and are a very good example of convergent evolution .",C1
"Members of the order Sparassodonta showed many similarities with placental carnivora , but they were not closely related .",C1
"Tuning forks also play a role in several alternative therapy practices , such as sonopuncture and polarity therapy .",C1
"Tuning forks are also used in alternative medicine , such as sonopuncture and polarity therapy .",C1
In the razor shell sexual development is highly synchronous : eggs and sperms are shed at the same time .,C1
In the razor shell sexual development is highly synchronous .,C1
"The Canons were not intended to be a comprehensive explanation of Reformed doctrine , but only an exposition on the five points of doctrine in dispute .",C1
Potassium fluoride is made by reacting potassium carbonate with hydrofluoric acid .,C1
Potassium fluoride is prepared by dissolving potassium carbonate in excess hydrofluoric acid .,C1
"A kind of skin cell called a keratinocyte moves itself by rolling , as part of the process of healing .",C1
"Keratinocytes , a type of skin cell , migrate with a rolling motion during the process of wound healing .",C1
"In pre-modern society , the ordeal typically ranked along with the oath and witness accounts as the central means by which to reach a judicial verdict .",C1
"In pre-modern society , the ordeal typically was done together with the oath and witness accounts as the central means by which to reach a verdict .",C1
Emission nebulae sometimes look like they have dark areas in them .,C1
"Phytohormones are found across the plant kingdom , and even in algae , where they have similar functions to those seen in higher plants .",C1
"Phytohormones are found not only in higher plants , but in algae too , with similar functions .",C1
Potassium ions are very important to organisms .,C1
Potassium ions are vital for the functioning of all living cells .,C1
The function of the reaction center chlorophyll is to use the energy transferred to it from the other chlorophyll pigments to undergo a specific redox reaction .,C1
The function of the reaction center of chlorophyll is to absorb light energy and transfer it to other parts of the photosystem .,C1
He died on 21 June 2014 from acute respiratory failure after being hospitalized with pneumonia .,C1
"He died on June 21 , 2014 from acute respiratory failure after being hospitalized with pneumonia , aged 88 .",C1
"Since the mid 20th century , citadels commonly enclose military command and control centers , rather than cities or strategic points of defense on the boundaries of a country .",C1
The orbits of centaurs are unstable due to perturbations by the giant planets .,C1
Boiling tubes are commonly made from Pyrex glass which can tolerate high temperatures .,C1
"During an autopsy , bruises accompanying abrasions indicate the abrasions occurred while the individual was alive , as opposed to damage incurred post mortem .",C1
"During an autopsy , bruises accompanying abrasions indicate the abrasions occurred while the person was alive , as opposed to damage that occurred after death",C1
"Ethnic separatism is based more on cultural and linguistic differences than religious or racial differences , which also may exist .",C1
Ethnic separatism is based more on differences in culture and language than religious or racial differences .,C1
"The garrison consisted of infantry or cavalry auxilia , not components of Roman legions .",C1
"The garrison were auxiliaries , Roman infantry or cavalry units , not parts of Roman legions .",C1
"Germany is a federal , parliamentary , representative democratic republic .",C1
These enzymes are found in bacteria and archaea and provide a defence mechanism against invading viruses .,C1
"Resonant loop antennas are relatively large , governed by the intended wavelength of operation .",C1
"The adversarial system is the two -sided structure under which criminal trial courts operate , putting the prosecution against the defense .",C1
"Plant breeding started with sedentary agriculture and particularly the domestication of the first agricultural plants , a practice which is estimated to date back 9,000 to 11,000 years .",C1
"Swift died at home in London from respiratory failure on 1 February 2019 , aged 82 .",C1
"Steppenwolf is an immortal with superhuman strength , speed and stamina appropriate to his race .",C1
"Steppenwolf is an immortal with vast superhuman strength , endurance and speed , capable of lifting about one hundred tons and jumping huge distances easily .",C1
"So , in normal diploid organisms , chromosomes are present in two copies .",C1
"So , in normal diploid organisms , autosomal chromosomes are present in two copies .",C1
A person with astraphobia will often feel anxious during a thunderstorm even when they understand that the threat to them is minimal .,C1
"Dumor died suddenly on 18 January 2014 , in London after suffering cardiac arrest .",C1
"Elliptical galaxies range in shape from nearly spherical to nearly flat , and in size from hundreds of millions to over one trillion stars .",C1
Elliptical galaxies range in size from tens of millions to over one hundred trillion stars .,C1
Walls that use large stones put together without any attempt at courses is called rubble walling .,C1
"The order includes about 2500 - 2800 species from 85 - 90 genera , which comprise seven families of trees and shrubs .",C1
The drought caused a lot of desertification .,C1
One effect of the drought was widespread desertification .,C1
"Cenote water is often very clear , as the water comes from rain water infiltrating slowly through the ground .",C1
"Cenote water is often very clear , as the water comes from rain water filtering slowly through the ground , and therefore contains very little suspended particulate matter .",C1
Histones undergo posttranslational modifications that alter their interaction with DNA and nuclear proteins .,C1
"If an algebraic equation is over the rationals , it can always be converted to an equivalent one , where all the coefficients are integers .",C1
A polynomial equation over the rationals can always be converted to an equivalent one in which the coefficients are integers .,C1
A tandem repeat pattern helps determine an individual 's inherited traits .,C1
Most dolmen constructions they were build using stone slabs of big dimensions .,C1
"The elytra act as protective wing -cases for the hind wings underneath , which are used for flying .",C1
"The elytra primarily serve as protective wing -cases for the hindwings underneath , which are used for flying .",C1
"In the 1930 season , the league considerably liberalized the passing rules , effectively eliminating offsides .",C1
"Most of the finer sort of medieval manuscripts , whether illuminated or not , were written on vellum .",C1
Most of the best sort of medieval manuscripts were written on vellum .,C1
"Gregorian chant was traditionally sung by choirs of men and boys in churches , or by men and women of religious orders in their chapels .",C1
"The parish is entirely rural in character , the northeast being moorland and the southwest lower lying farmland .",C1
"At the base of the bacterial flagellum , where it enters the cell membrane , a motor protein acts as a rotary engine .",C1
Advances in semiconductor technology reduced transistor size ; multicore CPUs have appeared where multiple CPUs are implemented on the same silicon chip .,C1
"Besides material characterization , the material scientist or engineer also deals with extracting materials and converting them into useful forms .",C1
Blobfish are often caught accidentally in bottom trawling nets .,C1
"Adult and larval leaf beetles feed on all sorts of plant tissue , and all species are fully herbivorous .",C1
"As a seasonal folivore and frugivore , the proboscis monkey eats primarily fruit and leaves .",C1
"Although American units were usually able to replenish their numbers quickly , the replacements rarely had sufficient tactical training .",C1
Linear regression was the first type of regression analysis to be studied rigorously .,C1
"Linear regression was the first type of regression analysis to be studied rigorously , and to be used extensively in practical applications .",C1
"With unarticulated wheels , climbing obstacles will cause the body of a vehicle to tilt .",C1
"Until recently , people thought only vertebrates had electroreception .",C1
"Until recently , electroreception was known only in vertebrates .",C1
Some carbocations such as the 2 - norbornyl cation exhibit more or less symmetrical three - center two -electron bonding .,C1
"Perjury is considered a serious offense , as it can be used to usurp the power of the courts , resulting in miscarriages of justice .",C1
"Tonic immobility has also been said to occur in humans that are subject to intense trauma , such as rape or sexual assault .",C1
Thermal resistivity is the opposite of thermal conductivity .,C1
"Together with stratigraphic principles , radiometric dating methods are used in geochronology to establish the geologic time scale .",C1
"Historically , many rhizarians were considered animals because of their motility and heterotrophy .",C1
"Historically , many rhizarians were considered animals , with their movement and heterotrophy as justification .",C1
Oats are also commonly used as feed for horses when extra carbohydrates and the subsequent boost in energy are required .,C1
"Black contributed to basic scientific and clinical knowledge in cardiology , both as a physician and as a basic scientist .",C1
Flora and fauna are relatively scarce due to the harsh climate .,C1
The two most common quantifiers are the universal quantifier and the existential quantifier .,C1
Bangladesh is used as a transit route for narcotics produced in neighboring countries .,C1
The rugged coastline has been the scene of a number of shipwrecks .,C1
Cerebellar ataxia is ataxia that is caused by a problem with a person 's cerebellum .,C1
The term cerebellar ataxia is used to indicate ataxia that is due to dysfunction of the cerebellum .,C1
"Kodkods are equally active during the day and during the night , although they only venture into open terrain under the cover of darkness .",C1
"New Zealand is a constitutional monarchy with a parliamentary democracy , although its constitution is not codified .",C1
New Zealand is a constitutional monarchy and parliamentary democracy .,C1
Chemical vapor deposition is also a widely used high temperature method for the preparation of coatings and semiconductors from molecular precursors .,C1
"This concept is useful when considering degenerate conics , which may include the cylindrical conics .",C1
"This is useful in the definition of degenerate conics , which require considering the cylindrical conics .",C1
Naloxone is useful both in acute opioid overdose and in reducing respiratory or mental depression due to opioids .,C1
Naloxone can be used to reverse opioid overdose and to reduce the slowed breathing or mental depression that opioids can cause .,C1
"Van Vollenhoven was diagnosed with a Melanoma , a common type of skin cancer , in May 2017 .",C1
Van Vollenhoven was diagnosed with melanoma twice in May 2017 and in November 2017 .,C1
"Many solids react readily with reactive gases such as chlorine , iodine , oxygen or others .",C1
"Many solids react vigorously with reactive gas species like chlorine , iodine , oxygen etc .",C1
The Red Crown frequently is mentioned in texts and depicted in reliefs and statues .,C1
A hydraulis is an early type of pipe organ that operated by converting the dynamic energy of water into air pressure to drive the pipes .,C1
A hydraulis is an early type of pipe organ that was powered by water .,C1
This list is in chronological order by genus .,C1
"Researchers in molecular biology use specific techniques that are typical for molecular biology , but they combine these with techniques and ideas from genetics and biochemistry .",C1
"Test pilots must have an excellent knowledge of aeronautical engineering , in order to understand how and why planes are tested .",C1
B. F. Skinner was responsible for a different type of machine which used his ideas on how learning should be directed with positive reinforcement .,C1
"As an architectural ornament , spires are most consistently found on Christian churches , where they replace the steeple .",C1
Dredge nets have a gross mesh in order to let organisms smaller than the target organisms through .,C1
"The European spadefoot toads are small - to large-sized frogs , up to 10 cm in length , which are often inconspicuously colored .",C1
"During late April , the Japanese submarines and reconnoitered the area where landings were planned .",C1
Alternation between a multicellular diploid and a multicellular haploid generation is never encountered in animals .,C1
Pamphlets can contain anything from information on kitchen appliances to medical information and religious treatises .,C1
Algae have evolved a number of symbiotic partnerships with other organisms .,C1
The company was also the first in the industry to develop a gas-fired generator to produce electricity for cathodic protection to fight corrosion on pipelines .,C1
The company was also the first in the industry to make a gas-fired generator to electrify pipelines so they would n't corrode so much .,C1
"In 2010 , he came out as homosexual , after previously describing himself as bisexual .",C1
Congenital syphilis is spread from a mother to her fetus during pregnancy or childbirth .,C1
Congenital syphilis is that which is transmitted during pregnancy or during birth .,C1
Opium poppy cultivation and drug trafficking have important role in the political and economic situation of Afghanistan for last twenty - five years .,C1
"The ovary typically develops into a capsule that splits along three or six longitudinal slits , while remaining closed at both ends .",C1
"The ovary typically develops into a capsule that is dehiscent by three or six longitudinal slits , while remaining closed at both ends .",C1
"Early Cybermen had an unsettling , sing-song voice , constructed by placing the inflections of words on the wrong syllables .",C1
"For many years , many scientists thought that the frontal lobe was comparatively larger in humans than in other primates .",C1
Many scientists had thought that the frontal lobe was disproportionately enlarged in humans compared to other primates .,C1
"The botanical exhibits are organized according to their origin in free-air or climatized greenhouses , which also contain numerous tropical and subtropical plants .",C1
A dialdehyde is a molecule with two aldehydes .,C1
A dialdehyde is an organic chemical compound with two aldehyde groups .,C1
"In the late 1800s , anarchist naturism appeared as the union of anarchist and naturist ideas .",C1
"In the late 19th century , anarchist naturism appeared as the union of anarchist and naturist philosophies .",C1
"The disease was first reported in January 2007 in New York caves , although it was retrospectively detected in a photograph taken in early 2006 .",C1
"Because of their abundance , seamounts are one of the most common marine ecosystems in the world .",C1
"Context switches are usually computationally intensive , and much of the design of operating systems is to optimize the use of context switches .",C1
Igneous rocks can be classified according to chemical or mineralogical parameters .,C1
"Much debate exists among taxonomists about which races of pocket gophers should be recognized as full species , and the following list cannot be regarded as definitive .",C1
There has been much debate among taxonomists about which races of pocket gopher should be recognized as full species .,C1
"A feral population can have a significant impact on an ecosystem by predation on vulnerable plants or animals , or by competition with indigenous species .",C1
"A feral population can damage an ecosystem by eating vulnerable plants or animals , or by competition with indigenous species .",C1
The heat index is referenced to any combination of air temperature and humidity where the partial pressure of water vapor is equal to a baseline value of 1.6 kPa .,C1
The heat index is defined so as to equal the actual air temperature when the partial pressure of water vapor is equal to a baseline value of 1.6 kPa .,C1
Wood is a natural composite of cellulose fibres in a matrix of lignin .,C1
Building construction is the process of adding structure to real property or construction of buildings .,C1
"Treatment for cerebrovascular disease may include medication , lifestyle changes and / or surgery , depending on the cause .",C1
"Treatment for cerebrovascular disease includes medication , lifestyle changes and surgery .",C1
"Inductors are also used in electrical transmission systems , where they are used to lower the amount of voltage an electrical device gives off or lower the fault current .",C1
"Philosophy , Epictetus taught , is a way of life and not just a theoretical discipline .",C1
Epictetus taught that philosophy is a way of life and not just a theoretical discipline .,C1
"However , it is an extremely persistent organic pollutant ; it does not degrade easily .",C1
"If schizophrenia is caused by bad communication between mother and child , then family interaction studies become relevant .",C1
"Some materials studied using crystallography , proteins for example , do not occur naturally as crystals .",C1
"Some materials that have been analyzed crystallographically , such as proteins , do not occur naturally as crystals .",C1
"New species have been created by animal husbandry , but the dates and methods of the initiation of such species are not clear .",C1
Equivalently it is the combination of a rotation and an inversion in a point on the axis .,C1
"In 3D , equivalently it is the combination of a rotation and an inversion in a point on the axis .",C1
Intellectual property laws such as copyrights and patents have the effect of converting some intangible goods to scarce goods .,C1
"Now modern CPUs have multiple parallel execution units , referred to as scalar or superscalar design .",C1
"It is common for modern CPUs to have multiple parallel execution units , which is referred to as superscalar design .",C1
The tombstones usually have some inscriptions .,C1
Several gene families are involved in the processes of hyperaccumulation including upregulation of absorption and sequestration of heavy metal metals .,C1
Several gene families are involved in hyperaccumulation including absorbing and storing heavy metals .,C1
"Both of these industrial quarters were almost entirely destroyed during World War II , with the bombings of a single night from 3 February 1945 .",C1
"There are over 2,600 cases of bacterial meningitis in the United States per year .",C1
Positive latitudes are north of the equator and less than zero latitudes are south of equator .,C1
"Positive latitudes are north of the equator , negative latitudes are south of the equator .",C1
The penalty for high treason is life imprisonment .,C1
"The work is anonymous , although there has been extensive speculation on the author 's identity .",C1
Many foods can trigger anaphylaxis ; this may occur upon the first known ingestion .,C1
"Pseudogenes are generally thought of as the last stop for genomic material that is to be removed from the genome , so they are often labeled as junk DNA .",C1
"Because pseudogenes were initially thought of as the last stop for genomic material that could be removed from the genome , they were often labeled as junk DNA .",C1
"Short 's unsolved murder and the details surrounding it have had a lasting cultural intrigue , generating various theories and public speculation .",C1
"In his weakest form , Frieza is a relatively short humanoid with a large chestnut - shaped skull and two horns .",C1
"Later during the 20th century , the concept of pteridosperms was expanded to include various Mesozoic groups of seed plants with fern-like fronds .",C1
Earth 's orbit is an ellipse .,C1
The Earth 's orbit approximates an ellipse .,C1
Researchers have also found the effects of illusory superiority in studies into relationship satisfaction .,C1
Natural and contaminant organometallic compounds are found in the environment .,C1
The observation that living things inherit traits from their parents has been used since prehistoric times to improve crop plants and animals through selective breeding .,C1
Cadmium sulfate is used to electroplate cadmium on electronic circuits .,C1
Cadmium sulfate is used widely for the electroplating of cadmium in electronic circuits .,C1
"The new house seats 1,750 and is elliptical in shape with a large orchestra level and 37 boxes around its perimeter .",C1
The metatarsal bones are often broken by association football players .,C1
Lichenometry is a method of dating exposed rock by using the growth of lichen .,C1
Lichenometry is a technique used to determine the age of exposed rock surfaces based on the size of lichen thalli .,C1
"An epigenetic effect heterosis has been found in plants , and also in animals .",C1
Many island rails are flightless because small island habitats without mammalian predators eliminate the need to fly or move long distances .,C1
"With around 10,000 species the Oligochaetes make up about a half of the phylum Annelida .",C1
"With around 10,000 known species , the Oligochaeta make up about half of the phylum Annelida .",C1
"Though the shock at the slaughter was enormous , the Romans immediately began a slow , systematic process of preparing for the reconquest of the country .",C1
Leaf insects are camouflaged taking on the appearance of leaves .,C1
"Ambush predators or sit-and - wait predators are carnivorous animals or other organisms , such as some carnivorous plants .",C1
Ambush or sit-and - wait predators are carnivorous animals that capture prey by stealth or surprise .,C1
"In some jurisdictions , schools are required to conduct regular tornado drills , though generally less frequently than fire drills .",C1
Today laser engraving machines are in development but still mechanical cutting has proven its strength in economical terms and quality .,C1
"Now , laser engraving machines are being made and even today the mechanical cutting has proven its strength in economical terms and quality .",C1
"Normal wear and tear is pitting from cavitation , fatigue cracking , and abrasion from suspended solids in the water .",C1
"Normal wear and tear includes pitting corrosion from cavitation , fatigue cracking , and abrasion from suspended solids in the water .",C1
Recent research has shown that lithium has been effective with lowering the risk of suicide in those with bipolar disorder to the same levels as the general population .,C1
Recent research shows that lithium lowers the risk of suicide for people with bipolar disorder .,C1
"Holland died of complications of cardiovascular disease on December 24 , 2017 , at the age of 89 .",C1
"Over the years , the novel has been subject to various interpretations , primarily focusing on the historical role of book burning in suppressing dissenting ideas .",C1
The novel has been the subject of interpretations focusing on the historical role of book burning in suppressing dissenting ideas for change .,C1
"Lactose intolerance is distinct from milk allergy , an immune response to cow 's milk proteins .",C1
"Lactose intolerance is not the same as milk allergy , which is an immune reaction to some of the proteins in milk .",C1
Radiation therapy is used on tumors because of its ability to control cell growth .,C1
"Without treatment , an acute attack of gout usually resolves in five to seven days ; however , 60 % of people have a second attack within one year .",C1
"The water , having been separated from the air , leaves the camera aeolis at the same speed as it enters .",C1
The central stars of planetary nebulae are very hot .,C1
The bacteria that cause urinary tract infections usually go into the bladder from the uretha .,C1
Not every conjecture can be proven true or false .,C1
Not every conjecture ends up being proven true or false .,C1
"Polonium has 33 isotopes , and all of them are radioactive .",C1
"Polonium has 42 known isotopes , all of which are radioactive .",C1
"The region has steep , glacier - carved mountains , glens and interspersed plains .",C1
"Arachnids produce digestive juices in their stomachs , and use their pedipalps and chelicerae to pour them over their dead prey .",C1
A key feature of NMR is that the resonance frequency of a particular simple substance is usually directly proportional to the strength of the applied magnetic field .,C1
It was the mathematical aspect of surveying that led him to exploring the geometrical significance of complex numbers .,C1
"Moths , usually their caterpillars , are a major farm pest in many parts of the world .",C1
"It is held in many mental health circles that masturbation can relieve depression , stress and lead to a higher sense of self-worth .",C1
The traditional cuisine is famous for an abundance of vegetables and greens used seasonally in the dishes .,C1
"A battle between the wilds and pets ensues , with the Pet Paradiso security focused on tranquilizing the wilds .",C1
There was a smallpox epidemic in 1839 that killed a large part of the population of the area .,C1
"Some obligate anaerobes use fermentation , while others use anaerobic respiration .",C1
This is judged to be one of the pivotal battles in the control of Indian subcontinent by the colonial powers .,C1
Viral infections in animals provoke an immune response that usually eliminates the infecting virus .,C1
"On Earth , most basalt magmas have formed by melting of the mantle .",C1
"On Earth , most basalt magmas have formed by decompression melting of the mantle .",C1
"The test vehicle , which was used as an atmospheric drop test glider , had no propulsion system .",C1
It is possible for the frenulum of the penis to tear during sexual activity .,C1
It is possible for the frenulum to tear during sexual activities .,C1
Observations of atmospheric chemistry are essential to our understanding .,C1
"Many traditional wood joinery techniques use the distinctive material properties of wood , often without resorting to mechanical fasteners or adhesives .",C1
The authority of appellate courts to review the decisions of lower courts varies widely from one jurisdiction to another .,C1
The of appellate courts to review decisions of lower courts varies widely from one jurisdiction to another .,C1
Typically the inner container is immersed about halfway into the working liquid .,C1
"The tits are insectivorous , and eat a wide range of small insects and other invertebrates , particularly small leaf-eating caterpillars .",C1
Sometimes certain types of amnesia fix themselves without being treated .,C1
The nautilus shell is one of the finest natural examples of a logarithmic spiral .,C1
"The nautilus shell presents one of the finest natural examples of a logarithmic spiral , although it is not a golden spiral .",C1
"Humans play a key role in the biosphere , with the large human population dominating many of Earth 's ecosystems .",C1
"Much of the classical guitar repertoire is in E minor , as this is a very natural key for the instrument .",C1
A neutral atom has the same number of electrons as protons .,C1
"It has often been noted for its complex lightcurves , which made finding its shape and rotation somewhat hard .",C1
The flattened bodies of stingrays allow them to effectively conceal themselves in their environments .,C1
"Hedgehogs are nocturnal , but gymnures are less so .",C1
"Hedgehogs are nocturnal , but gymnures are less so , and may be active during the day .",C1
"Chlorophyll is vital for photosynthesis , which allows plants to absorb energy from light .",C1
"Chlorophyll is necessary for photosynthesis , which allows plants to obtain energy from light .",C1
The letter 'h ' is used to represent aspirated consonants .,C1
The letter 'h ' is used to aspirate certain consonants .,C1
No terrestrial globes from Antiquity or the Middle Ages have survived .,C1
"In recent times , tropical disturbances that reach tropical storm intensity are named from a predetermined list .",C1
"Hawks , like most vertebrates , have four types of color receptors in the eye .",C1
There is little evidence that using preventative antibiotics decreases urinary tract infections in children .,C1
The evidence that preventive antibiotics decrease urinary tract infections in children is poor .,C1
Most coral reefs were formed after the last glacial period when melting ice caused sea level to rise and flood continental shelves .,C1
"A flounder 's food is mainly fish spawn , crustaceans , polychaetes and small fish .",C1
"No firm dates can be assigned to this Emperor 's life or reign , but he is conventionally considered to have reigned from 507 to 531 .",C1
"Herbivores are dependent on plants for food , and have evolved mechanisms to obtain this food despite the evolution of a diverse arsenal of plant defenses .",C1
"Herbivores depend on plants for food , and have evolved mechanisms to get this food despite the evolution of many plant defences .",C1
"Under some conditions , such as extremely low temperature , some ceramics show superconductivity .",C1
"A frequency distribution is said to be skewed when its mean and median are different , or more generally when it is asymmetric , depending on the textbook .",C1
A frequency distribution is said to be skewed when its mean and median are different .,C1
Renewable energy projects in many developing countries have demonstrated that renewable energy can directly contribute to poverty alleviation by providing the energy needed for creating businesses and employment .,C1
"There are two objects , one convex and one nonconvex , that can both be called regular icosahedra .",C1
"There are two objects , one convex and one concave , that can both be called regular icosahedra .",C1
Metics typically shared the burdens of citizenship without any of its privileges .,C1
There is marked sexual dimorphism in this species .,C1
There is some sexual dimorphism in this species .,C1
"Because metals are good conductors of electricity , they are valuable in electrical appliances and for carrying an electric current over long distances with little energy loss or dissipation .",C1
"The dorsal and anal fins are divided into anterior spiny and posterior soft-rayed portions , which may be partially or completely separated .",C1
"The dorsal and anal fins are divided into front spiny and back soft-rayed portions , which may be partially or completely separated .",C1
"In Hydrology , dissipation is the process of converting mechanical energy of downward flowing water into thermal and acoustical energy .",C1
Dissipation is the process of converting mechanical energy of downward - flowing water into thermal and acoustical energy .,C1
"The symptoms of strep throat usually improve within three to five days , irrespective of treatment .",C1
Spontaneous abortions occur in various mammals .,C1
"In August and September 2011 the statue was vandalized three times , most recently being splashed with red paint .",C1
"In some groups , the elytra are fused together , rendering the insect flightless .",C1
"The primary application of cheminformatics is in the storage , indexing and search of information relating to compounds .",C1
The primary application of cheminformatics is in the storage of information relating to compounds .,C1
"A stream cipher makes use of a much smaller and more convenient cryptographic key , for example 128 bits keys .",C1
"Later ornithopods became larger , but never rivaled the incredible size of the long-necked , long-tailed sauropods that they partially supplanted .",C1
"Later ornithopods became larger , but never reached the huge size of the long-necked , long-tailed sauropods which they largely replaced .",C1
"Praxidike belongs to the Ananke group , believed to be the remnants of a break - up of a captured asteroid .",C1
"Praxidike belongs to the Ananke group , believed to be the remnants of a break - up of a captured heliocentric asteroid .",C1
Croup is typically diagnosed based on signs and symptoms .,C1
Cockatoos are recognizable by the prominent crests and curved bills .,C1
Eunomia has been seen occulting stars three times .,C1
Many sans-serif typefaces use plainer oblique designs instead of italic ones .,C1
Many sans serif typefaces use oblique designs instead of italic ones .,C1
"Centrioles are typically made up of nine sets of short microtubule triplets , arranged in a cylinder .",C1
"Most centrioles are nine sets of microtubule triplets , arranged in a cylinder .",C1
Cenotes are surface connections to subterranean water bodies .,C1
The ability to fly or glide has been suggested for at least five dromaeosaurid species .,C1
The ability to fly or glide has been suggested for at least two dromaeosaur genera .,C1
"Wormholes are a common element in science fiction because they allow rapid interstellar , intergalactic , and sometimes even interuniversal travel .",C1
Eucalypts draw a tremendous amount of water from the soil through the process of transpiration .,C1
Mycobacterial infections are notoriously difficult to treat .,C1
Mycobacterial infections are difficult to treat .,C1
"Unaipon took out provisional patents for 19 inventions but was unable to afford to get any of his inventions fully patented , according to some sources .",C1
"Unaipon took out provisional patents for 19 inventions , but he could not afford to get any of his inventions fully patented .",C1
Limited omnibus editions collect roughly 24 issues in a slipcase with several extras .,C1
"A volcanologist is a geologist who studies the eruptive activity and formation of volcanoes , and their current and historic eruptions .",C1
The metabolic system of a particular organism determines which substances it will find nutritious and which poisonous .,C1
The metabolic system of an organism decides which substances it finds nutritious and which poisonous .,C1
"The party favors the civil right to information privacy and reforms of copyright , education , genetic patents and drug policy .",C1
Subfamily Nymphicinae Subfamily Calyptorhynchinae : The black cockatoos Subfamily Cacatuinae,C1
"Mudrocks make up half of the sedimentary rocks in the geologic record , and are easily the most widespread deposits on Earth .",C1
"Mudrocks make up fifty percent of the sedimentary rocks in the geologic record , and are easily the most widespread deposits on Earth .",C1
"Inflationary models are also discussed in this chapter , and so is the idea of a theory that unifies quantum mechanics and gravity .",C1
Inflationary models and the idea of a theory that unifies quantum mechanics and gravity also are discussed in this chapter .,C1
"Mycorrhizal plants are often more resistant to diseases , such as those caused by microbial soil- borne pathogens , and are also more resistant to the effects of drought .",C1
"Although its surface circulation had dissipated , its circulation aloft remained intact and led to a burst of rainfall early on August 20 .",C1
"These auxiliaries help express a question , show tense / aspect , or form passive voice .",C1
"These auxiliaries help make a question , show tense , or make passive voice .",C1
Syncopation has been an important element of European musical composition since at least the Middle Ages .,C1
"In the natural sciences , gradualism is a theory that profound change is the product of slow but continuous processes .",C1
"The Founding Fathers wanted republicanism because its principles guaranteed liberty , with opposing , limited powers offsetting one another .",C1
The use of complementary colors is an important aspect of aesthetically pleasing art and graphic design .,C1
"Fibroblasts bear similarities to cellular automata , as each fibroblast only interacts with its neighbors .",C1
"The quasar 's redshift indicates that it is located about 8 billion light years from Earth , while the lensing galaxy is at a distance of 400 million light years .",C1
Carbonate mineralization involves the formation of coal balls .,C1
Carbonate mineralization occurs as coal balls .,C1
African trypanosomiasis symptoms occur in two stages .,C1
"At the end of the wash cycle , the machine starts a rinse cycle wherein the garment load is rinsed with fresh distilled solvent from the pure solvent tank .",C1
"At the end of the wash cycle , the machine starts a rinse cycle where the garment load is rinsed with freshly distilled solvent dispensed from the solvent tank .",C1
Electroreceptive animals use this sense to find where objects are .,C1
Electroreceptive animals use this sense to locate objects around them .,C1
"A large synchrotron laboratory will have many beamlines , each optimized for a particular field of research .",C1
"At a large synchrotron facility there will be many beamlines , each optimized for a particular field of research .",C1
"Additionally , louvers are used as semi-passive means of thermal control on spacecraft .",C1
"Web browsers and web proxy servers employ web caches to store previous responses from web servers , such as web pages and images .",C1
Mast cells are a type of innate immune cell that reside in connective tissue and in the mucous membranes .,C1
Mast cells are a type of innate immune cell in connective tissue and the mucous membranes .,C1
"Like many behaviors , aggression can be examined in terms of its ability to help an animal itself survive and reproduce , or alternatively to risk survival and reproduction .",C1
There are 10 genera and 24 species of erinaceid .,C1
An aerostat is a system that remains aloft primarily through the use of buoyancy to give an aircraft the same overall density as air .,C1
An aerostat is a system that remains in the air primarily through the use of floating to give an aircraft that has the same overall density as air .,C1
"Pump jets have some advantages over bare propellers for certain applications , usually related to requirements for high-speed .",C1
"Pump jets have some advantages over bare propellers for certain applications , usually related to requirements for high-speed or shallow - draft operations .",C1
Biophysical chemists employ various tools used in physical chemistry to probe the structure of biological systems .,C1
A collection of plateaus constitute a large part of the plain .,C1
The symptoms of diphtheria usually begin two to seven days after infection .,C1
Signs and symptoms of diphtheria usually begin two to five days after a person gets infected .,C1
"Eunomia appears to be a stretched but fairly round body , with what appear to be four sides of differing curvature and noticeably different average compositions .",C1
The majority of species eat small invertebrates picked out of mud or exposed soil .,C1
He called the relationship between color and salt formation halochromy of which malachite green is a prime example .,C1
"He dubbed the relationship between color and salt formation halochromy , of which malachite green is a prime example .",C1
"The main objects of study in algebraic geometry are algebraic varieties , which are geometric manifestations of sets of solutions of systems of polynomial equations .",C1
"In some vertebrates , including fish and birds , the tectum is one of the largest components of the brain .",C1
"Some popular examples of the appeal to nature can be found on labels and advertisements for food , clothing , and alternative herbal remedies .",C1
"In many cases , the splicing process can create a range of unique proteins by varying the exon composition of the same mRNA .",C1
"In many cases , the splicing process creates a range of unique proteins by varying the exon composition of the same messenger RNA .",C1
One of the most notable characteristics of those dormice that live in temperate zones is hibernation .,C1
One of the main characteristics of dormice that live in temperate zones is hibernation .,C1
The laboratory of 3D computer graphics and calculation creating new algorithms to solve problems of processing and analysis of signals and images .,C1
"Garnica started in athletics after his vision severely deteriorated , and is a T12 long distance track and field events .",C1
"Like most other male mammals , a man inherits an X chromosome from his mother and a Y chromosome from his father .",C1
"Like most other male mammals , a man 's genome typically inherits an X chromosome from his mother and a Y chromosome from his father .",C1
Plants in wildfire - prone ecosystems often survive through adaptations to their local fire regime .,C1
"As of 2011 , about one hundred medications are in development for hepatitis C.",C1
"s of 2011 , there are about one hundred medications in development for hepatitis C.",C1
Hawking radiation reduces the mass and rotation energy of black holes and is therefore also known as black hole evaporation .,C1
Hawking radiation reduces the mass and the energy of the black hole and is therefore also known as black hole evaporation .,C1
"France is a secular country , and freedom of religion is a constitutional right .",C1
"Hepatitis C testing typically begins with blood testing to detect the presence of antibodies to the HCV , using an enzyme immunoassay .",C1
The average age of Earth 's continental crust is about 2.0 billion years .,C1
"Modern physical chemistry was developed in the 1860s to 1880s with work on chemical thermodynamics , electrolytes in solutions , chemical kinetics and other subjects .",C1
"Modern physical chemistry originated in the 1860s to 1880s with work on chemical thermodynamics , electrolytes in solutions , chemical kinetics and other subjects .",C1
Shellac is a very widely used single component resin varnish that is is dissolved in alcohol .,C1
Shellac is a very widely used single -component resin varnish that is alcohol-soluble .,C1
The goal of stuttering modification therapy is not to eliminate stuttering but to modify it so that stuttering is easier and less effortful .,C1
"When they are ready to reproduce , the adults leave the host , and sperm from the males penetrate the bodies of the females to achieve internal fertilization .",C1
"When they are ready to reproduce , the adults are released from the host , and sperm from the males penetrates the bodies of the females to achieve fertilization .",C1
Flynt had said that he has bipolar disorder .,C1
Flynt has mentioned that he has bipolar disorder .,C1
Small pieces of colored shell and iridescent shell have been used to create mosaics and inlays which have been used to decorate larger items such as boxes and furniture .,C1
"Typically unitary authorities cover large towns or cities , which are large enough to be independent of county or regional administration .",C1
A secret or unlockable character may be a playable character in a video game available after finishing the game or doing certain tasks .,C1
"Pyxicephalidae has two subfamilies , with a total of 13 genera .",C1
"Choreography is the art of making dances , and the person who does this is called a choreographer .",C1
"Sebaceous glands are involved in skin problems such as oily skin , acne , and keratosis pilaris .",C1
Sebaceous glands are involved in skin problems such as acne and keratosis pilaris .,C1
"Cryptographic protocols are widely used for secure application - level data transport , in order to secure transferred messages .",C1
Cryptographic protocols are widely used for secure application - level data transport .,C1
Most of the oomycetes produce two distinct types of spores .,C1
"The body wall consists of a thin layer , which secretes a tough cuticle ; this is molted several times while growing to adulthood .",C1
"The body wall consists of a thin syncitial layer , which secretes a tough cuticle ; this is molted several times while growing to adulthood .",C1
At least two schools of researchers have proposed that dromaeosaurs may actually be descended from flying ancestors .,C1
At least two schools of researchers have proposed that dromaeosaurids may actually be descended from flying ancestors .,C1
Sit -skis are designed for wheelchair users or other skiers with a form of paraplegia .,C1
"The dusty halo seen in images is sizeable , being around 2000 km in lengthwise extent .",C1
Hall spent his career testing the neurological component of fly courtship and behavioral rhythms .,C1
Hall spent his career examining the neurological component of fly courtship and behavioral rhythms .,C1
Barium oxide is made by heating barium carbonate .,C1
Barium oxide is made by heating barium carbonate with carbon .,C1
"Stingrays feed mostly on molluscs , crustaceans , and occasionally on small fish .",C1
"Most stingrays feed primarily on mollusks , crustaceans , and occasionally on small fish .",C1
"Most parts of the former super-continent Gondwana have ratites , or did have until the fairly recent past .",C1
"Most parts of the former supercontinent Gondwana have ratites , or did have until the fairly recent past .",C1
"The petrifaction process occurs underground , when wood becomes buried under sediment and is initially preserved due to a lack of oxygen which inhibits aerobic decomposition .",C1
"The petrifaction process occurs underground , when wood becomes buried under sediment or volcanic ash and is initially preserved due to a lack of oxygen which inhibits aerobic decomposition .",C1
"Historically , many accidents and catastrophes have resulted from microsleep episodes in these circumstances .",C1
Many objects with sponge- like textures are now made of substances not derived from poriferans .,C1
"Currently unique among the United States , Alaska is not entirely subdivided into organized county equivalents .",C1
"A simple cantilever span is formed by two cantilever arms extending from opposite sides of the obstacle to be crossed , meeting at the center .",C1
"A simple cantilever span is formed by two cantilever arms extending from opposite sides of an obstacle to be crossed , meeting at the center .",C1
Hypereutrophic lakes are very nutrient - rich lakes with frequent large algal blooms and low transparency .,C1
Hypereutrophic lakes are very nutrient- rich lakes characterized by frequent and severe nuisance algal blooms and low transparency .,C1
"Differential cryptanalysis is usually a chosen plaintext attack , meaning that the attacker must be able to obtain ciphertexts for some set of plaintexts of their choosing .",C1
"The principal difference between the BJT and HBT is in the use of different semiconductor materials for the emitter and base regions , making a heterojunction .",C1
"The principal difference between the BJT and HBT is in the use of differing semiconductor materials for the emitter - base junction and the base-collector junction , creating a heterojunction .",C1
Many of the existing plant and most animal species have apparently undergone polyploidization in their evolutionary history .,C1
"Less commonly , decapitation can also refer to the removal of the head from a body that is already dead .",C1
Death masks were used by scientists from the late 18th century onwards to record differences in human physiognomy .,C1
"Some services , such as MuzIcons , combine emoticons and music player in an Adobe Flash - based widget .",C1
In prehistoric times montane forest occupied one - third of the territory of present- day Rwanda .,C1
Convective cells may develop in the vicinity of troughs and give birth to a tropical cyclone .,C1
Convective cells may form in the surrounding area of troughs and give birth to a tropical cyclone .,C1
"They do not hibernate , but are capable of entering torpor .",C1
"They do not hibernate , but can enter torpor .",C1
"By the 1920s , capoeira repression had declined .",C1
"By the 1920s , repression of capoeira had declined .",C1
"The most common transmitter is glutamate , which is excitatory at well over 90 % of the synapses in the human brain .",C1
Nine - banded armadillos are generally insectivores .,C1
Nine - banded armadillos are mostly insectivores .,C1
The yellow- bellied glider inhabits forests and woodlands in eastern Australia and is found at a range of altitudes from sea level to 1400 metres .,C1
The yellow- bellied glider lives in forests and woodlands in eastern Australia and is found at a range of altitudes from sea level to 1400 metres .,C1
Statistical hypothesis testing is founded on the assessment of differences and similarities between frequency distributions .,C1
"White 's fiction employs humor , florid prose , shifting narrative vantage points and a stream of consciousness technique .",C1
"White 's fiction uses humor , ornate prose , shifting narrative vantage points and a stream of consciousness technique .",C1
A number of other physical properties are linked to crystallography .,C1
Other physical properties are also linked to crystallography .,C1
"The silky pocket mice are small animals with soft fur , long tails , and small feet compared to other heteromyids .",C1
"The silky pocket mice are small animals with soft pelage , long tails , and small feet compared to other heteromyids .",C1
"Potentially , a white dwarf can generate multiple novae over time as additional hydrogen continues to accrete onto its surface from its companion star .",C1
A white dwarf can potentially generate multiple novae over time as additional hydrogen continues to accrete onto its surface from its companion star .,C1
"The taxonomy of the herring gull / lesser black - backed gull group is very complicated , with different authorities recognizing between two and eight species .",C1
"The taxonomy of the herring gull / lesser black - backed gull complex is very complicated , with different authorities recognizing between two and eight species .",C1
"The Master has also been featured in spin-offs of the series , which are of unclear canonicity and may not take place in the same continuity .",C1
"An Cafe has been a longtime supporter and endorser of popular Japanese fashion label Sex Pot Revenge , and they are frequently seen wearing clothing from that label .",C1
"Iconoclasm may be carried out by adherents of a different religion , but it is more often the result of sectarian disputes between factions of the same religion .",C1
"Iconoclasm may be carried out by people of a different religion , but is often the result of sectarian disputes between factions of the same religion .",C1
Containerization has its origins in early coal mining regions in England beginning in the late 18th century .,C1
Not all flowers with multiple ovaries form aggregate fruit ; the ovaries of some flowers do not become tightly joined together to make a larger fruit .,C1
"Stalactites and stalagmites can also form on concrete ceilings and floors , although they form much more rapidly there than in the natural cave environment .",C1
"Stalactites and stalagmites can also form on concrete ceilings and floors , but they form much more quickly on concrete than in the natural cave environment .",C1
"Boyce is known for his set of eight symphonies , his anthems and his odes .",C1
"Crystallinity can be measured using x-ray diffraction , but calorimetric techniques are also commonly used .",C1
"Crystallinity can be measured using x-ray crystallography , but calorimetric techniques are also commonly used .",C1
"Strategies for wildfire prevention , detection , control and suppression have varied over the years .",C1
In 1910 eucalypts were introduced to Brazil for timber substitution and the charcoal industry .,C1
"Psyche is massive enough that its gravitational perturbations on other asteroids can be observed , which enables a mass measurement .",C1
"Psyche is massive enough that its perturbations on other asteroids can be measured , which enables a mass measurement .",C1
The supergalactic coordinate system corresponds to a fundamental plane that contains a higher than average number of local galaxies in the sky as seen from Earth .,C1
It has been argued that an interstellar mission that cannot be completed within 50 years should not be started at all .,C1
A vowel may be placed between consonants to separate them .,C1
A vowel can be placed between consonants to separate them .,C1
"Another example is in the proposed biosynthesis of aranotin , an oxepine found in nature , and its related compounds .",C1
Similar mean orbital elements led the discoverers to postulate a common origin for the group in a breakup of a larger body .,C1
Similar mean orbital elements led the discoverers to postulate a common origin for the group in a break up of a larger body .,C1
In many societies shepherds were an important part of the economy .,C1
Roman chamomile can be be used directly on to the skin for pain and swelling and is used to treat cracked nipples .,C1
These somewhat abstract concerns usually determine some but not all details of a specific concrete market system where buyers and sellers actually meet and commit to trade .,C1
The belts are located in the inner region of Earth 's magnetosphere .,C1
"Between 1948 and 1950 , she developed a theory : these mobile elements regulated genes by inhibiting or modulating their action .",C1
"Nesomyids are small to medium rodents , and the largest is the size of a rat .",C1
A bailiwick is a territory administered by a Bailiff .,C1
A bailiwick is a territory governed by a bailiff .,C1
Haematoxylin and eosin staining is often used in histology for thin sections of tissue .,C1
Bacteria make up most of the flora in the colon and 60 % of the dry mass of feces .,C1
A similar calendar found nearby at Villards d'Heria is preserved in only eight small fragments .,C1
"The second half of glycolysis is known as the pay-off phase , characterized by a net gain of the energy - rich molecules ATP and NADH .",C1
"The second half of glycolysis is known as the 'pay - off phase ' , by the net gain of the energy - rich molecules ATP and NADH .",C1
Demi-pointe shoes are most often used to train dancers who are new to pointe technique .,C1
"To make the diagnosis of a urinary tract infection in children , a positive urinary culture is required .",C1
"Eros was one of the first asteroids visited by a spacecraft , the first one orbited , and the first one soft-landed on .",C1
"Eros was one of the first asteroids to be visited by a spacecraft , and the first to be orbited and soft-landed on .",C1
The mantle cavity functions as a respiratory chamber in most molluscs .,C1
The mantle cavity functions as a respiratory chamber in all molluscs .,C1
"The goatse . cx domain name was reportedly sold at an auction on April 30 , 2007 to an unknown bidder .",C1
"The first significant written record of Britain and its inhabitants was made by the Greek navigator Pytheas , who explored the coastal region of Britain around 325 BC .",C1
"Paralysis is most often caused by damage in the nervous system , especially the spinal cord .",C1
"Paralysis is most often caused by damage to the nervous system or brain , especially the spinal cord .",C1
C- type asteroids are very dark with albedos usually in the 0.03 to 0.10 range .,C1
Key : Years in parentheses are the year of adoption by the state 's legislature .,C1
Key : Years in parentheses denote the year of adoption by the state 's legislature .,C1
Techniques such as branch prediction and speculative execution are used to lessen these branch penalties .,C1
Techniques such as branch prediction and speculative execution are used to reduce these branch penalties .,C1
Distributed shared memory systems mimic these mechanisms so that they can maintain consistency between blocks of memory in loosely coupled systems .,C1
"The rabi crops are sown around mid-November , preferably after the monsoon rains are over , and harvesting begins in April / May .",C1
The formula is important because it connects complex numbers and trigonometry .,C1
The formula is very important because it connects complex numbers and trigonometry .,C1
Seaweed is currently under consideration as a potential source of bioethanol .,C1
"Although benzodiazepines are very effective at treating alcohol withdrawal , they should be carefully used .",C1
"Although benzodiazepines work very well at treating alcohol withdrawal , they should be carefully used .",C1
"Unusually for falcons , plumage often differs between male and female , although as usual with monogamous raptors the female is slightly larger than the male .",C1
"Unusual for falcons , plumage often differs between male and female , although as is usual with monogamous raptors the female is slightly larger than the male .",C1
Statutory damages are an amount stated within the statute rather than calculated based on the degree of harm to the plaintiff .,C1
Statutory damages are an amount stipulated within the statute rather than calculated based on the degree of harm to the plaintiff .,C1
"A clapstick is a type of musical instrument that , according to western musicological classification , falls into the category of percussion .",C1
"In the law , testimony is a form of evidence given by a witness who makes a solemn statement or declaration of fact .",C1
This class used to be classified as sea cucumbers in the echinoderms .,C1
This class was once classified as sea cucumbers in the echinoderms .,C1
"Amoebozoa are now regarded as a separate kingdom- level clade , being more closely related to both animals and fungi than to plants .",C1
"Amoebozoa are now considered by most to form a separate kingdom- level clade , being more closely related to both animals and fungi than to plants .",C1
"The treaty also encompasses a mutual , cooperative approach to environmental technology regulations and energy conservation ; and toward international finance and trade .",C1
"Some clays are thixotropic , and their behavior is of great importance in structural and geotechnical engineering .",C1
"Some clays are thixotropic , with their behavior of great importance in structural and geotechnical engineering .",C1
The ladder analogy arises because no single technique can measure distances at all ranges encountered in astronomy .,C1
The ladder analogy arises because no one technique can measure distances at all ranges encountered in astronomy .,C1
Evaporation is a very essential part of the water cycle .,C1
"The crustal portions of oceanic tectonic plates are composed predominantly of basalt , produced from upwelling mantle below , the ocean ridges .",C1
"The crustal portions of oceanic tectonic plates are composed mostly of basalt , produced from upwelling mantle below mid-ocean ridges .",C1
"What sexual behavior is considered promiscuous varies between cultures , as does the prevalence of promiscuity .",C1
If the electrons follow the Poisson distribution a partial interference leads to a linear increase in intensity .,C1
TLR signaling leads to the induction or suppression of genes that orchestrate the inflammatory response .,C1
TLR signaling ultimately leads to the induction or suppression of genes that orchestrate the inflammatory response .,C1
"Three types of flagella have so far been distinguished : bacterial , archaeal , and eukaryotic .",C1
A contaminant is a substance present in nature at a level higher than fixed levels or that would not otherwise be there .,C1
"Males and females look pretty similar except during the breeding season , when the most conspicuous difference is a swollen gland around the male 's vent .",C1
Males and females look very similar except during the breeding season when the most conspicuous difference is a swollen gland around the male 's vent .,C1
"The city is home to a shipbuilding industry , brewing industry , and sawmills .",C1
A request line containing only the path name is accepted by servers to maintain compatibility with HTTP clients before the HTTP / 1.0 specification in .,C1
"Since the 1980s , the political groups of the parliamentary right have joined forces around the values of economic liberalism and the building of Europe .",C1
"Since the 1980s , the political groups of the parliamentary right joined forces around the values of economic liberalism and the building of Europe .",C1
"Artesian wells were named after the old province of Artois in France , where many artesian wells were drilled by Carthusian monks from 1126 .",C1
"Artesian wells were named after the former province of Artois in France , where many artesian wells were drilled by Carthusian monks from 1126 .",C1
The following is a partial list of notable nonfiction works discussing anarcho-capitalism .,C1
"Despite their extreme luminosity , many of these stars are too distant to be observed with the naked eye .",C1
"Despite their extreme luminosity , many of these stars are nevertheless too distant to be observed with the naked eye .",C1
The band gap energy of semiconductors tends to decrease with increasing temperature .,C1
The side chains of the cell wall carry the bases responsible for the somatic antigen specificity of these organisms .,C1
The side-chains of the cell wall carry the bases responsible for the somatic antigen specificity of these organisms .,C1
Some people consider catsuits to be fetish items .,C1
"Numerous nonferrous alloys , cast irons , powder-metallurgy and even plastics are used in the manufacture of gears .",C1
Bioorganic chemistry is that branch of life science that deals with the study of biological processes using chemical methods .,C1
"Unlike architectural design , where achieving a specific performance level is the main goal , microarchitectural design pays closer attention to other constraints .",C1
"Unlike architectural design , where a specific performance level is the main goal , microarchitectural design pays closer attention to other constraints .",C1
Sympatric speciation is the formation of two or more descendant species from a single ancestral species all occupying the same geographic location .,C1
Sympatric speciation refers to the formation of two or more descendant species from a single ancestral species all occupying the same geographic location .,C1
The amethyst woodstar 's natural habitats are subtropical or tropical moist lowland forests and subtropical or tropical moist montanes .,C1
"Many block ciphers , such as RC5 , support a variable block size .",C1
This alphabetic system operates on the additive principle in which the numeric values of the letters are added together to obtain the total .,C1
"If a sequence converges to a limit , then it is convergent ; otherwise it is divergent .",C1
"If a sequence converges to some limit , then it is convergent ; otherwise it is divergent .",C1
The bridge is a single-span structure with three bowstring trusses which created two bays for the original two GWR tracks .,C1
The bridge is a single-span structure comprising three bowstring trusses which created two bays for the original two GWR tracks .,C1
Protostars are young objects that have not yet completed the process of contraction from a gas nebula to a veritable star .,C1
"Rock crawling is about slow-speed , careful and precise driving , and high torque generated through large gear reductions in the vehicle 's drivetrain .",C1
"Construction began in AD 142 at the order of Roman Emperor Antoninus Pius , and took about twelve years to complete .",C1
"These spots are often followed within a few days or weeks by a much greater leakage of blood , which blurs vision .",C1
"These spots are often followed within a few days or weeks by a much greater leakage of blood , which blurs the vision .",C1
"With their long velar filaments deployed , vampire squids have been observed drifting along in the deep , black ocean currents .",C1
There is no connection between the shape of a bacterium and its colors in the gram staining .,C1
A schismatic is a person who creates schism in an organization or who is a member of a splinter group .,C1
"Surface integrals have applications in physics , particularly with the theories of classical electromagnetism .",C1
The clock signal is a special digital signal that is used to synchronize digital circuits .,C1
The clock signal is a special digital signal that is used to synchronize many digital circuits .,C1
"Christian metal bands exist in all the subgenres of heavy metal music , and the only common link between most Christian metal bands are the lyrics .",C1
"Journalists sometimes expose themselves to danger , especially when reporting in areas of armed conflict or in places that do not respect the freedom of the press .",C1
"Journalists sometimes expose themselves to danger , particularly when reporting in areas of armed conflict or in states that do not respect the freedom of the press .",C1
The chemosynthetic bacteria grow into a thick mat which attracts other organisms such as amphipods and copepods which graze upon the bacteria directly .,C1
"Six subclasses are generally recognized , although many works have included the ostracods among the Maxillopoda .",C1
"Six subclasses are generally recognized , although many works have further included the ostracods among the Maxillopoda .",C1
Over 500 atmospheric nuclear weapons tests were done at various sites around the world from 1945 to 1980 .,C1
Coagulation begins almost instantly after an injury to the blood vessel has damaged the endothelium lining the vessel .,C1
Coagulation begins almost instantly after an injury to the blood vessel has damaged the endothelium lining the blood vessel .,C1
"The fundamental plane is the plane of the Earth 's orbit , also called the ecliptic plane .",C1
"The fundamental plane is the plane of the Earth 's orbit , called the ecliptic plane .",C1
"Note in the graphic the strong 100,000 year periodicity of the cycles , and the striking asymmetry of the curves .",C1
"Note in the graphic , the strong 100,000 year periodicity of the cycles , and the striking asymmetry of the curves .",C1
Below is a list of longest reigning cruiserweight champions in boxing measured by the individual 's longest reign .,C1
"Flannel , flannelette and cotton flannel can be woven in either a twill weave or plain weave .",C1
Finally the commune hosts a waste incinerator which disposes of the waste from 44 surrounding communes .,C1
"Finally , the commune hosts a waste incinerator which disposes of the waste from 44 surrounding communes .",C1
Many newts produce toxins in their skin secretions as a defence mechanism against predators .,C1
Many newts produce toxins in their skin secretions as a defence against predators .,C1
A proto-oncogene is a normal gene that can become an oncogene due to mutations or increased expression .,C1
The sarus crane is easily distinguished from other cranes in the region by its overall grey color and the contrasting red head and upper neck .,C1
"Above the western entrance is the face of the astronomical clock , which was destroyed during the 30 year war .",C1
The classic varve archetype is a light / dark colored couplet deposited in a glacial lake .,C1
The classic varve archetype is a light / dark- colored couplet deposited in a glacial lake .,C1
Other authors have attempted to use evolutionary game theory in order to explain the emergence of human attitudes about morality and corresponding animal behaviors .,C1
"Some computer languages and the IEEE 754 - 2008 standard dictate that in straightforward calculations , the result should not be rounded twice .",C1
"Thermodynamic power cycles are the basis for the operation of heat engines , which supply most of the world 's electric power and run almost all motor vehicles .",C1
"Thermodynamic power cycles are the basis for the operation of heat engines , which supply most of the world 's electric power and run the vast majority of motor vehicles .",C1
"There are many different varieties of quartz , several of which are semi-precious gemstones .",C1
Water turbines are divided into two groups ; reaction turbines and impulse turbines .,C1
Through his work at the Museum he became acquainted with many Egyptologists and archaeologists who visited the Museum .,C1
Shanbaug died of pneumonia on 18 May 2015 after being in a persistent vegetative state for nearly 42 years .,C1
Shanbaug died from pneumonia on 18 May 2015 after being in a persistent vegetative state for nearly 42 years .,C1
The type A viruses are the most virulent human pathogens among the three influenza types and cause the most severe disease .,C1
The type A viruses are the most virulent human pathogens among the three influenza types and causes the most severe disease .,C1
"Corroboree frogs are the first vertebrates discovered that are able to make their own poisonous alkaloid , pseudo- phrynamine .",C2
"Corroboree frogs are the first vertebrates discovered that are able to produce their own poisonous alkaloids , as opposed to obtaining it via diet as many other frogs do .",C2
Seal has scarring on his face caused by a type of lupus called discoid lupus erythematosus .,C2
"The prominent scarring on Seal 's face is the result of a type of lupus called discoid lupus erythematosus , which affects the skin and leaves large scars .",C2
"These enzymes are found in bacteria and archaea and defend them against invading viruses , which are bacteriophages .",C2
"In the past , non-photosynthetic plants were mistakenly thought to get food by breaking down organic matter in a manner similar to saprotrophic fungi .",C2
"In utero , the epithelium and underlying mesenchyme interact to form hair follicles .",C2
"Before a baby is born , the epithelium and underlying mesenchy ma interact to form hair follicles .",C2
"For example , cyclohexane and 1 - hexene both have the formula CH .",C2
"For example , the chemical formula of cyclohexane and 1 - hexene are CH .",C2
"At the bottom of the bacterial flagellum , where it meets the cell membrane , a motor protein acts as an engine .",C2
Some carbocations such as the norbornyl cation exhibit more or less symmetrical three center bonding .,C2
"The chloroplasts of glaucophytes are known as' muroplasts ' , ' cyanoplasts ' , or'cyanelles ' .",C2
The chloroplasts of glaucophytes are known as' cyanelles ' .,C2
Chemical vapor deposition is a high temperature method that is widely employed for the preparation of coatings and semiconductors from molecular precursors .,C2
Researchers in molecular biology use specific techniques native to molecular biology but increasingly combine these with techniques and ideas from genetics and biochemistry .,C2
Sodium bicarbonate may be used to make spills of phosgene harmless .,C2
Sodium bicarbonate may be used to neutralize liquid spills of phosgene .,C2
Wood is a naturally occurring composite comprising cellulose fibres in a lignin and hemicellulose matrix .,C2
Antidisestablishmentarianism is one of the longest words in the English language .,C2
Antidisestablishmentarianism is also referred to as one of the longest non-scientific words in the English language .,C2
Some enzymes or enzyme complexes require several cofactors .,C2
Benzodiazepines are the most commonly used medication for the treatment of alcohol withdrawal .,C2
Benzodiazepines are the most commonly used medication for the treatment of alcohol withdrawal and are generally safe and effective in suppressing symptoms of alcohol withdrawal .,C2
"During the 20th century the concept of pteridosperms was expanded to include various Mesozoic groups of seed plants with fern-like fronds , such as the Corystospermaceae .",C2
Organometallic compounds may be found in the environment .,C2
The bacteria that cause urinary tract infections typically enter the bladder via the urethra .,C2
Arachnids pour digestive juices produced in their stomachs over their prey after killing it with their pedipalps and chelicerae .,C2
Obligate anaerobes may use fermentation or anaerobic respiration .,C2
"The tits are generalist insectivores that consume a wide range of small insects and other invertebrates , particularly small defoliating caterpillars .",C2
"Protein biosynthesis , although very similar , is different for prokaryotes and eukaryotes .",C2
"Protein biosynthesis differs between prokaryotes and eukaryotes , though parts of the process are the same in both .",C2
"The first-line psychiatric treatment for schizophrenia is antipsychotic medication , which can reduce the positive symptoms of psychosis in about 7 to 14 days .",C2
"The first-line psychiatric treatment for schizophrenia is antipsychotic medication , which can reduce the positive symptoms in about seven to fourteen days .",C2
"Iocaste belongs to the Ananke group , believed to be the remnants of a break - up of a captured heliocentric asteroid .",C2
Frequency - dependent selection occurs when the fitness of a phenotype is dependent on its frequency relative to other phenotypes in a given population .,C2
"Milkweeds use three primary defenses to limit damage caused by caterpillars : hairs on the leaves , cardenolide toxins , and latex fluids .",C2
"Milkweeds have three defenses to limit damage by caterpillars and other insects : hairs on the leaves , toxins , and latex fluids .",C2
"Plasmapheresis is a medical therapy that involves blood plasma extraction , treatment , and reintegration .",C2
"Plasmapheresis is a medical therapy which involves taking out blood plasma , treating it , and putting it back in the patient .",C2
"Wormholes are a common element in science fiction because they allow interstellar , intergalactic , and sometimes even interuniversal travel within human lifetime scales .",C2
"When the embryonic prosencephalon fails to divide the brain into two lobes , it results in a condition known as holoprosencephaly .",C2
"When the embryonic forebrain fails to divide the brain into two lobes , it results in a condition known as holoprosencephaly .",C2
Subfamily Nymphicinae Subfamily Calyptorhynchinae : The black cockatoos,C2
"Mycorrhizal plants are often more resistant to diseases , such as those caused by microbial soil- borne pathogens .",C2
"Cetaceans and artiodactyls now are classified under the order Cetartiodactyla , often still referred to as Artiodactyla , which includes both whales and hippopotamuses .",C2
"Both cetaceans and artiodactyl are now classified under the super-order Cetartiodactyla , which includes both whales and hippopotamuses .",C2
"In the natural sciences , gradualism is the theory which holds that profound change is the cumulative product of slow but continuous processes , often contrasted with catastrophism .",C2
"Fibroblasts are similar to cellular automata , as each fibroblast only interacts with its neighbors .",C2
"Eunomia appears to be an elongated but fairly regularly shaped body , with what appear to be four sides of differing curvature and noticeably different average compositions .",C2
"The fundamental objects of study in algebraic geometry are algebraic varieties , which are geometric manifestations of solutions of systems of polynomial equations .",C2
"Hepatitis C testing usually begins with blood tests that look for antibodies to the Hepatitis C virus , using a technique called an enzyme immunoassay .",C2
"Other types of anal carcinoma are adenocarcinoma , lymphoma , sarcoma or melanoma .",C2
"Other types of anal cancer are adenocarcinoma , lymphoma , sarcoma or melanoma .",C2
"Unlike lepidosaurian reptiles , pelycosaurs lacked reptilian epidermal scales .",C2
"Unlike lepidosaurian reptiles , pelycosaurs lacked epidermal scales .",C2
"The Pyxicephalidae contain two subfamilies , with a total of 12 genera .",C2
"However , paleotempestological research allows reconstruction of pre-historic hurricane activity trends on timescales of centuries to millennia .",C2
"However , palaeotempestological research allows reconstruction of pre-historic hurricane activity trends on timescales of centuries to millennia .",C2
"Differential cryptanalysis attacks are usually chosen plaintext attacks , meaning that the attacker must be able to obtain encrypted ciphertexts for some set of plaintexts of his choosing .",C2
It has been suggested that many of the existing plant and most animal species have undergone an event of polyploidization in their evolutionary history .,C2
"Like several other Arctiidae larvae , cinnabar caterpillars can turn cannibalistic .",C2
"Like several other Arctiidae moth larvae , the cinnabar caterpillars can turn cannibalistic .",C2
Kimberlite has attracted attention because it serves as a carrier of diamonds and garnet peridotite mantle xenoliths to the Earth 's surface .,C2
"Despite its relative rarity , kimberlite has attracted attention because it serves as a carrier of diamonds and garnet peridotite mantle xenoliths to the Earth 's surface .",C2
"The most prevalent transmitter is glutamate , which is excitatory at well over 90 % of the synapses in the human brain .",C2
"Palladium nitrate may be prepared by dissolving palladium oxide hydrate in dilute nitric acid , followed by crystallization .",C2
Palladium nitrate may be prepared by dissolving palladium oxide hydrate in dilute nitric acid followed by crystallization .,C2
The gymnosperms and angiosperms together compose the spermatophytes or seed plants .,C2
The gymnosperms and angiosperms together make up the spermatophytes or seed plants .,C2
"An example is the thermal ring-opening reaction of 3,4 - dimethylcyclobutene .",C2
"A classic example is the thermal ring-opening reaction of 3,4 - dimethylcyclobutene .",C2
"Cryptobranchids are large salamanders , with large folds of skin along their flanks .",C2
"Cryptobranchids are large , fat salamanders , with folds of skin along their flanks .",C2
"Another example is in the proposed biosynthesis of aranotin , a naturally occurring oxepine , and its related compounds .",C2
"Nesomyids are small - to medium-sized rodents , with the largest being the size of a rat .",C2
Haematoxylin and eosin staining is frequently used in histology to examine thin tissue sections .,C2
"Three types of flagella have so far been distinguished ; bacterial , archaeal and eukaryotic .",C2
"In a simple example , the two bromine atoms in 3 - tert- butyl- trans - 1, 2 - dibromohexane mutarotate by heating .",C2
"In a straightforward example the two bromine atoms in 3 - tert- butyl- trans - 1, 2 - dibromohexane mutarotate by heating .",C2
"Numerous nonferrous alloys , cast irons , powder-metallurgy and plastics are used in the manufacture of gears .",C2
A schismatic is a person who creates or incites schism in an organization or who is a member of a splinter group .,C2
"Surface integrals have applications in physics , particularly with the classical theory of electromagnetism .",C2
Polydnaviruses are a unique group of insect viruses that have a mutualistic relationship with some parasitic wasps .,C2
Polydnaviruses are a unique group of insect viruses that have a mutualistic relationship with parasitic wasps .,C2
"The authors were able to experimentally determine a rate law at 261.2 K for the reaction of 1,2 - dimethylidenecyclohexane with sulfur dioxide to give the corresponding sulfolene .",C2
"The authors were able to experimentally work out a rate law at 261.2 K for the reaction of 1,2 - dimethylidenecyclohexane with sulfur dioxide to give the corresponding sulfolene .",C2
"The chemosynthetic bacteria grow into a thick mat which attracts other organisms , such as amphipods and copepods , which graze upon the bacteria directly .",C2
A proto-oncogene is a normal gene that could become an oncogene due to mutations or increased expression .,C2
"The piezoelectric effect is generally stronger in materials that also show pyroelectricity , and all pyroelectric materials are also piezoelectric .",C2
"The piezoelectric effect is generally stronger in materials that also exhibit pyroelectricity , and all pyroelectric materials are also piezoelectric .",C2
2001 Heisei Ultraman Side Stories,A1
1999 Special Edition bonus disc,A1
"Sucre was killed on June 4 , 1830 .",A1
There are four games in the series,A1
The international yard is exactly 0.9144 metres .,A2
Magic is common in the game .,A2
The pass is open only from May to November .,A2
Research on the Aha !,A2
The ratio of height to width is 5 to 8 .,A2
3 ... Bf5 is most often played .,A2
Exchange students from Italy and Germany help the students learn English .,A2
"In 2010 , the band played in more than 150 concerts all over Europe .",A2
"After one year , she opened the bookshop again .",A2
Ramen comes in various shapes and lengths .,A2
"The mall opened its doors to the public August 11 , 1992 .",A2
An interval that is open does not include the beginning or the end .,B1
See : List of famous Bajan people,B1
There are several methods that can be used to solve a Rubik 's Revenge .,B1
There are five hiking trails on Hallasan .,B1
"However , the principle is applied very broadly beyond bottles to paint and automobile parts such as tires .",B1
Internet Explorer has introduced a number of extensions to the DOM that have been adopted by other browsers .,B1
A merger was proposed already in 1964 but did n't become reality until a meeting on 6 December 1992 .,B1
"The main range was three storeys high , 42.4 m by 5.5 m . Each floor was used for doubling - and there were 306 doubling machines .",B1
The label K2 is still the name by which the mountain is commonly known .,B1
"On October 2 , 1658 he was chosen to the council of war .",B1
This coup was soon followed by his first world title in 1942 .,B1
Short - term memory is also known as working memory .,B1
He made his debut for Italy in 1958 .,B1
Acting as a provider of loans is one of the main tasks for financial institutions .,B1
Singapore has many Art Deco buildings from the 1920s and 1930s .,B1
Rempe began playing pool at the age of 6 .,B1
Go - Toba took the throne at the age of three .,B1
A total of 31 players have been the captain of the Indian Test team so far .,B1
"However , the entry must be written to the backing store at some point in time .",B1
"s of 2009 , there are seven Roquefort producers .",B1
Grime emerged in the early 2000s in London .,B1
Usually each partition contains exactly one file system .,B1
DCPIP is often used to measure the electron transport chain in plants .,B1
From 1968 to 1980 the bank worked mostly on meeting the basic needs of people in poor countries .,B1
A person who plays the trombone is called a trombonist or trombone player .,B1
"The following is the modern version , adopted in 1900 , without the vivid attacks against Spain .",B1
Up - and-over or overhead doors are often used in garages .,B1
"The current flag was adopted on March 1 , 1961 .",B1
Sake Dean Mahomed also developed a fashionable massage .,B1
"The smallest amount of time was 8 seconds , and the largest was 34 seconds .",B1
Arovell publishes modern literature in the German language .,B1
"Only after the death of his mother in 1663 , he really assumed power .",B1
"After the meetings , the Councilors always take lunch together .",B1
"In most cases , contribution claims are made like the original claim itself .",B1
The release cycle has followed various schedules but currently aims for four releases per year .,B1
The 20 in diameter cannon accepted balls that weighed 175 kg .,B1
All- female bands are not restricted by mainstream genres .,B1
"The band also participated at Dansbandskampen 2009 , being one of the finalists .",B1
A major railway survey in April 1961 was used in the writing of a government report on the future of the network .,B1
"There are 27 civil police forces in Brazil , one for each state .",B1
"A triple flat can be found , but it is very rare .",B1
OBO carriers are today not as common as in the 1970s and 1980s .,B1
Hi - Five has released three studio albums and one mini-album .,B1
All places and objects listed on the register are entitled to a blue sign .,B1
"Although pin stripes are found in mostly in men's suits , any type of fabric can be pin striped .",B1
"Food and equipment are brought to the South Base Camp by Sherpas or porters , with the help of animals like yaks .",B1
Hard - boiled eggs are completely cooked .,B1
It was ruled by a king called a Bai or Obai .,B1
"People with BPD feel emotions more easily , more deeply and for longer than others do .",B1
A commercial failure is a product that does not complete a goal .,B1
A full-time etiquette coach was hired .,B1
The seventh and final king of Rome was Lucius Tarquinius Superbus .,B1
"All formulas in this article are correct in SI units , but in other unit systems , the formulas may need to be changed .",B1
Ri possibly gave birth to a child in 2010 ; sources have reported it is a boy .,B1
LEED is not a standard but an evaluation grid .,B1
Eyewitnesses described the scene of the execution by burning on 30 May 1431 .,B1
The club have had a number of different kit manufacturers since the 1970s .,B1
Shabbat is a day of celebration as well as prayer .,B1
On 29 April 1789 he was caught stealing food .,B1
The title of chess expert is not awarded for life .,B1
The methods used cover both static and dynamic situations .,B1
Clarin remains a rather unknown figure in the Spanish literary world .,B1
The first electronic version of the dictionary was made available in 1988 .,B1
Fireworks dates back to the 7th century and originated in China .,B1
In the following area local calls must be dialed using the area code from the date shown .,B1
In March 1944 a military training camp was set up at the lake .,B1
The primary colors always appear on the color wheel .,B1
"In its basic form , it is simple and strong .",B1
"It is named because it is close and looks like the Great Sandy Desert , but it is much smaller .",B1
"During the 1990s , the mansion had a $ 4.4 million improvement program .",B1
Public speakers may use audience response systems .,B1
"Agent 47 's appearance consisted of a pure black suit , black leather gloves , a white dress shirt and a red tie .",B1
The Dr. I was used only in small numbers and it had many problems .,B1
It was originally planned to be taken into use for the 2009 / 2010 season .,B1
Similarities in his musical style with the earlier works of Mozart have often been noted .,B1
In 1955 he graduated clarinet successfully .,B1
More grab poles were also added .,B1
"At present , the school has already 40 sets of computers and other facilities needed by the growing population .",B1
There seems to be a two phase process .,B1
"In the 1880s , he worked as chief engineer of a railroad India .",B1
On the north side of the gate are two plaques .,B1
"Today there are only six known species of lungfish , living only in Africa , South America and Australia .",B1
"He stepped up to single-seaters at the end of 2002 , when he competed in the British Formula Renault Winter Series .",B1
"Now known simply as Opera , the browser has become very popular despite the competition .",B1
"Following the decision to withdraw tram services in London and replace them with buses , the station closed just after 12.30 am on 6 April 1952 .",B1
The building was founded as a brass factory .,B1
"Late in the 19th century , after the invention of telephones and microphones , the electric hearing aids was created .",B1
The notion of modern art is closely related to Modernism .,B1
The house was built in 1750 ; there was an addition added in the 1820s .,B1
"In 1892 he went to Paris , where he taught singing , and he coached many American and French artists for the operatic stage .",B1
The first child born from egg donation was in 1983 in Australia .,B1
History was written about states or nations during the Renaissance .,B1
"The center ultimately opened to the public on December 16 , 1997 .",B1
The first paper issues of the Australian dollar were issued in 1966 .,B1
"The game was separated into five episodes , released in two -month intervals .",B1
He played a brief part in the revolutionary events of 1848 .,B1
Car rentals are subject to many conditions which vary from one brand to another .,B1
"As of the 2011 testing season , exams cost $ 87 each , though the cost may reduced for poor students who cannot pay for it .",B1
"In many countries , drowning is one of the main causes of preventable death for children under 12 years old .",B1
He received 2.33 % of the vote in the first round of the 2002 French presidential election .,B1
Many groups from India have set up training camps in the southern part of the country .,B1
In the late 1980s and early 1990s the number of cars attempting to enter each race was as high as 39 .,B1
It was not until the late 1980s that interest was awakened in the old building .,B1
"The silver birch is a medium-sized tree , which has triangle - shaped leaves .",B1
Mermaids could also swim up rivers to freshwater lakes .,B1
"A special Christmas family meal is traditionally an important part of the holiday 's celebration , and the food that is served varies greatly from country to country .",B1
"At the beginning of the 1940s , the track needed more improvement .",B1
"During the late twentieth century , more and more mosques have been used for political purposes .",B1
"Several former cast members are scheduled to return to the show , or have been asked back .",B1
A significant factor is the energy needed for a reasonable travel time .,B1
The show also has slang not used in today 's culture .,B1
"Plans exist for a cinema , a DIY and a clothing store .",B1
"In 2012 the event was visited by totally 50 700 people , which meant a new record had been broken .",B1
Llullaillaco is a stratovolcano which rises 2200 m above the surrounding terrain .,B1
There are more than 90 flavors worldwide .,B1
Appointments to both Orders stopped after 14 August 1947 .,B1
The paper also became more openly political during the time of punk .,B1
"To the band 's surprise , the song became a hit at prom dances .",B1
This suborder contains only two families at present .,B1
Following the key signature is the time signature .,B1
All the seeds made it through the first round without incident .,B1
"In Europe , basil is placed in the hands of the dead to ensure a safe journey .",B1
"Furthermore , legacy applications that attempt to access hardware directly cannot do so in user mode .",B1
"In 1913 , he became ill and had to have teeth removed .",B1
In 1882 a police camp was set up that allowed a small settlement to develop .,B1
His paintings are usually single figures of beautiful women .,B1
A Boiler Room Brawl is a match where two wrestlers fight in a boiler room .,B1
"In the northwestern hills of the state , there are more northern - hardwood type trees .",B1
There is no musical introduction except drumrolls announcing the beginning of the scene .,B1
"In some Asian cultures , ceremonies also play an important social role , for example the tea ceremony .",B1
It was never intended as a teaching tool .,B1
"The pelican eel 's most notable feature is its large mouth , which is much larger than its body .",B1
This is a list of the tallest structures in Australia .,B1
The stage is empty while the music creates a thunder storm .,B1
"Reading right to left , top to bottom , the symbols are as follows .",B1
He was educated at the Jesuit college in Rome .,B1
One or more contestants would walk on .,B1
Road density is 3.83 kilometer per square kilometer of land .,B1
The median age in the city was 43.2 years .,B1
"Once boot options have been selected , GRUB loads the selected kernel into memory and passes control to the kernel .",B2
"In the very early versions of quicksort , the leftmost element of the partition would often be chosen as the pivot element .",B2
"Passes are synced between iOS devices using iCloud , and OS X 10.8.2 and later also support opening passes to be sent to users ' iOS devices .",B2
"That night , the animals throw a party in the barn .",B2
"In 2005 , a poll of 2,000 people revealed the pepper to be Britain 's fourth - favorite culinary vegetable .",B2
"Hubs can be used for : Historically , the main reason for purchasing hubs rather than switches was their price .",B2
"If a player does not roll any pairs during his turn , the dice are passed to the player on the right .",B2
"In contrast , a real image is one that is formed when the outgoing rays from a point converge at a real location .",B2
"Margarita enters naked into the realm of night , after she learns to fly , and control her unleashed passions .",B2
"In British English , a car of this configuration is called a saloon .",B2
The development team chose to not include lethal weapons in the game .,B2
"There is a huge statue erected in honor of all the Netherlands sea-rescuers , opened in 1935 and is sometimes mistakenly assumed to honor Dorus .",B2
Generating accurate true-color images from Mars 's surface is surprisingly complicated .,B2
"Despite having many troubles during his reign , Arshak II was able to change many parts of his kingdom for the better .",B2
India was not affected by the imperial order-in- council of 1825 that attempted to introduce the British sterling coinage to the British colonies .,B2
"PEC is often described in the media as a pressure group , and regularly makes public comment about language - related news stories , particularly jargon .",B2
It is possible to walk upon the walls for roughly half the circumference .,B2
"Because the verses were written in Greek , the keepers would always be helped by two Greek translators .",B2
"This constellation should not be confused with Lupus , the wolf .",B2
"In May 1863 , the inspector-general had directed the police to act on their own initiative .",B2
Swardspeak is a kind of Taglish and Englog used by gay people .,B2
About ten distinct IFNs have been identified in mammals ; seven of these have been described for humans .,B2
A harmonium and handclaps were added on July 16 .,B2
"Some engineering students and engineers carried ten-inch slide rules in belt holsters , and even into the mid 1970s this was a common sight on campuses .",B2
Skyrmions are important in the emerging solid state technology of spintronics where they promise data storage at much higher densities than ever before .,B2
Tuckwell left the orchestra in 1968 and spent the rest of his career performing as a soloist and conductor .,B2
Drumrolls announce the beginning of the Second Tableau .,B2
"Waterbeds primarily consist of two types , hard - sided beds and soft-sided beds .",B2
Frontal bossing is when the forehead becomes bigger than normal which may also make the brow ridge stick out more .,B2
The Old Bridge Township Public Schools serve students in kindergarten through twelfth grade .,B2
The role of a gamemaster in an online game is to enforce the game 's rules and provide general customer service .,B2
"Confetti are made in a variety of colors , and commercially available confetti come in many different shapes .",B2
Transliteration is the letter-for-letter representation of text using a Latin writing system .,B2
The tower began to sink after construction had progressed to the second floor in 1178 .,B2
"There are 242 tokens on the disc , comprising 45 distinct signs .",B2
"IP versions 0 to 3 were experimental versions , used between 1977 and 1979 .",B2
A series is the sum of all the terms of a sequence .,B2
"JLab houses the world 's most powerful tunable free-electron laser , with an output of over 14 kilowatts .",B2
Mooselookmeguntic Lake is one of the longest place names in the United States .,B2
"Most , if not all , of the world 's religions promote selflessness as a very important moral value .",B2
Strong 's endorsement of left-wing causes set her apart from her colleagues on the school board .,B2
The chassis are made of chrome moly tubing .,B2
"On firearms , bipods are commonly used on rifles and machine guns to provide a forward rest and reduce motion .",B2
Managing and Operating on frequency tabulated data is much simpler than operation on raw data .,B2
Two equations are equivalent if they have the same set of solutions .,B2
"Although the sweet potato is not closely related botanically to the common potato , they have a shared etymology .",B2
"Tal played in a total of six Candidates ' tournaments and match cycles , though he never again earned the right to play for the world title .",B2
"In some photos , the crosshairs are rotated .",B2
A consumer is a person that buys a good for consumption .,B2
Ash has considerably improved his abilities as a trainer over the course of the series .,B2
The burden of proof is always on the person who brings a claim in a dispute .,B2
It won the award for best pie in football two years running and attracted quite a reputation amongst away fans for its quality .,B2
The square root of two was the first known irrational number .,B2
Kwanzaa is a celebration with its roots in the black nationalist movement of the 1960s .,B2
The guaracha is a genre of rapid tempo and with lyrics .,B2
The flavor of matcha is dominated by its amino acids .,B2
"In Italy , the madrigal was the most important secular form of music of its time .",B2
"Two nearly identical seven story parking ramps on east and west sides provide 12,550 parking spaces .",B2
The name was given to this bay by colonists who saw a large bird that they called a buzzard near its shores .,B2
"A kitchen stove , cooker , or cookstove is a kitchen appliance designed for the purpose of cooking food .",B2
"Whether counsel is retained or appointed , the defendant has a right to counsel without a conflict of interest .",B2
"Bharal are active throughout the day , feeding and resting on the grassy mountain slopes .",B2
After the Baroque period composers did not often write toccatas .,B2
"A for-loop has two parts : a header specifying the iteration , and a body which is executed once per iteration .",B2
"In 1964 and 1965 , 12 rockets were launched from Carnarvon to a maximum altitude of 120 km .",B2
Orders of magnitude are generally used to make very approximate comparisons .,B2
There are several types of wordplay used in cryptics .,B2
"A grenade explosion blew Apiata off the bonnet of his vehicle , where he had been sleeping .",B2
"The first , simple optical printers were constructed in the early 1920s .",B2
The value of the Hamiltonian is the total energy of the thing being described .,B2
"Most myosin molecules are composed of a head , neck , and tail domain .",B2
The second method uses a sliding linear L scale available on some models .,B2
"Academic research into wide area networks can be broken down into three areas : mathematical models , network emulation and network simulation .",B2
"Islam also has its own form of Theistic evolution , which says that mainstream scientific analysis of the origin of the universe is supported by the Qur'an .",B2
"Tuning a timpani by turning every tension rod by itself can be very hard , so some timpani makers invented different ways to change the drum 's pitch more quickly .",B2
"The following table is a list of MPs elected on 5 May 2005 , ordered by constituency .",B2
The first ballads were created by British and Irish settlers and convicts who brought with them the folk music of their homelands .,B2
"There are two principal workarounds to this problem , which substitute digraphs for the accented letters .",B2
Oral sex is genital stimulation by the mouth .,B2
"In computing , at least internally , metric time gained widespread use for ease of computation .",B2
"In order for an officer to seize an item , the officer must have probable cause to believe the item is evidence of a crime or is contraband .",B2
"However , the player can capture pieces on his HOME box .",B2
Busoni made a considerable number of piano rolls ; a few of them have been re-recorded and released on vinyl LP and CD .,B2
"Another , more classical , form of handrailing which is still in use is the tangent method .",B2
The colors indicate the political party or coalition of each President at Election Day .,B2
"On his return to Rome , he was elected as military tribune , a first step in a political career .",B2
"While several real-world leaders exist in the show 's universe , most foreign countries have fictional rulers .",B2
Sharpie markers are made with a number of tips .,B2
As the price of scrap metal has increased plaques have been the target of metal thieves wishing to resell the metal for cash .,B2
"Ockeghem was not a composer who wrote lots of music , but it is hard to tell as some of it might have got lost .",B2
The airport resides at an elevation of 313 ft above mean sea level .,B2
The cause of the vibrations during the first stage of the flight was well known .,B2
Gunnora signed many ducal charters up into the 1020s .,B2
"He starts to be interested in Reggae music very early , and at the age of 15 , he composes his first song .",B2
"Brain played a lot of chamber music , forming a wind quintet with his brother in 1946 .",B2
"The individual mineral grains in schist , drawn out into flaky scales by heat and pressure , can be seen by the naked eye .",B2
Other names are used for corduroy .,B2
The grains of basmati rice are longer than most other types of rice .,B2
"Individual rolls of 135 film are enclosed in single-spool , light - tight , metal cassettes to allow cameras to be loaded in daylight .",B2
"The main disadvantages of circular slide rules are the difficulty in locating figures along a dish , and limited number of scales .",B2
Ferrets are known to suffer from several distinct health problems .,B2
These incidents led to reforms in the packaging of over- the -counter medications and to federal anti-tampering laws .,B2
"In the game , the player takes on the role of a lord who rules over a medieval castle .",B2
The next step is to make notches every foot or two of the log .,B2
These proposals are centered on creating an independent internet identity for linguistic and cultural communities .,B2
"In the center is a machete and hoe , representing the revolution through which the nation gained independence and the importance of agricultural workers .",B2
"In 1994 , the castle complex was made a national historical and cultural reserve .",B2
The first six of her novels gave little indication of the experimental and disturbing nature of her later work published after her detox treatment .,B2
"In modern practice , the bow is almost always held in the right hand while the left is used for fingering .",B2
There is a large variety of colleges in the SUNY system with some overlap in specialties between sites .,B2
"Dimensional lumber is lumber that is cut to standardized width and depth , specified in inches .",B2
"On February 28 , 2007 , new designs of the 5 to 50 naira banknotes were introduced .",B2
"All Group 11 elements are relatively inert , corrosion - resistant metals .",B2
The Emperor of China learns that one of the most beautiful things in his empire is the song of the nightingale .,B2
"The Orange Free State is mostly flat , because it lies in the center of the high plateau .",B2
"Boats may be sailed using a jib alone , but more commonly jibs make a minor direct contribution to propulsion compared to a main sail .",B2
"In November 1942 , a tram was accidentally set in motion whilst parked up overnight .",B2
The old cemetery caved into the river around 1937 .,B2
It was the German paratroopers ' only night time drop during World War II .,B2
Curse tablets are typically very thin sheets of lead with the text scratched on in tiny letters .,B2
"From 1990 , the banks of the Wear were regenerated with the creation of housing , retail parks and business centers on former shipbuilding sites .",B2
"On an international basis , poets may submit their poems .",B2
Today nothing but stone ruins and the elevated railway water tank remain of the township .,B2
Nahuatl has been spoken in central Mexico since at least the seventh century CE .,B2
"Eun-yi succumbs to the effects of the poison , and Mi-hee arranges an abortion without Eun-yi 's consent .",B2
An iron man match is a multiple - fall match with a set time limit .,B2
"Nausea is a non-specific symptom , which means that it has many possible causes .",B2
"In mathematics , the number four is an even number and the smallest composite number .",B2
Whitbourne has many of the facilities of a small town that has traditionally been a regional service center .,B2
"A hall boy could rise through the ranks and , if fortunate , eventually become a valet or butler .",B2
"Although the need for a better airport was acknowledged in 37 studies conducted between 1926 and 1938 , there was a statutory prohibition against federal development of airports .",B2
On single-reed instruments like a clarinet or saxophone the mouthpiece is shaped like a wedge .,B2
Gang rapes usually involve three or more men as the ones who commit the crime .,B2
"The mons pubis is the soft mound of fatty tissue at the front of the vulva , in the pubic region covering the pubic bone .",B2
"Beech grows on a wide range of soil types , acid or basic , provided they are not wet for long periods .",B2
"During World War I , the British had already accused Germany of using the fat from human bodies to make things .",B2
The full official title of the police service is rarely used in speech .,B2
"An international airport may have two one - way loop roads , one for departures and one for arrivals .",B2
Virenque was criticized by the media and satirists for his denial in the face of increasing evidence and his pretence of having been doped without his knowledge .,B2
Things that do not exist at any particular place and time are often considered abstract .,B2
This phrase is British in origin and derives from sports that use goalposts .,B2
The melodic and harmonic versions of the scale are written in with accidentals as necessary .,B2
"Further anatomical study led him to the conclusion that 'individual Africans differ as much , or even more , from other Africans as from Europeans ' .",B2
An aspis was deeply dished and made primarily of wood .,B2
"Noodles are usually cooked in boiling water , sometimes with cooking oil or salt added .",B2
"As emo entered the mainstream , it became a subculture .",B2
"In modern times , even the practice of animal sacrifice has disappeared from some religions , and human sacrifice has become extremely rare .",B2
"Traditionally , globes were manufactured by gluing a printed paper map onto a sphere , often made from wood .",B2
"Due to its position , the hyoid bone does not fracture easily .",B2
The protected area is part of the Terai-Duar savanna and grasslands ecoregion .,B2
The image below presents outdated usage of various video game content rating systems around the world .,B2
"Following the explosion , police cleared the area and searched for any additional explosive devices .",B2
It is hard and crisp but juicy .,B2
"In 1943 , he became assistant director in charge of mechanization and also had responsibility for cryptographic liaison with the US .",B2
"After the negotiations to end apartheid in South Africa commenced in 1990 , the nation re-joined the Olympic movement .",B2
Lovins and Price say that these two different sets of personal values lead to two very different policy paths relating to future energy supplies .,B2
The stand also incorporates a traditional players ' tunnel in the center .,B2
A harp tuned to C-sharp major has all its pedals in the bottom position .,B2
Ammunition makers often offer several bullet weights and types for a given cartridge .,B2
Logic is the study of reasoning and argument .,B2
"The first Reformed Churches were established in Europe in the 1500s , in the wake of the Protestant Reformation .",B2
The British Sovereign serves as the Sovereign of the Order .,B2
"The evolutionary history of scorpions goes back to the Silurian , 430 million years ago .",B2
"However , because conventions are not textually based , their existence and practice are open to debate .",B2
"In the end the use of neusis was deemed acceptable only when the two other , higher categories of constructions did not offer a solution .",B2
"The municipality key consists of eight digits , which are generated as follows : The first two numbers designate the individual German state .",B2
"She persuaded her husband to give her a grove of mulberry trees , where she could domesticate the worms that made these cocoons .",B2
We write a mass number after an element 's name or as a superscript to the left of an element 's symbol .,B2
A genetic counselor is an expert with a Master of Science degree in genetic counseling .,B2
The On-ice official category has been in existence since 1961 and since then sixteen have been inducted .,B2
"Gunfire can be confused with other noises that can sound similar , such as firework explosions and cars backfiring .",B2
"The badges for enlisted men were cut from colored cloth , while officer 's badges were privately made and of a higher quality .",B2
Yuccas are widely grown as ornamental plants in gardens .,B2
"The short - beaked common dolphin is a medium-sized dolphin , but is smaller than the other species of the genus Delphinus , the long- beaked common dolphin .",B2
The palm branch was a symbol of triumph and victory in pre-Christian times .,B2
"Ultimately , the temperatures near the bottom of the geyser rise to a point where boiling begins which forces steam bubbles to rise to the top of the column .",B2
"There are several materials used in saws , with each of its own specifications .",B2
Some species of starfish can regenerate lost arms .,B2
Much of the city is located on a low range of hills running parallel to the coast .,B2
"The saker and falcon had ranges of 360 and 320 yards if fired straight at the target , and 2,170 and 1,920 yards if fired in an upward arc .",B2
"A well - known example of failing overcompensation , can be seen in people going through a mid life crisis .",B2
"Institutions and towns may hold firework displays and bonfire parties , and the same is done on a smaller scale in back gardens throughout the country .",B2
Pavement lights and related products were historically marketed as a way of saving on artificial lighting costs and making space more usable and pleasant .,B2
"Stretching , in its most basic form , is a natural and instinctive activity ; it is done by many animals including humans .",B2
"At first , people believed that sometime in the 7th or 8th century , the city was sacked and burned by invaders .",B2
The state agency operates with an annual appropriation of approximately six million dollars and approximately 100 employees .,B2
"Since the beginning , platforms have been at least 155 m long to accommodate eight - car trains .",B2
"If quarterbacks do n't like the formation the defense is using , they may use an audible .",B2
"Once opened and populated , they typically offer only the most bare - bones of service : a cot and perhaps a bowl of hot soup .",B2
"Trays are flat , but with raised edges to stop things from sliding off them .",B2
"Flatbed trucks have an entirely flat , level platform body .",B2
"Boomerang coasters have occasionally stalled , often in the Cobra Roll element .",B2
Many of his examples are based on the square- cube law .,B2
"The start of the season was unpredictable , with seven different drivers winning the first seven races of the championship ; a record for the series .",B2
"In the times of ancient Greece and Rome , handkerchiefs were often used the way they are today .",B2
Modern instruments classified as bugles are often valved .,B2
"The third act is dominated by the puppet show , a play within the play .",B2
"Zwartbles are now mainly used to produce breeding stock , meat and wool .",B2
"Embedded systems often reside in machines that are expected to run continuously for years without errors , and in some cases recover by themselves if an error occurs .",B2
Chameleons have the most distinctive eyes of any reptile .,B2
There are various methods used to treat phobias .,B2
"A waggle dance consists of one to 100 or more circuits , each of which consists of two phases : the waggle phase and the return phase .",B2
The vitamin is the largest and most structurally complicated vitamin .,B2
"In recent years , due to noise pollution , increasing speed is getting harder .",B2
"On impact with the target , a delayed action fuze is triggered .",B2
Realistic space try to copy the behavior of a vessel under the laws of physics .,B2
"Reserved code elements are codes which , while not ISO 3166 - 1 codes , are in use for some applications in conjunction with the ISO 3166 codes .",B2
"Depending on the culture , and family and social structures , same - sex preferences have been found to develop between 3 and 9 years old .",B2
"Made of basalt , it measures 2.43 metres by 0.92 metres and is 20 centimetres thick .",B2
"Since the development of technology , Transmission and storage systems have been of immense interest to technologists and technology users .",B2
Grooves are used for several purposes in cabinet making and other woodworking fields .,B2
The marbled polecat is found from southeast Europe to Russia and China .,B2
"In an extension of his ionic theory Arrhenius proposed definitions for acids and bases , in 1884 .",B2
Transposable elements represent one of several types of mobile genetic elements .,B2
"A cyclist must wear the jersey when competing in the same discipline , category and speciality that he is world champion for .",B2
The shield itself consists of many components .,B2
The vibrant colors of the coat of arms are to point to a bright future for the islands .,B2
ICs have two main advantages over discrete circuits : cost and performance .,B2
"Stotting makes a prey animal more visible , and uses up time and energy that could be spent on escaping from the predator .",B2
Heather is an important food source for various sheep and deer which can graze the tips of the plants when snow covers low growing vegetation .,B2
Events seemed to prove the omens right .,B2
"Many Internet users have been tricked into looking at the site at one time or another , it has become something of an Internet meme .",B2
Basil suffers from several plant diseases that can ruin the crop and reduce yield .,B2
Parish councils are run by volunteer councilors who are elected to serve for four years and are not paid .,B2
Provisional results are the ballot counts for individual walk - in voting centers .,B2
The growth and development of the Ediacara biota is also important .,B2
No mention of them has been found in contemporary accounts or pictures of the time .,B2
Chinese pistols are in demand in the illegal small arms market in India because they are easy to get and cheaper .,B2
Being childless was considered unusual in the 1950s .,B2
"In Canada , charters are granted by provincial authorities .",B2
"Many brands of ready sliced bread are available , some of which specifically market their suitability for toasting .",B2
A number of craters lie embedded within this range .,B2
"Depending on the size of the motorcade and who it is carrying , routes may be completely blockaded from the general public .",B2
"In order to judge if a language is actually endangered , the number of speakers is less important than the distribution among age cohorts .",B2
The lack of hair can cause health issues with kittens in the first weeks of life because they can get sick with respiratory infections .,B2
"The 91 antelope species , most of which are native to Africa , occur in about 30 genera .",B2
"Unlike the US , countries in Europe impose substantial taxes on fuels such as gasoline .",B2
The characteristics of this secret or key are determined by the system which uses it ; some system require that such keys be in a specific format .,B2
"In 2004 , charges were laid against seven men living on Pitcairn and six living abroad .",B2
Kumquats are much hardier than citrus plants such as oranges .,B2
"SCRs are mainly used in devices for the control of high power , perhaps with high voltage .",B2
The earliest playwright in Western literature with surviving works are the Ancient Greeks .,B2
"When players encounter enemies in either scripted events or random encounters , they enter a battle mode .",B2
The list is sorted by occupation and by nationality .,B2
Flamsteed calculated the solar eclipses of 1666 and 1668 .,B2
"The entire synod is divided into 35 districts , usually representing a specific geographic area .",B2
The oldest khachkars in the cemetery go back to the late 10th century .,B2
"Birds and animals of all sorts began to enrich her garden , where they were allowed to roam free among the grounds .",B2
"The textile and manufacturing sectors across Scotland suffered significant decline in the post-war period and in particular from the 1960s , in the face of greater foreign competition .",B2
These six exceptions are and the verbs formed out of them using prefixes .,B2
"s of 2019 , SkyTeam flies to more than 1,150 destinations in more than 175 countries and operates more than 14,500 daily flights .",B2
"Upon receiving its classification , the depression consisted of a partially exposed low-level center with deep convection occupying the northeastern semicircle .",B2
The gulf receives the runoff from the watersheds of 12 rivers .,B2
Creos is working towards the national electric vehicle objective that consists of installing 800 public charging stations for electric cars and hybrid plug- in cars across the country by 2020 .,B2
"The shot put event was first seen in the Middle Ages , when they would throw cannonballs at their enemies .",B2
Many of the recurring characters of the series have received traits based on the respective element .,B2
Sword dances include long sword dances and rapper dancing .,B2
"Mapother has become widely known as a character actor , who sometimes plays scary or otherwise dark characters .",B2
The theory of their use in sexual display was first proposed by Davitashvili in 1961 and has gained increasing acceptance since .,B2
Newsam started to lose his eyesight in the year 1857 .,B2
"In their usual habitat , chinchillas live either in burrows , or in crevices of rocks .",B2
A faux mixing of Romance languages occurs in the last three lines of the song .,B2
The name of the league is leased to a general sponsor and changes frequently .,B2
"The indie game scene started on PCs , where it remains prominent .",B2
"Cork led 1 - 9 to 1 - 6 at half -time , but went on to rue missed chances .",B2
"White mustard seeds are hard and round , usually around 1 to 1.5 millimetres , with a color forming from beige or yellow to light brown .",B2
The Weeks family began to suffer from a series of family tragedies almost at once after the completion of the house .,B2
"Mastic is used in food , medicine , and industry .",B2
"Acoustically , nasals have bands of energy at around 200 and 2,000 Hz .",B2
The stockyards became the focal point of the rise of some of the earliest international companies .,B2
"Military decorations , service awards , and medals are often mistakenly confused with one another .",B2
"Eventually , the caldera cooled , allowing rain and snow to accumulate and form a lake .",B2
The rosids consist of 17 orders .,B2
Terns breed in noisy colonies and lay their eggs on bare ground with little or no nest material .,B2
A common use of a pinhole camera is to capture the movement of sunlight over a long period of time .,B2
All trains stop at every station along their route and run the entire length of their line from end to end .,B2
The meaning and intent are sometimes mirrored in different terms .,B2
A tactical offensive is an operation that is usually smaller or more limited .,B2
"Interbrand competition was kept at a minimum , with superstars from all brands competing together only at pay-per-view events .",B2
"Apart from giving donations to major educational institutions throughout India , he introduced many educational reforms during his reign .",B2
Python is a good programming language for beginners .,B2
The direction and duration of waggle runs show the direction and distance to flowers .,B2
It seems likely that the standardization of the script will be greatly influenced by the need to typeset it on computers .,B2
All organisms studied contain many RNases of many different sorts .,B2
"By 1851 , there were 15 asteroids , all but one with their own symbol .",B2
The nouns and adjectives are created by removing the ending and thus obtaining the root .,B2
At straight rail 's inception there was no restriction on the manner of scoring .,B2
The frequency chosen for measuring candelas is in the visible spectrum near green .,B2
Derwentwater is very scenic .,B2
Dragons in later Japanese folklore were influenced by Chinese and Indian myths .,B2
"He also persuaded his authority to buy new equipment because he wanted a modern , efficient police force .",B2
"At first , this state of affairs might seem to be counter-intuitive .",B2
"Since 2006 , the duo has been seen frequently on variety shows and pursued individual careers .",B2
The testes have two primary functions : to produce hormones and to produce sperm .,B2
"The origin of the wedge is unknown , because it has been in use as early as the Stone Age .",B2
"Outside the walls of Rome , the powers of the consuls were far more extensive in their role as commanders - in- chief of all Roman legions .",B2
"In most parts of the world , dial - up service was the most common way of connecting to the internet in the late 20th century .",B2
"Dial - up modem use in the US dropped to 60 % by 2003 , and in 2006 stood at 36 % .",B2
The following tables summarize the usage share of all browsers for the indicated months .,B2
The amount of propellant can be measured either in units of mass or weight .,B2
"Announced in the evening of polling day , the result was 56.4 % for against leaving and 43.6 % for independence .",B2
"In the overnight hours after formation , the storm was disorganized with a shabby and abstracted center of circulation .",B2
Its name was announced as Thrym in IAU Circular 8177 .,B2
Modern fishing reels are designed to help in casting for distance and accuracy .,B2
China may have used inoculation in the 10th century .,B2
"When the need for a town crier disappeared , the position passed into local folklore .",B2
Larra lived long enough to prove himself a great prose-writer during the 19th century .,B2
"In 1934 she was found living in poverty , and a retirement fund was established for her .",B2
Types of state can be separated into two categories : democracy and dictatorship .,B2
Not all scientists are convinced that the observed signatures are caused by a ring system .,B2
The arts are usually considered as part of the humanities .,B2
Another example of gorillas ' significant intelligence is their ability to comprehend simple sign language .,B2
The term gets its name from its use in the parliamentary system of government .,B2
The Classical Period also saw an increase in the use of statues and sculptures as decorations of buildings .,B2
"Cicely leaves are sometimes used as a herb , with a strong taste of anise .",B2
The earliest man-made composite materials were straw and mud combined to form bricks for building construction .,B2
Some friends acknowledge each other with exchanges of gifts and cards on this day .,B2
"On April 1 , 2016 the case was heard by the court of appeals .",B2
"After several decades of prosperity , it entered a period of protracted political , military and economic decline .",B2
"A radar gun , used to measure the speed of cars or balls in sports , is usually calibrated with tuning forks .",B2
Castration is commonly performed on domestic animals not intended for breeding .,B2
"Each year , two consuls were elected together , to serve for a one - year term .",B2
"A ballroom dance figure in which during the last step the moving foot passes the support foot , rather than closes to it .",B2
"In some cultures , breasts play a role in human sexual activity .",B2
On the day of her death she was reported to have held hands with her twin brother as she walked to her death .,B2
"As of January 23 , 2010 the death toll from the floods has risen to 68 with 26 others still missing .",B2
"Great part of his career , he had to deal with defending worshipping god in an environment of the anti-religious doctrine of communism .",B2
Millions of people were in lines over a three - day voting period .,B2
There are many ongoing questions about different aspects of photography .,B2
"By this time , she functioned as a doctor in natural medicine , and made a living visiting and nursing people .",B2
"The island had an economy of only one crop until 1966 , based on the cultivation and processing of New Zealand flax for rope and string .",B2
"By first plan , the movie would has the 300 m length on 10 minutes , 15 thousand drawings on the 18 x24 cm size of cellophane .",B2
The Bear was considered a holy animal .,B2
"During the following years , a large number of important public and private buildings were erected .",B2
Szeged and surrounding area has been inhabited since ancient time .,B2
Drumming is the central element of pungmul .,B2
"The barn owls ' main characteristic is the heart- shaped facial disc , formed by stiff feathers which serve to amplify and locate the source of sounds when hunting .",B2
Fire salamanders are found in most of southern and central Europe .,B2
"Proponents believe the area somewhat corresponds to the historic County of Barcelona , although its extent is considerably different .",B2
The bridge 's collapse had lasting effects on science and engineering .,B2
The dances included in the game are taken from the ABC TV show of the same name .,B2
"A player character may sometimes be based on a real person , especially in sports games that use the names and likenesses of real sports people .",B2
There exist more complicated algebraic solutions for the general cubic equation and quartic equation .,B2
There is discussion whether the hotspot is caused by a deep mantle plume or at a shallower depth .,B2
There are two kinds of unit load devices : pallets and boxes .,B2
"For most of its 4.5 billion - year lifetime , Wild 2 probably had a more distant and circular orbit .",B2
"According to legend , one day two hunters were chasing a wild boar .",B2
Most of these positions can be used for either vaginal or anal sex .,B2
Mania can also be caused by physical trauma or illness .,B2
Calcium is very important for the human body .,B2
The French Tech aims to provide a strong common visual identity to French startups as well as to promote entrepreneurial exchanges between them .,B2
The interior also contained a pegboard chess board connected to a pantograph -style series of levers that controlled the model 's left arm .,B2
Camellia plants usually have a rapid growth rate .,B2
"Wave heights in the scale are for conditions in the open ocean , not along the shore .",B2
"Using cylindrical coordinates , the volume of a right circular cylinder can be calculated by integration over",C1
"Bisques are heavy cream soups traditionally prepared with shellfish , but can be made with any type of seafood or other base ingredients .",C1
"Sigourney 's longitude and latitude coordinates in decimal form are 41.333244 , -92.203220 .",C1
"Though AASHTO is not a government body , it possesses quasi-governmental powers in the sense that the organizations that supply its members customarily obey most AASHTO decisions .",C1
Krautchan . net is a German- language imageboard whose / int / board is frequented by English-speaking netizens .,C1
A related example is the multiset of solutions of an algebraic equation .,C1
Federalist No. 10 is generally regarded as the most important of the 85 articles from a philosophical perspective .,C1
"Commodus also had a passion for gladiatorial combat , which he took so far as to take to the arena himself , dressed as a secutor .",C1
"A total of 1,084,000 rounds of ammunition had been taken and removed in thirteen lorries with no casualties .",C1
The central technique of the Socratic method is called an elenchus .,C1
"When part of a monastery , the chapter house is generally located on the eastern wing of the cloister , which is next to the church .",C1
Glass fiber is formed when thin strands of silica- based or other formulation glass are extruded into many fibers with small diameters suitable for textile processing .,C1
"The typical elements of caper stories are humor , adventure , or unusual cleverness or audacity .",C1
The constant field and the pulse field are usually set perpendicular to each other .,C1
"Smoking marijuana in public is still illegal , and anyone caught doing so will have to pay a $ 100 fine .",C1
British Fascism is based upon British Nationalism .,C1
The thymus is largest and most active during the newborn and pre-adolescent periods .,C1
A hypernym is sometimes also called an umbrella term or a blanket term .,C1
Carolingian minuscule was the direct ancestor of blackletter .,C1
"After it is fired , earthenware is opaque and non-vitreous , soft and capable of being scratched with a knife .",C1
"Postum is an instant type of coffee substitute made from roasted wheat bran , wheat and molasses .",C1
The balustrade is the system of railings and balusters that prevents people from falling over the edge .,C1
An alcohol and a carboxylic acid react to form a carboxylic ester .,C1
Merged with Saxe Weimar into Saxe-Weimar-Eisenach,C1
"Life in a workhouse was intended to be harsh , to deter the able-bodied poor and to ensure that only the truly destitute would apply .",C1
Odpor was banned in Germany for terrorist activities and operated between legitimate emigre functions and a thuggish underworld .,C1
"By the turn of the 3rd millennium , the term bogan came to be employed more favorably to indicate a pride in being rough around the edges .",C1
"For vectors with complex entries , using the given definition of the dot product would lead to quite different geometric properties .",C1
Axial compressors are dynamic rotating compressors that use arrays of fan-like airfoils to progressively compress a fluid .,C1
Cottontail rabbits show a greater resistance to myxomatosis than European rabbits .,C1
The world championships of ringuette occur once in three years .,C1
"A generalization of the above current loop is a multi-turn coil , or solenoid .",C1
"Consider a hypothetical hotel with a countably infinite number of rooms , all of which are occupied .",C1
Epenthesis arises for a variety of reasons .,C1
It can also be used as a gender neutral third person singular pronoun .,C1
The triceps can be worked through either isolation or compound elbow extension movements and can contract statically to keep the arm straightened against resistance .,C1
Shamanism is different from animism .,C1
"Many experimental programmes have been run on the C651 cars , including the past program .",C1
Only 25 % of people who experience seizures or status epilepticus have epilepsy .,C1
"Upon its grand opening , the armory 's size seemed inadequate for a work force .",C1
"The longsword is characterized not so much by a longer blade , but by a longer grip , which indicates a weapon designed for two -handed use .",C1
Religious law is explicitly based on religious precepts .,C1
"Some of a subsidiary alliance were : Under this doctrine , Indian rulers under British protection surrendered the control of their foreign affairs to the British .",C1
There are two main kinds of charter : bareboat and skippered .,C1
"A bomb was hidden in an ambulance and detonated at a second police checkpoint , according to officials .",C1
Gaia is the personification of the Earth and these are her offspring as related in various myths .,C1
Some psychologists suggest irregularities of the English names of numerals may hinder children 's counting ability .,C1
The electron transport chain consists of a spatially separated series of redox reactions in which electrons are transferred from a donor molecule to an acceptor molecule .,C1
Some types of chemotherapy are gonadotoxic and may cause infertility .,C1
The parathyroid glands are two pairs of glands usually positioned behind the left and right lobes of the thyroid .,C1
"s of 2019 these are the only known Fermat primes , and conjecturally the only Fermat primes .",C1
STM is based on the concept of quantum tunneling .,C1
The contemporary priesthood can trace its immediate origins to the first half of the 19th century .,C1
"Each V1 sends information to two primary pathways , called the ventral stream and the dorsal stream .",C1
"Bibliomania is not to be confused with bibliophilia , which is the usual love of books and is not considered a clinical psychological disorder .",C1
"As the killer 's epithet implies , the victims usually were attacked with an axe , which often belonged to the victims themselves .",C1
"Although it is toxic in large doses , selenium is an essential micronutrient for animals .",C1
Gummatous syphilis can happen anywhere from one to 46 years after the person first got syphilis .,C1
"A bloomery consists of a pit or chimney with heat - resistant walls made of earth , clay , or stone .",C1
The constitutional court said the congressional resolution to be anti-constitutional and rejected it .,C1
Coagulation is highly conserved throughout biology .,C1
"The electronvolt is often used in atomic , nuclear and particle physics .",C1
Homosociality is a term sometimes used in discussions of the all-male world of knightly life in medieval culture .,C1
One major function of chaperones is to prevent polypeptide chains and assembled subunits sticking together in clumps which do not function .,C1
"In digital puppetry , machinima creators become virtual actors .",C1
Thioethers are important in biology .,C1
Stereochemistry was important in solving the thalidomide disaster in the 1960s .,C1
"Because the brain can shift slightly during surgery , the electrodes can become displaced or dislodged from the specific location .",C1
"Leopoldo Alas remains a rather enigmatic figure in the Spanish literary world , leaving a legacy that encouraged the search for God and humanism simultaneously .",C1
Scratch and sniff is created through the process of micro-encapsulation .,C1
Cognitive dissonance theory proposes that people seek psychological consistency between their expectations of life and the existential reality of the world .,C1
About half of the polyvinyl chloride resin manufactured each year is used to make pipes .,C1
"Duroplast is light , flexible , and strong .",C1
"A duchy is the territory or geopolitical entity ruled by a duke , whereas his title or area is often called a dukedom .",C1
The function or use of the dodecahedra remains a mystery ; no mention of them has been found in texts or pictures of the time .,C1
"Many of the physical properties of alkenes and alkanes are similar : they are colorless , nonpolar , and combustable .",C1
"By May 2008 , Rickrolling had become an internet hit or phenomenon and very soon rickrolling was being covered on mainstream media .",C1
"However , some people with schizophrenia have the ability to tickle themselves .",C1
The anchoritic life is one of the earliest forms of Christian monasticism .,C1
"Having filled the offices of quaestor and praetor with more than usual success , he obtained the consulship in 120 .",C1
Follies began as decorative accents on the great estates of the late 16th century and early 17th century but they flourished especially in the two centuries which followed .,C1
"Chondroitin sulfate was originally isolated well before the structure was characterized , leading to changes in terminology with time .",C1
"Saffron 's aroma is often described by connoisseurs as reminiscent of metallic honey with grassy or hay - like notes , while its taste has also been noted as hay -like and sweet .",C1
"Such a balance is seen more simply in sickle -cell anemia , which is found mostly in tropical populations in Africa and India .",C1
There are different fields of deontological ethics .,C1
Troubadour songs were mainly about chivalry and courtly love .,C1
"As the sovereign 's representative in his or her county , a lord-lieutenant remains non-political and may not hold office in any political party .",C1
"In mathematics all function applications are referentially transparent , by the definition of what constitutes a mathematical function .",C1
The exact identity of silphium is unclear .,C1
"Rivlin had pulmonary fibrosis , a lung disease .",C1
"When a woman starts to give birth , the amniotic sac should break and the amniotic fluid will leak out the woman 's vagina .",C1
Isometric scaling is governed by the square- cube law .,C1
Colchicine is an alternative treatment for people that are unable to tolerate NSAIDs .,C1
"Like other columbids , the mourning dove drinks without lifting or tilting its head .",C1
"Graphically , Goetzinger is known for her research and attention to detail , carefully rendered apparel and a style influenced by Art Nouveau .",C1
The right to silence is a legal protection enjoyed by people undergoing police interrogation or trial in certain countries .,C1
The ingredients are diced and then mixed with kvass just before eating ; the ratio of chopped food to kvass is similar to that of cereal to milk .,C1
"In parliamentary procedure , a motion is a proposal to do something .",C1
The eroded sandstone formation stands about 75 ft tall and is about 300 ft in circumference .,C1
Sailing skiffs are the fastest and arguably most difficult type of dinghy to sail .,C1
"The fallout of the weakening rhythm game market affected game developers , publishers and distributors .",C1
A complementary strand of DNA or RNA may be constructed based on nucleobase complementarity .,C1
"Shortly before his first NHL training camp , Boynton was diagnosed with Type I Diabetes , but the condition did not affect his ability to play hockey .",C1
Muscadine berries are bronze to dark purple to black in color when ripe .,C1
"Nanomaterials can be classified in 0D , 1D , 2D and 3D nanomaterials .",C1
Primary hypersomnias are very rare .,C1
"Small versions of this instrument , called bird flageolets , were also made and were used for teaching birds to sing .",C1
"Following the final orchestral crescendo , the song ends with one of the most famous final chords in music history .",C1
"One notable thing of Japanese mythology is that it explains the origin of the Imperial family , and assigned them divinity .",C1
Products made from neem trees have been used in India for over two millennia for their medicinal properties .,C1
In the 19th century the lightning rod became a symbol of American ingenuity and a decorative motif .,C1
"Every civil parish has a parish meeting , consisting of all the electors of the parish .",C1
There is no evidence that pedophilia can be cured .,C1
The seventeenth century saw a culinary revolution which transported French gastronomy into the modern era .,C1
Very few pyramidia have survived into modern times .,C1
The mallard is a medium-sized waterfowl species that is often slightly heavier than most other dabbling ducks .,C1
A testing dipstick is usually made of paper or cardboard and is impregnated with reagents that indicate some feature of the liquid by changing color .,C1
"In a synchronous stream cipher , the sender and receiver must be exactly in step for decryption to be successful .",C1
"After this , the digesta is moved to the true stomach , the abomasum .",C1
"In some organisms , especially vertebrates , the various Hox genes are situated very close to one another on the chromosome in groups or clusters .",C1
"They also appear in various folklore , remedies , and traditional usages around the world .",C1
"At room temperature , ethane is a flammable gas .",C1
It has been estimated that most mammalian species have between ten and fifteen types of toll - like receptors .,C1
Polyhedra may be classified and are often named according to the number of faces .,C1
"Most ants are univoltine , producing a new generation each year .",C1
"In law , affinity may be relevant in relation to prohibitions on incestuous sexual relations and in relation to whether particular couples are prohibited from marrying .",C1
"The line formation provided the best frontage for volley fire , while sacrificing maneuverability and defence against cavalry .",C1
"Some mathematical notations are mostly diagrammatic , and so are almost entirely script independent .",C1
Mammalian stem cells differentiate into several kinds of blood cell within the bone marrow .,C1
"Bullfrogs are voracious , opportunistic , ambush predators that prey on any small animal they can overpower and stuff down their throats .",C1
"By the 6th millennium BC , there may have been a prehistoric religion or cult .",C1
Hydrography 's origin lies in the making of chart like drawings and notations made by individual mariners .,C1
"The collective noun for a group of quail is a flock , covey or bevy .",C1
"Like other true members of the family , its surface is made up of silicates and some nickel -iron , and is quite bright .",C1
Seven main rivers and innumerable watercourses form a network of channels at this estuarine delta .,C1
"If between 10 and 60 nucleotides are repeated , it is called a minisatellite .",C1
"Male convicts got paid for being servants or farm workers to free settlers , or in work groups on public works .",C1
"Liquid nitrogen has a variety of uses , as it is easy to transport , and compact .",C1
Muons are unstable elementary particles and are heavier than electrons and neutrinos but lighter than all other particles .,C1
"Since privatization , the structure of the rail industry and number of companies has changed several times as franchises have been re-let and the areas covered by franchises restructured .",C1
Synchrotron light is very collimated .,C1
Undulators can provide hundreds of time more magnetic flux than a simple bending magnet and as such are in high demand at synchrotron radiation facilities .,C1
"Each time a cell undergoes mitosis , the telomeres on the ends of each chromosome shorten slightly .",C1
"All tracheary elements develop a thick lignified cell wall , and at maturity the protoplast has broken down and disappeared .",C1
"In the Japanese cuisine , chefs often use shellfish and their roe in different dishes .",C1
All species of yew contain highly poisonous alkaloids known as taxanes .,C1
He eventually had to relinquish painting because failing eyesight meant that he could not achieve the quality that he wanted .,C1
The shell of the abalone is exceptionally strong and is made of microscopic calcium carbonate tiles stacked like bricks .,C1
"As an example , the conversion of a diamond into graphite is a spontaneous process at room temperature and pressure .",C1
Constable painted many full-scale preliminary sketches of his landscapes to test the composition in advance of finished pictures .,C1
One legend says that the ship was doomed because priests were not allowed to board it in the customary manner .,C1
Chlorine dioxide is used to bleach wood pulp to make paper .,C1
Classical ciphers are typically susceptible to known- plaintext attack .,C1
The crossing over of optic nerve fibres at the optic chiasm allows the visual cortex to receive the same hemispheric visual field from both eyes .,C1
Carbohydrates are a food source rich in energy .,C1
Widespread private concerns have led to a number of folklore sayings and popular culture reflections related to penis size .,C1
"The area of study for pollen and spores , including fossils , is called palynology .",C1
Tardigrades are able to live in environments that would kill most animals .,C1
"DBS for treatment resistant depression can be as effective as antidepressants , but side effects and complications need to be watched .",C1
Mab is heavily perturbed .,C1
"Mab is heavily perturbed , meaning its movement is not only caused by the gravity of another large thing .",C1
The statement that is being tested against the null hypothesis is the alternative hypothesis .,C1
"The site consists of six concentric oval rings of postholes , the outermost being about 43 by wide .",C1
The primary flight controls are intrinsically safe .,C1
"Many authors have indicated an integral link between a person 's will to live , personality , and the functions of the prefrontal cortex .",C1
X-rays and UV radiation that is released by solar flares can affect Earth 's ionosphere .,C1
"Supernovae are the most dramatic type of cataclysmic variable , being some of the most energetic events in the universe .",C1
"The bank 's case , and failure amidst a political scandal is widely cited today in the Indian banking sector .",C1
A low normal to low absolute lymphocyte concentration is associated with increased rates of infection after surgery or trauma .,C1
A nail is homologous to a claw but is flatter and has a curved edge instead of a point .,C1
"In Greek mythology , many men and women were given eternal life by being resurrected from the dead .",C1
A transport version of the Stormer with a flat load bed is used to carry the Shielder minelaying system .,C1
A rational fraction is an algebraic fraction where the top and the bottom are polynomials .,C1
Distinguishing features of this earless seal include square fore flippers and thick bristles on its muzzle .,C1
"As the Mesozoic progressed , the Protosuchia gave rise to more typically crocodile - like forms .",C1
"Primate nails consist of the unguis alone , as the subunguis has disappeared .",C1
"The neognaths have fused metacarpals , an elongate third finger , and 13 or fewer vertebrae .",C1
Red junglefowl regularly bathe in dust to keep just the right balance in their plumage .,C1
"Cephalocaridans are found from the intertidal zone down to a depth of 1500 metres , in all kinds of sediments .",C1
"African wildcats are generally crepuscular , hunting at dawn and dusk .",C1
"Plaintext is used as input to an encryption algorithm ; the output is usually termed ciphertext , particularly when the algorithm is a cipher .",C1
A select few languages use voiceless nasal consonants .,C1
"Imps are often described as mischievous more than seriously threatening , and as lesser beings rather than more important supernatural beings .",C2
Surgical removal of the adenoid is a procedure called adenoidectomy .,C2
Temporary abdominal closure techniques are most commonly used in cases of abdominal compartment syndrome in which decompressive laparotomy is necessary to reduce intra abdominal pressure to restore system perfusion .,C2
Americium -Aluminum alloys are formed by the melting of americium dioxide with aluminum and a fluxing agent .,C2
Three major pathways are involved in abnormal proliferation and contraction of the smooth-muscle cells of the pulmonary artery in patients with pulmonary arterial hypertension .,C2
Gum arabic is a complex mixture of glycoproteins and polysaccharides predominantly consisting of arabinose and galactose .,C2
The first step involves light opening the ring of 7 - dehydrocholesterol to form pre vitamin D3 .,C2
An algorithm for finding the smallest superpermutation for 6 or more symbols is as of yet unsolved .,C2
Another bee-inspired stigmergic computational technique called bee colony optimization is employed in Internet Server Optimization .,C2
NK cells are cytotoxic ; small granules in their cytoplasm contain proteins such as perforin and proteases known as granzymes .,C2
Cyberpunk and postcyberpunk authors have been interested by the idea of the breakdown of the government .,C2
"As of 2008 , the best published cryptanalysis on the Twofish block cipher is a truncated differential cryptanalysis of the full 16 - round version .",C2
Welded tuff is a pyroclastic flow of lava which was hot enough to weld together .,C2
"The symptoms of CJD are caused by the progressive death of the brain 's nerve cells , which is associated with the build - up of abnormal prion protein molecules forming amyloids .",C2
"With approximately 25 phonemes , the German consonant system has an average number of consonants in comparison with other languages .",C2
Serum is an important part of the self-renewal of embryonic stem cells when combined with the cytokine leukemia inhibitory factor .,C2
He is known from two inscriptions in hieroglyphics .,C2
Entropy is simply a quantitative measure of what the second law of thermodynamics describes : the spreading of energy until it is evenly spread .,C2
"Shiprock is composed of fractured volcanic breccia and black dikes of igneous rock called minette , or lamprophyre .",C2
Massive hydrographical studies are usually undertaken by national or international organizations that sponsor data collection through surveys and publication of charts and descriptive materials for navigational purposes .,C2
The glans penis is the expanded cap of the corpus spongiosum .,C2
Zinc chloride irritates skin and the respiratory tract .,C2
Species in the Araceae are often rhizomatous or tuberous and are often found to contain calcium oxalate crystals or raphides .,C2
"The symptom may be helped by taking antacids , such as calcium carbonate and sodium bicarbonate .",C2
"Constructing a cipher or hash to exhibit a substantial avalanche effect is one of the primary design objectives , and mathematically the construction takes advantage of the butterfly effect .",C2
"In organisms that use chromosomal crossover to exchange DNA and recombine genes , errors in alignment during meiosis can also cause mutations .",C2
The kinetoplastids were first defined by Bronislaw M. Honigberg in 1963 as the members of the flagellated protozoans .,C2
"In organic synthesis , an important dyotropic reaction is the conversion of 4 - substituted - gamma-lactones to butyrolactones .",C2
"Within the modern synthesis of the early 20th century , macroevolution is thought of as the compounded effects of microevolution .",C2
It follows from the second law of thermodynamics that the entropy of a system that is not isolated may decrease .,C2
Most hormones initiate a cellular response by initially binding to either cell membrane associated or intracellular receptors .,C2
"Different attack models are used for other cryptographic systems , or more generally for all kind of security systems .",C2
The nasal septum can depart from the center line of the nose in a condition that is known as a deviated septum caused by trauma .,C2
"Cattle have been domesticated since the neolithic era , but can survive for months or even years with little or no supervision .",C2
Ophiuroids in general are mostly scavengers or detritivores .,C2
"Blossom died on July 8 , 2011 at the age of 87 of cerebrovascular disease .",C2
A description of any thermodynamic system employs the four laws of thermodynamics that form an axiomatic basis .,C2
"However , recent research has shown that at least some prokaryotes have microcompartments such as carboxysomes .",C2
The serous fluid contains the enzyme amylase which acts in the digestion of carbohydrates .,C2
"Saliva contains the enzyme amylase , which hydrolyses starch into maltose and dextrin .",C2
The nectar of some eucalypts produces high-quality monofloral honey .,C2
Stratigraphic contour lines may be used to illustrate the surface of a selected stratum illustrating the subsurface topographic trends of the strata .,C2
Potassium chromate is a carcinogen and strong oxidant .,C2
The two testable structural consequences of the cosmological principle are homogeneity and isotropy .,C2
Photolysis is part of the light- dependent reactions of photosynthesis .,C2
Ammonium nitrate is not hazardous to health and is usually used in fertilizer products .,C2
Small granules in their cytoplasm contain proteins and enzymes called granzymes .,C2
A Tigrinya syllable may consist of a consonant -vowel or a consonant - vowel - consonant sequence .,C2
Pharmacoepidemiology bridges pharmacology and epidemiology and borrows their methodology from both of them .,C2
Dimethylmercury is extremely toxic and dangerous to handle .,C2
"Because oxygen is more electronegative than carbon , carbonyl compounds often have resonance structures which affect their reactivity .",C2
"In the US , greater than 200,000 surgeries are performed each year for pelvic organ prolapse and 81 % of these are to correct cystocele .",C2
The near-absence of genetic recombination in mitochondrial DNA makes it a useful source of information for scientists involved in population genetics and evolutionary biology .,C2
"Of all aldehydes , formaldehyde is produced on the largest scale , about .",C2
"The two aldehydes of greatest importance in industry , formaldehyde and acetaldehyde , have complicated behavior because of their tendency to oligomerize or polymerize .",C2
One example of an epigenetic change in eukaryotic biology is the process of cellular differentiation .,C2
"The Acanthocephala , a group of parasitic worms previously considered to be a separate phylum , have been shown to be modified rotifers .",C2
The Acanthocephala were thought to be a discrete phylum .,C2
Ammonium carbonate is produced by combining carbon dioxide and aqueous ammonia .,C2
"Descendants of the therapsids , the cynodonts were still flourishing along with the dinosaurs .",C2
"Huya has a moderately red-sloped reflectance spectrum in the visible and near-infrared , suggesting a surface rich in organic material such as tholins .",C2
"There are three types of conics : the ellipse , parabola , and hyperbola .",C2
"Adult Neuropterans have four membranous wings , all about the same size , with many veins .",C2
Many species of chaetotonid gastrotrichs reproduce entirely by parthenogenesis .,C2
"Antipsychotic medicines , such as haloperidol , are sometimes used along with benzodiazepines to control agitation or psychosis .",C2
Bismuth chloride is used as a catalyst in organic synthesis .,C2
A person consuming a dangerous amount of alcohol persistently can develop memory blackouts and idiosyncratic intoxication or pathological drunkenness symptoms .,C2
"Most members of this family are ambush predators , in that they typically remain motionless in a camouflaged position , and then strike suddenly at passing prey .",C2
"Scientists have got new evidence , based on new and better ways of finding dates , using optically stimulated luminescence and Uranium - thorium dating of megafaunal bones .",C2
New evidence based on accurate optically stimulated luminescence and uranium - thorium dating of megafaunal remains suggests that humans were the ultimate cause of the extinction of megafauna in Australia .,C2
Potassium bromate is produced when bromine is passed through a hot solution of potassium hydroxide .,C2
"Olfactory hallucinations can be caused by common medical conditions such as nasal infections , nasal polyps , or dental problems .",C2
"There are three main types of chocolate : white chocolate , milk chocolate , and dark chocolate .",A1
He died on 6 October 1837 in Paris .,A1
Nobbs died on 8 August 2015 aged 80 .,A1
McAlpine died on 4 March 2018 at the age of 81 .,A1
Ullsten died on 28 May 2018 at the age of 86 .,A1
Glucksmann died in Paris on 10 November 2015 at the age of 78 .,A1
The first production version .,A2
Thoth was a unique god .,A2
It is not possible to rent a car on the island .,A2
"7209 , 7210 , 7308 and 7348 have all been destroyed in accidents .",A2
Lists of countries by population,A2
It was built in 1718 but destroyed by an earthquake a short time later .,A2
The domes were often placed directly above the main prayer hall .,A2
"She was an only child , born in London .",A2
"Field was born in London , England .",A2
The class are numbered 7201 - 7440 .,A2
There are many kinds of systems .,B1
Between 22 January and 9 April 2006 the line was closed for engineering works .,B1
"Soba is typically eaten with chopsticks , and in Japan , it is considered acceptable to slurp the noodles noisily .",B1
Some of these beliefs are partly true .,B1
In its existence since 1962 there were a number of important changes .,B1
ATMs may be found in stores and shopping malls .,B1
The British were slow to strike back at first .,B1
"The same is true , up to a point , of the chemical reactions of living things .",B1
Some airports in Japan do not fall under the scope of the Japanese airport statutes .,B1
"However , novel- writing was not easy for women in the early nineteenth century .",B1
"There 169 scored in 64 , for an average of 169 / 64 round 2 per match .",B1
"By the late 1950s , the motion picture business was again changing .",B1
"His themes include landscape and environmental posters , drawings of street life , and protest placards .",B1
His career began as a health and fitness specialist .,B1
This small butterfly triangle - shaped wings .,B1
The Advance variation is 3 . e,B1
The berry has a low sugar content and a mildly sweet taste .,B1
There is some debate over using medication to control fever .,B1
Its name was announced as Suttung in IAU Circular 8177 .,B1
"Town criers were protected by royalty , as they sometimes brought bad news such as tax increases .",B1
The current site of the palace has been in use since Roman times .,B1
The circuit has been criticized by the drivers for its lack of overtaking opportunites .,B1
Unlike many snakes the female king cobra is very good parent .,B1
"Of the 61 different five - goal games , five instances were achieved in a playoff game .",B1
"Developed countries have , which means that the service sector becomes more important , and the is less important .",B1
Holiday said that she began using hard drugs in the early 1940s .,B1
Coal tar was formerly one of the products of gasworks .,B1
"During World War II , the elephants at the Zoo were killed in the air raids of September 7 - 8 , 1941 .",B1
The ground hosted its first Test match on 25 May 2007 where the home team played India .,B1
It can be used as a mordant .,B1
"A tables match is a match in which , to win , one 's opponent must somehow be driven through a table by their opponent .",B1
The dam wall is 76 m high and is 1116 m long .,B1
Kamikaze pilots wore them before flying to their deaths .,B1
The bus station has 19 stands on four platforms .,B1
The range is about 500 km long and it covers a tract about 48 km broad .,B1
The property became famous for its rose garden .,B1
The information here are latest updated as of 25.05.2015,B1
The innovation that led to flatbread pizza was the use of tomato as a topping .,B1
"Two soundtrack albums were released , with the second coming after the huge success of the first one .",B1
There are no records of any military related acts in his time in which he participated .,B1
"This site counts the last 15,000 page views from each of approximately 80,000 websites .",B1
March music is often important for ceremonial occasions .,B1
Poodles have been used as working dogs in the military since at least the 17th century .,B1
"Without heat , a fire cannot begin .",B1
The flag first had twenty - eight white points .,B1
The speech is very important in the popular culture of the United States .,B1
Two websites were created to support the fictional company .,B1
"The 20th century , however , brought the need for a more precise definition .",B1
"Each unit built in this way is a single 10 ft section of bridge , with a 12 ft roadbed .",B1
The W bosons are named after the weak force .,B1
"Since rabbits are prey animals , they are careful in open spaces .",B1
It is too small to have any general lumber usage .,B1
"In Korea and Japan , the traditional writing system was simplified so it could be taught to the general public .",B1
Presidents who have been featured on the cover,B1
"The cemetery was discovered in the 1920s , but had not been used since the 9th century AD .",B1
Governments use different kinds of taxes and vary the tax rates .,B1
Mammals are set out by size with largest at the top .,B1
"She enjoyed discussing politics with her father , and later with her husband .",B1
"In this region , Iran is home to the most sites with 13 sites .",B1
The last killer tornado occurred around 12 : 30 AM on April 12 killing four people .,B1
"The database has more than 15 million articles from more than 3,600 publications .",B1
"The majority of squid are no more than 60 cm long , although the giant squid may reach 13 m .",B1
Felt is used for many different things .,B1
The average depth is 1744 m and the greatest depth is 4735 m .,B1
The currently accepted rules of ancient Greek boxing are based on historical references and images .,B1
Rast was severely affected by flooding in the April 2006 Danube floods .,B1
"Leaving Paris shortly before World War I , he returned to his father 's house , but was denied support .",B1
"Despite German attacks , the town held .",B1
"Because he always needed money , he raised taxes and sold towns .",B1
There are many websites that have the lyrics to songs .,B1
"Thin slices or strips of vegetables or seafood are dipped in the batter , then briefly deep-fried in hot oil .",B1
"The motorway was first suggested early in the 20th century , and a few sections were built in the early 1970s .",B1
Breeding in this family begins at the start of the rainy season .,B1
It has over 100 locations in Canada as well as some in the United States .,B1
Sex selection is not new .,B1
"The statue is one of the most popular tourist destinations in Germany with over 130,000 visitors a year .",B1
"The first trailer for the new movie was released on February 5 , 2015 .",B1
Unemployment among a large portion of the population is part of the reason for crime .,B1
The tornado was estimated to have been an F4 on the Fujita scale .,B1
"It is possible to fire a light machine gun from the hip , or on the move .",B1
"Due to the worldwide spreading of the memorial culture surrounding Hiroshima , similar ceremonies are held across the globe .",B1
The thermal efficiency of a heat engine is the percentage of heat energy that is transformed into work .,B1
A total of thirteen people have served as Prime Minister of Upper Volta / Burkina Faso .,B1
Greek philosophy is one of the foundations of Western culture .,B1
The college has 926 faculty and staff .,B1
Final development of the M1918A2 was authorized on 30 June 1938 .,B1
"As of February 2016 , more than 1.3 million websites use Drupal .",B1
Exploring the mines is not allowed by the prefecture and people caught get heavy fines .,B1
Most of the principal buildings of the castle date from the fifteenth and sixteenth centuries .,B1
There are many causes of kidney disease .,B1
"Most spiders have four pairs of eyes on the top-front area of the body , arranged in patterns that vary from one family to another .",B1
People cannot agree if parents should appear naked in front of their children .,B1
"In the Meiji period , sports which were imported from the West became popular .",B1
Both species of kangaroo mouse live in sandy desert ecosystems .,B1
Juvenile birds do not have the white patches on either side of the neck .,B1
Their skin is thin and soft with shiny hair .,B1
The rules currently used for the sport are based on the old rules .,B1
The conference happens every year from December 28 to January 1 .,B1
There are two versions of the video .,B1
He almost died of hunger .,B1
The stories of his travels were told in a number of different books .,B1
"Like Chinese , Japanese also does not use spacing in its writing .",B1
The band initially planned to record their debut album in the space of two weeks .,B1
The quintet decided to make this project serious and record an album .,B1
Names shown in bold means the airport has scheduled passenger service on commercial airlines .,B1
Parkinson 's disease can cause the brain to not respond .,B1
"In 1997 a major fire burned about 1,435 km2 of the forest .",B1
"In many countries , a secretary of state is a mid-level official .",B1
Credits adapted from West 's official website .,B1
Many things can play a part in a player 's success in arm wrestling .,B1
"In straight pool , the person shooting may attempt to pocket any ball on the table .",B1
In the game you have option of playing as selected celebrities and professionals from the show .,B1
"During the second half of the 20th century , many people went to the country counties from nearby cities .",B1
"Strebelle was a knwon artist for more than 65 years , and his works are found in private collections and public settings around the world .",B1
Peer-reviewed test methods have been published by government agencies and private research organizations .,B1
Lobsters usually move slowly by walking on the bottom of the sea floor .,B1
"The best-known version is the soul food version , which uses fried chicken .",B1
The most common chicken and waffle pairing comes from the American soul food tradition and uses fried chicken .,B1
The top of a pass is often the only flat ground in the area so it is often a good site for buildings .,B1
One of the problems with the plan was the availability of landing ships .,B1
"Otherwise , companies in France was looking for graduated students with specialized skills , for jobs in key sectors .",B1
Real 's traditional away colors are all blue or all purple .,B1
"From time to time , individuals joined the Order by special permission .",B1
"Though she did not fight in any large battles , her story inspired many works of art and literature .",B1
One of the most famous traditions is leaving a tooth under a pillow for the tooth fairy .,B1
"In most games today , the first part has been sung , then the chorus two times .",B1
"Facilities for visitors around the lake include camping areas , picnic areas , toilets and barbecues .",B1
"Deep frying produces large amounts of waste oil , which must be disposed of properly .",B1
It is the 18th largest edition by article count .,B1
"It currently has articles , making it the 18th largest Wikipedia by article count .",B1
The competition at this phase is organized by the county football associations .,B1
The series also featured at least one significant cameo role per episode .,B2
"Captive breeding is difficult , partly because of the relatively infrequent breeding cycle .",B2
"A flash flood on 16 August 2004 , caused extensive damage to the village .",B2
The concepts of angle and radius were already used by ancient peoples of the first millennium BC .,B2
"Traditionally , the Japanese considered it disrespectful to call any person by his given name , and more so for a person of noble rank .",B2
Hemp is one of the oldest plants humans have grown and used .,B2
"The role of the British prime minister 's spouse is not an official office and , as such , they are not given a salary or official duties .",B2
An airplane makes forward thrust when air is pushed in the direction opposite to flight .,B2
His early work was on the conductivity of electrolytes .,B2
"The greater roadrunner nests on a platform of sticks low in a cactus or a bush and lays three to six eggs , which hatch in 20 days .",B2
"People with hepatitis A should rest , drink a lot of water and avoid alcohol .",B2
The main goals of earthquake engineering are : A properly engineered structure does not necessarily have to be extremely strong or expensive .,B2
"Members of the order are wingless even as adults , making them relatively difficult to identify .",B2
Spyros Kyprianou died on 12 March 2002 after a long fight with prostate cancer .,B2
The right to die is very controversial .,B2
The school has co-curricular activities A drama was filmed in 2005 .,B2
The idea of a general bypass around London was first proposed early in the 20th century .,B2
Most victims of the genocide were killed in their own villages .,B2
The high prevalence of people from the West on this list may be due to societal attitudes toward homosexuality .,B2
True book - borers are uncommon .,B2
"His ability as tenor let him record twelve albums of romantic songs , as well as three albums of poetry and fourteen books to tape .",B2
The throne is seen as a symbol of authority .,B2
An anime based on this manga aired between April and July 2011 .,B2
Canyoning can be dangerous .,B2
The skull protects the brain and the ribs protect the heart and lungs .,B2
Coupled with the expansion and expanded menu came the outsourcing of baked goods .,B2
English - language anime forums adopted those Japanese-style emoticons that could be used with the standard ASCII characters available on Western keyboards .,B2
"Like most rattlesnakes they live on land , and are not good climbers .",B2
Insight can be conceptualized as a two phase process .,B2
The bush rat is found primarily in the coastal regions of south and eastern Australia .,B2
Milch has bipolar disorder .,B2
A moment of silence is a common way to remember tragedies .,B2
Thousands of tributes from around the world were posted on the internet .,B2
"Although animals have never have wheels for locomotion , some animals will move by rolling their whole body .",B2
There are at least 33 islands in the atoll .,B2
Males and females have different vocal fold sizes .,B2
"Environmental chemistry involves first understanding how the uncontaminated environment works , which chemicals in what concentrations are present naturally , and with what effects .",B2
"Outside France , baguettes are also made with other doughs .",B2
Ice sheets are larger than ice shelves or alpine glaciers .,B2
"At 05 : 45 on May 23 , 1944 , 1,500 Allied artillery pieces started bombing .",B2
Naturally occurring cadmium is composed of 8 isotopes .,B2
The trust operates one of the most visited museums in the United States and gets 1.3 million visitors per year .,B2
Some salamander species use tail autotomy to escape predators .,B2
"In drinking water , the higher the turbidity level , the higher the risk that people may develop diseases .",B2
"Letter frequency distributions are also used in frequency analysis to crack ciphers , and are used to compare the relative frequency of letters in different languages .",B2
"His first presidential term was marked by a severe economic crisis , social unrest and violence .",B2
"To swim , the nautilus draws water into and out of the living chamber with its hyponome , which uses jet propulsion .",B2
Many products are made from plant sap .,B2
Maple syrup is made from reduced sugar maple xylem sap .,B2
"In regular play , two defencemen play with three forwards and a goaltender on the ice .",B2
Nowadays the creation of town and parish councils is encouraged in unparished areas .,B2
There exist computable numbers for which a rounded value can never be determined no matter how many digits are calculated .,B2
"By the early 1990s , a wide array of companies had their own diet refreshments on supermarket shelves .",B2
"Net Applications bases its usage share on statistics from 40,000 websites having around 160 million unique visitors per month .",B2
It is estimated that approximately half of all proteins contain a metal .,B2
Bird banders have found that only 25 % of juvenile American robins live through their first year .,B2
"Shores are influenced by the topography of the surrounding landscape , as well as by water induced erosion , such as waves .",B2
Gas chambers have been used for capital punishment in the United States to execute death row inmates .,B2
The German people and troops disliked the idea of going against Dutch neutrality .,B2
The garrote is known to have been used in the first century BC in Rome .,B2
"Psychology is the scientific study of human behavior , mental functioning , and experience .",B2
Sea levels can be affected by many factors and are known to have varied greatly over geological time scales .,B2
"The gharial 's snout is very long and narrow , with 27 to 29 upper and 25 or 26 lower teeth on each side .",B2
The radula is wide and has exactly nine teeth .,B2
Nitromethane is added to the fuel for more power and to make the engine easier to tune .,B2
"By 1947 , penicillin had become the standard treatment for syphilis .",B2
"Low - pressure O is used in space suits , surrounding the body with the gas .",B2
Distances measured in fractions of a parsec usually involve objects within the same star system .,B2
Urinary tract symptoms are frequently lacking in the elderly .,B2
"The throwback uniforms would have an impact on future seasons in the NHL , as several teams adopted throwbacks as alternate jerseys .",B2
Fluids can contain suspended solid matter consisting of particles of many different sizes .,B2
Pi bonds result from overlap of atomic orbitals that are in contact through two areas of overlap .,B2
It is the science of the endocrine system and hormones in a wide range of animals .,B2
There are several alternatives to measuring the size of an angle by the angle of rotation .,B2
The original motivation for choosing the degree as a unit of rotations and angles is unknown .,B2
More than half of the original vegetation of the islands are cleared .,B2
"Race length can be determined by a number of laps or total time , in which case the number of remaining laps is calculated as the race progresses .",B2
"Eugenia is a large asteroid , with a diameter of 214 km .",B2
The park was declared a reserve in 1964 and on 12 June 1981 it became the 28th national park of Thailand .,B2
Violent scenes were removed from the movie to achieve an R rating rather than an X rating .,B2
"People associate certain colors with certain flavors , and the color of food can influence the perceived flavor in anything from candy to wine .",B2
"The stick used to hit billiard balls , called a billiards cue , is different in some ways from the typical pool cue .",B2
"The bats ' most distinguishing feature is that their forelimbs are developed as wings , making them the only mammals capable of flight .",B2
Medical testing for sexually transmitted infections is important for prevention .,B2
"During the early settlement of Australia by Europeans , the notion became commonly held that the bunyip was an unknown animal that awaited discovery .",B2
"Today VOIS unites more than 3,500 performers and hundreds of record-labels in different music styles .",B2
The hot air balloon is the oldest form of flying technology that can successfully carry people .,B2
Alcock was one of the leading pre-Reformation divines ; he was a man of deep learning and also of great proficiency as an architect .,B2
"In the interwar years urban London further expanded , with the expansion of public transport , and the setting up of new industries outside inner London .",B2
The Tentative List consists of sites which have been nominated .,B2
The authors ' claim that nuclear power and clean coal are not clean technologies .,B2
In 2016 Cocks was diagnosed with kidney cancer .,B2
"Adults are rarely seen in the open , and often live in burrows that are usually two feet from the surface .",B2
"Timber is generally pale pink to pinkish brown in color , often with distinctive light grey streaks .",B2
"However , this usage means that cheap handcuffs are used in times where steel ones would normally be unused for long times .",B2
Today twelve volumes including more than 4170 items and more than 4000 illustrations and photographs can be retrieved by the user .,B2
"In Sweden , the phenomenon was booming by the mid and late 1980s .",B2
The eyes of the mantis shrimp are mounted on mobile stalks and can move independently of each other .,B2
"To date , one Class 01 / 5 registered locomotive has been preserved .",B2
This is a list of buildings currently under construction or proposed that are planned to reach 150 m in height .,B2
They differ from giraffes as their ossicones are from different bones .,B2
There are a wide range of giant-class stars and several subdivisions are commonly used to identify smaller groups of stars .,B2
"This species probably lived near a freshwater lake , probably hunting for other small creatures that lived in the same habitat .",B2
"The race for natural resources will be hard , the biocapacity of the world will be exploited more and more .",B2
The biological model of lust is different from love because it is more like hunger or thirst .,B2
The answer comes out the same both ways because addition is associative .,B2
Fold mountains occur when two plates collide .,B2
Geography as a discipline can be split broadly into two main subsidiary fields : human geography and physical geography .,B2
A similar tie-breaking rule is round half to odd .,B2
Bearded seals are about 2.1 m to 2.7 m in nose- to-tail length .,B2
The development of explosive artillery shells made the use of iron armor plate on warships necessary .,B2
Spelling was diagnosed with oral cancer in 2001 .,B2
Rarely parasites can cause abscesses and this is more common in the developing world .,B2
"This species stings in response to being stepped on or grabbed , but generally avoids conflict .",B2
"Woven fabric is more elastic as well as more fluid in the bias direction , compared to the straight and cross grains .",B2
The common chimpanzee is listed on the IUCN Red List as an endangered species .,B2
"The Gran Valira is a tributary to the Segre , which in turn is a tributary to the Ebro .",B2
"Avant - garde represents a going against what is accepted as the norm , especially in culture .",B2
"For 95 - 97 % of cases , infection is resolved after one dose of metronidazole .",B2
"With such a large impact , debris was most likely scattered globally , but has since been worn away .",B2
The narrow coastal plain rises rapidly into several mountain ranges .,B2
The first event on the para-alpine program is the downhill .,B2
The towns which compound this department nowadays had different origin .,B2
"As instrumentation has improved , distant objects can now be examined in more detail .",B2
"No matter how advanced the semiconductor process or how fast the switching speed , this places a practical limit on how many instructions can be simultaneously dispatched .",B2
Zika virus can also spread by sexual transmission from infected men to their partners .,B2
Because of the lack of predators even the bats spend most of their time on the ground .,B2
The reason that Specialized was based on Special English is related to their respective usage .,B2
Originally the service had been provided by two -axle motor cars .,B2
"Perspective drawings have a horizon line , which is often implied .",B2
Convenience stores usually charge higher prices than conventional grocery stores or supermarkets .,B2
"Both forms of cardamom are used to add flavor to both food and drink , as cooking spices and as a medicine .",B2
Bird eggs are a common food and one of the most versatile ingredients used in cooking .,B2
"The fruit is usually eaten by cutting it in half , then scooping out the pulp with a spoon .",B2
All participants are timed or have a distance measured and this is their end result .,B2
"In some rhythm games , the screen will display an avatar who performs in response to the player 's button-presses .",B2
"Before the 21st century , the evolutionary history of the flying squirrel was often debated .",B2
Grebes make their nest from plants found in the water .,B2
Additives are often added to rocket propellants to modify their burn properties .,B2
Bidatsu suffered from an unknown disease which afflicted him with sores .,B2
European perch lives in water which contains no salt or very little salt .,B2
The Galapagos shark is circumtropical in distribution with a preference for waters surrounding oceanic islands .,B2
Ringed seals eat a wide variety of small prey .,B2
"American carrier aircraft had difficulty locating the target , despite the positions they had been given .",B2
During this period many design houses began to hire artists to sketch or paint designs for garments .,B2
The relationships between the queen and the breeding males may last for many years .,B2
"Humans have managed to construct lighter than air vehicles that raise off the ground and fly , due to their floating in air and water .",B2
The Court ruled 7 - 2 that the death penalty is not always cruel and unusual punishment .,B2
The autism rights movement is sometimes controversial .,B2
"The magazine is published monthly , and additional map supplements are also included with subscriptions .",B2
The landscape is mostly made of meadows .,B2
"He was the 6th child in the family , though two of his siblings were from his father 's first marriage .",B2
Many different theories attempt to explain the nature and function of love .,B2
"The Western Interior Seaway was a shallow sea , filled with abundant marine life .",B2
Oxygen is very reactive and must be kept away from anything that can burn .,B2
"Despite this increase in popularity , there are people who criticize the use of this dialect .",B2
The remarks generated controversy .,B2
Swine influenza virus is common throughout pig populations worldwide .,B2
"For people who keep getting infections , taking antibiotics for a long time is helpful .",B2
Some clinics function as a place for people with injuries or illnesses to come and be seen by a triage nurse or other health worker .,B2
"In lateral approximants , only the center of the tongue touches the roof of the mouth .",B2
People of all races have fought against segregation and discrimination in the United States .,B2
"Margays are mainly nocturnal , but they do sometimes hunt during the day .",B2
"So far , two nuclear weapons have been used in the course of warfare , both by the United States near the end of World War II .",B2
"In September 2002 , he was diagnosed with breast cancer .",B2
"For the 2006 season , the fuel was a 90 % / 10 % mixture of methanol and ethanol .",B2
There is also a lieutenant - governor and an administrator .,B2
The number of chromosomes is 40 .,B2
Construction began in 1871 of a bridge to be supported by brick piers resting on bedrock .,B2
Most people with dengue recover without any ongoing problems .,B2
The animated series takes place chronologically between the and films .,B2
The book series does not happen in one particular timeframe .,B2
The main difficulty of water wheels was their inseparability from water .,B2
"Officially , genetic engineering is the direct manipulation of the genome with techniques developed in the 1970s .",B2
Fat feminism and the related fat acceptance movement originated in the late 1960s alongside second -wave feminism .,B2
"After more than 40 movies , she ended her movie career in 1928 at the early age of 13 .",B2
"Gardenia plants are prized for the strong sweet scent of their flowers , which can be very large in size in some species .",B2
"Once a person gets the dengue virus from a mosquito , the virus attaches to and enters the person 's white blood cells .",B2
"White chocolate , although similar in texture to that of milk and dark chocolate , does not contain any cocoa solids .",B2
"The ocelli of insects have a simple lens , but their focal point always lies behind the retina . They can never form a sharp image .",B2
Canada is also home to many indigenous languages .,B2
"After the fall of the Berlin Wall the population dropped from over 100,000 in 1989 down to roughly 75,000 in 2005 through emigration .",B2
"Like other reptiles , turtles lay eggs which are slightly soft and leathery .",B2
"Plasma screens are made out of glass , which may result in glare on the screen from nearby light sources .",B2
Sauces may be used for savory dishes or for desserts .,B2
The method works best if neither the parent nuclide nor the daughter product enters or leaves the material after its formation .,B2
The mineral was used during mummification ceremonies in ancient Egypt because it absorbs water and behaves as a drying agent .,B2
The atmosphere is modeled as a fluid .,B2
One example where this is used is the Light- dependent reaction of photosynthesis .,B2
"Critics have objected to the use of genetic engineering on several grounds , including ethical , ecological and economic concerns .",B2
"Visual stimuli are frequently considered elegant if a small number of colors and stimuli are used , emphasizing the remainder .",B2
During the 1960s the paper championed the new British groups emerging at the time .,B2
Small memories on or close to the CPU chip can be made faster than the much larger main memory .,B2
"In men , as in women , there are a number of physical factors that may cause sexual discomfort .",B2
"His interests included linguistics , archaeology , biochemistry and music .",B2
Zinc sheet metal is used to make zinc bars .,B2
Over 250 different species of looli marine life are found in the 300000 acre of lagoon and surrounding waters .,B2
Rottnest is one of the few areas in the world where the native quokka can be found .,B2
"New paradigms have been created over time , and people either pointed them out at the time , or when looking back .",B2
Plasma screens are made of two sheets of glass with two gases stored between the sheets .,B2
"The plasma window emits a bright glow , with the color being dependent on the gas used .",B2
"Water play areas are similar to water parks and include urban beaches , splash pads , and smaller collections of water slides in many hotels and public swimming pools .",B2
"Platform games originated in the early 1980s , which were often about climbing ladders as much as jumping , with 3D successors popularized in the mid-1990s .",B2
"These monkeys are active in the daytime , and live together in social groups .",B2
"In the United States , campaigns have made people believe that wildfires are always bad for nature .",B2
"Under current rules and regulations , every movie made primarily in any dialect of Chinese language is eligible for competition .",B2
The giant panda is a conservation - reliant vulnerable species .,B2
"The permanent collection consists of more than 35,000 works of art .",B2
The larvae have black hairs and also eat small insects .,B2
The church underwent several renovations during the 1900s .,B2
The river 's total length is 2400 km and its drainage basin totals 534739 km2 in area .,B2
Komodo dragons are carnivores .,B2
Xcelerator will not operate in the rain so that a shortshot does not happen when the launch track is wet .,B2
"Thus , we can evaluate a contour integral of the fourth dimension .",B2
TVLM513 - 46546 is the name scientists give to a flare star with very low mass .,B2
There are many other variations on male masturbation techniques .,B2
Equations can be classified according to the types of operations and quantities involved .,B2
"At the highest level , all of England is divided into nine regions that are each made up of a number of counties and districts .",B2
There may be two subspecies of the Siamang .,B2
Animated sequels and movie-length episodes of animated series are also often released in this fashion .,B2
Another technique that has become more popular recently is multithreading .,B2
"A bald eagle , the national bird of the United States , symbolizes protection in peace and war .",B2
"Each female fly can lay about 9,000 eggs in its life , in several batches of about 75 to 150 .",B2
A slightly different explanation focuses on the loss of the essential while holding on to what is not essential .,B2
"Alcohol is the most available , widely consumed , and widely abused recreational drug .",B2
"These are Australian political parties which are no longer registered with any federal , state or territory political bodies , and can thus no longer contest elections .",B2
"A crossfader on a dj mixer essentially functions like two faders connected side- by-side , but in opposite directions .",B2
There are many software applications that feature virtual crossfaders .,B2
"Pollination in this genus is accomplished in an unusual manner , as the pollen is grouped into pollen sacs .",B2
The following is a list of serum hCG levels .,B2
"Leo died in 1289 from arsenic , and was succeeded by his son Hetoum II .",B2
He was succeeded by his son Hethum II .,B2
The battle was the first naval battle in history in which the ships never saw or fired directly at each other .,B2
"Originally , electricity and magnetism were considered to be two separate forces .",B2
Black powder had a very low specific impulse .,B2
"The first necessary things used in the sport includes outrigger skis , sit-skis , and mono-skis .",B2
China has one of the world 's oldest civilizations and has the oldest continuous civilization .,B2
The disparities between the two sets of dates result from additional discoveries and refined understanding of the still very incomplete source evidence .,B2
The demand for organs significantly surpasses the number of donors everywhere in the world .,B2
"During mating season , the salamanders travel upstream , where the female lays two strings of over 200 eggs each .",B2
The movement is controversial .,B2
It is possible to use rounded arithmetic to evaluate the exact value of a function with a discrete domain and range .,B2
"The films are written and directed by a variety of individuals and feature large , often ensemble , casts .",B2
"During the construction , the bridge collapsed on 31 August 1939 , and 18 workers were killed .",B2
Controlled burning is practised by the national park in consultation with traditional owners who have used fire as a land management tool for thousands of years .,B2
Magnesium sulfate is used as a brewing salt in beer .,B2
The mortality rate of chikungunya is slightly less than 1 in 1000 .,B2
"The tightened security made things very hard for the German soldiers to move about , and a number of them were captured .",B2
The least skipper 's rounded wings and slender body are distinctive .,B2
"In the past , ten subspecies of the dholes were recognized .",B2
"However , studies on the dhole 's DNA show little genetic difference between the subspecies .",B2
G5 - O33 The Horus name is the oldest form of the pharaoh 's name .,B2
At the northern end there are salt marshes which include a wetland of international importance .,B2
Slugs belong to several different families which also include snails with shells .,B2
Large parts of the world remained plagued by largely preventable or treatable infectious diseases .,B2
The thrush builds a neat mud-lined cup nest in a bush or tree and lays four or five dark -spotted blue eggs .,B2
"Generally , unblended black teas are named after the region in which they are produced .",B2
"The wood pigeon is mostly grey , with large white patches on both sides of the neck .",B2
The purpose of this event is for individual shooters to try and score on a breakaway against an opposing goalie .,B2
"Various theories have been put forward as possible contributors to the collapse , many of them mutually compatible .",B2
"For over three decades , he has combined teaching with a writing profession .",B2
Vervet monkeys serve as a primate model for understanding genetic and social behaviors of humans .,B2
"In the early days of the recording industry , record labels were absolutely necessary for the success of any artist .",B2
"With the Internet now being a viable source for music , net labels emerge .",B2
"It has a horizontal bands of yellow , green and red ; charged with a large white five-pointed star at the center .",B2
Argonauts are capable of altering their color .,B2
"On December 19 , 2012 , evidence was presented for a system of five planets orbiting Tau Ceti .",B2
The strings of eggs absorb water and swell in size .,B2
The Bull shark mainly feeds on bony fish and small sharks .,B2
A striking feature of metabolism is the similarity of the basic metabolic pathways among vastly different species .,B2
"Most seamounts are not yet to be studied , or even mapped .",B2
"When the baby is latched on correctly , the nipple is located against the soft palate in the back of the baby 's mouth .",B2
"The different species specialise in feeding on different conifer species , with the bill shape optimized for opening that species of conifer .",B2
"The draw for the qualification stage took place on 8 April 2015 , immediately after the announcement of the host nation .",B2
The film 's story is about an astronaut crew who leave Earth on a deep space mission and crash land on a supposedly alien planet in the 40th century .,B2
In many jurisdictions no formalities are necessary to start an association .,B2
"In most countries , an unincorporated association does not have separate legal personality , and few members of the association usually enjoy limited liability .",B2
"The sexes usually differ , often in the pattern or number of the black markings .",B2
All five subspecies of the mourning dove look similar and cannot be told apart easily .,B2
"A white dwarf is very hot when it is formed , but since it has no source of energy , it will gradually radiate away its energy and cool .",B2
"A fairly fast growing species , it can grow as high as 30 metres , and can live more than 100 years .",B2
"During the afternoon of July 16 , a tropical depression formed thousands of miles west of Mexico , and within 12 hours it strengthened into a tropical storm .",B2
"Currently , 244 countries and territories have official ISO 3166 - 1 codes .",B2
Elemental potassium does not occur in nature because of its high reactivity .,B2
The candidates in this section have held public office or been included in a minimum of five independent national polls .,B2
Individuals in this section have expressed an interest in running for president within the last six months .,B2
"In the United States , states have primary jurisdiction in matters of public morality .",B2
"After the remaining population had been expelled , the Germans continued the destruction of the city .",B2
"The gestation period of queens is between 64 and 67 days , with an average of 66 days .",B2
"In some cases , when cold snaps threaten wildlife , warming centers are created and operated to protect endangered wild animals .",B2
The atmosphere is a chaotic system .,B2
By 1880 the reliable water source had attracted many settlers .,B2
The initial aim of treatment is to settle the symptoms of an acute attack .,B2
"To improve mechanized sorting , each address now has a sorting number which is printed on the letter as an orange colored barcode .",B2
"The fur coloring of the lar gibbon varies from black and dark - brown to light - brown , sandy colors .",B2
Nautiluses reproduce by laying eggs .,B2
"One of the major criticisms of this law is the confusion caused when some states recognize a new entity , but other states do not .",B2
"Tube feet are used to move , feed and respiration .",B2
Convective rainbands can form parallel mountains on their windward side .,B2
Small amounts of hydrogen sulfide can be found in crude petroleum .,C1
The Cheer pheasant lacks the color and brilliance of most pheasants .,C1
Honey badgers have the least specialised diet among mustelids .,C1
Mercury is extracted by heating cinnabar in a current of air and condensing the vapor .,C1
Myxobacteria move by gliding on the surface .,C1
"Most forms of leukemia are treated with pharmaceutical medication , typically combined into a multi-drug chemotherapy regimen .",C1
The battle abruptly ended the period of triumphant Roman expansion that followed the end of the Civil Wars forty years earlier .,C1
Presocial behavior is much more common in the animal kingdom than complete eusociality .,C1
Half the sugar of a can of regular cola is still more sugar than many people on popular low-carbohydrate diets are permitted to have in a day .,C1
Hollandaise is one of the five mother sauces in French haute cuisine .,C1
A barograph is a device which records barometric readings on paper .,C1
"Unlike their relatives living in more hospitable climates , deep-sea cephalopods cannot afford to expend energy in protracted flight .",C1
"The silvertip shark is a robust and streamlined species with a moderately long , broad snout and large , round eyes .",C1
"The most complex molecular machines are made of proteins , and found in cells .",C1
"In Europe , the common crane predominantly breeds in boreal and taiga forest and mixed forests , from an elevation of sea-level to 2200 m .",C1
An order can be as simple as setting a date for trial or as complex as restructuring contractual relationships by and between many corporations in a multi-jurisdictional dispute .,C1
"Pirogi come in different shapes and forms : they are often oblong with tapering ends , but can also be circular or rectangular .",C1
"The standard shape for pyrohy is oblong with tapering ends , but rectangular or circular pyrohy are also common .",C1
The terminology used to refer to this delicacy differs greatly in various areas of Germany .,C1
"Fish and amphibian eggs have only one inner membrane , the embryonic membrane .",C1
"Older banyan trees are characterized by aerial prop roots that mature into thick , woody trunks , which can become indistinguishable from the primary trunk with age .",C1
"A serekh was normally used as a royal crest , showing the name of the pharaoh .",C1
"Gliese 581 c was thought to be habitable when it was discovered , and it was thought to be in the habitable zone .",C1
Digital signal processing algorithms typically require a large number of mathematical operations to be performed quickly and repeatedly on a series of data samples .,C1
"The bushtit is one of the smallest passerines in North America , at 11 cm in length and 5.3 g in weight .",C1
"Like flatworms they have a ciliated epidermis , but are unique in having but one cilium per cell .",C1
"Prairie dogs are chiefly herbivorous , though they eat some insects .",C1
"Examination of the immediate environs reveals a concentration of ancient sites , making a significant ritual landscape .",C1
"Pride allowed fighters latitude in their choice of attire but open finger gloves , a mouthguard and a protective cup were mandatory .",C1
"Originally , ventriloquism was a religious practice .",C1
"Because alpine tundra is located in various widely separated regions of the Earth , there is no animal species common to all areas of alpine tundra .",C1
Fundamental to the discipline are the sciences of physics and mathematics as these help to obtain both a qualitative and quantitative description of how such systems will work .,C1
Computational chemistry looks at both static and dynamic systems .,C1
The preputial glands of mice and rats are large modified sebaceous glands that produce pheromones used for territorial marking .,C1
The organization was disestablished as their activity had been outdated .,C1
Carbon monoxide can also be used in the water - gas shift reaction to produce hydrogen .,C1
The pigmented chromatophores have a sac of pigment and a large membrane that is folded when retracted .,C1
Solvents can be used to prepare solids by precipitation or by evaporation .,C1
"The effects of volcanic eruptions on recent winters are modest in scale , but historically have been significant .",C1
The presence of water alters the characteristics of a volcanic eruption .,C1
The early modern period was characterized by profound changes in many realms of human endeavor .,C1
"To ensure that the movements of the fish in the film were believable , the animators took a crash course in fish biology and oceanography .",C1
"Kappes died from anaphylaxis caused by an insect bite , aged 52 .",C1
"Adult dicyemids range in length from 0.5 to , and they can be easily viewed through a light microscope .",C1
"Monocytes which migrate from the bloodstream to the tissues will then differentiate into macrophages or dendritic cells , which then stay in the tissue .",C1
Xenon difluoride is a strong fluorinating and oxidizing agent .,C1
Non-saline surface water uses is replenished by precipitation and by recruitment from ground-water .,C1
Not every poison has an antidote .,C1
It was once use for Lord Mayors to be created knights when they took office and baronets when they retired .,C1
The uterus is supplied by arterial blood both from the uterine artery and the ovarian artery .,C1
Banana fiber harvested from the pseudostems and leaves of the plant has been used for textiles in Asia since at least the 13th century .,C1
Yellow discoloration of the skin and the whites of the eyes happens in all types of jaundice .,C1
In 1999 the common pipistrelle was split into two species on the basis of different -frequency echolocation calls .,C1
"Mature kauri trees have large trunks , forming a bole with little or no branching below the crown .",C1
Handcuffs with double locks have a detent which when engaged stops the cuff from ratcheting tighter to prevent the wearer from tightening them .,C1
"The surface area , surface elevation , and water volume of the reservoir fluctuate based on inflow and local climatic conditions .",C1
"Though it is the least reactive of the halogens , iodine is still one of the more reactive elements .",C1
The taxonomy and systematics of the sooty / pale-tailed barbthroat complex has caused much confusion .,C1
"Prokaryotes include bacteria and archaea , two of the three domains of life .",C1
The hippocampus has a generally similar appearance across the mammals from monotremes such as the echidna to primates such as humans .,C1
The different neuronal cell types are neatly organized into layers in the hippocampus .,C1
Python is a multi-paradigm programming language .,C1
"Different approaches to programming have developed over time , being identified as such either at the time or retrospectively .",C1
Yet another prominent example of an introduced species that became invasive is the European rabbit in Australia .,C1
May was diagnosed with diabetes mellitus of type 1 in November 2012 .,C1
"During wars , merchant ships may be used as auxiliaries to the navies of their respective countries , and are called upon to deliver military personnel and materiel .",C1
"The bombard was manufactured from longitudinal bars of iron , hooped with rings fused into one mass .",C1
"Because of the lack of physical characteristics that supportthis group , it is very possible that the subfamily as it is currently recognized could grow bigger .",C1
"The biggest source of natural background radiation is airborne radon , a radioactive gas that emanates from the ground .",C1
Gamma rays are produced by some types of radioactive atoms .,C1
"The insect produces carminic acid , which deters predation by other insects .",C1
"Studies have shown that ear bones in mammal embryos are attached to the dentary , which is part of the lower jaw .",C1
Cholera 's main symptoms are very bad diarrhea and vomiting clear fluid .,C1
"As an example of isomer counting , there are nine structural isomers with molecular formula CHO having different bond connectivities .",C1
We can get another proof of the Pythagorean theorem by using similar triangles .,C1
"Tectonic earthquakes from the volcano had been detected since early August 2017 , and volcanic activity intensified for several weeks before decreasing significantly in late October .",C1
"The temporal lobe holds the primary auditory cortex , which is important for the processing of semantics in both speech and vision in humans .",C1
An observer standing on the Earth 's equator visualizes the celestial equator as a semicircle passing directly overhead through the zenith .,C1
"Fossils at Riversleigh are found in limestone by lime- rich freshwater pools , and in caves , when the ecosystem was evolving from rich rainforest to semiarid grassland community .",C1
"These are seashells , the shells of various marine mollusks including both gastropod and bivalves .",C1
"The bumblebee bat roosts in the caves of limestone hills , along rivers , within dry evergreen or deciduous forests .",C1
"The show is in syndication throughout the United States and Canada , as well as a number of other countries .",C1
"As a result microbial mats began to produce the atmosphere we know today , in which free oxygen is a vital component .",C1
Chasms and gorges form a network that dissects the rocky platforms on the plateau .,C1
Restriction enzymes probably evolved from a common ancestor and became widespread by horizontal gene transfer .,C1
"In cases where infections are related to intercourse , taking antibiotics afterwards may be useful .",C1
"Because plans represent three - dimensional objects on a two -dimensional plane , the use of views or projections is crucial to the legibility of plans .",C1
People with hepatitis should avoid taking drugs metabolized by the liver .,C1
Birds excrete their nitrogenous wastes as uric acid in the form of a paste .,C1
"Pumice is created when super-heated , highly pressurized rock is violently ejected from a volcano .",C1
"Postal regions do not necessarily follow state boundaries , so sorting by state is not practical .",C1
"In ancient times , regnal years were counted from the year a new monarch took the throne .",C1
OF reacts with many metals to yield oxides and fluorides .,C1
"The Emperor died from a disease which afflicted him with sores , apparently the first royal victim of smallpox in Japan .",C1
It is a mechanism of horizontal gene transfer as are transformation and transduction although these two other mechanisms do not involve cell- to - cell contact .,C1
"Despite their failure to score any hits , the American torpedo attacks achieved three important results .",C1
"If two parties wish to exchange encrypted messages , each needs to know how to decrypt received messages and to encrypt sent messages .",C1
The proposition that the death penalty was not always cruel and unusual punishment was just the beginning of the discussion .,C1
"Much of the plumbing work in populated areas is regulated by government or quasi-government agencies due to the direct impact on the public 's health , safety , and welfare .",C1
"A useful way to work around these gaps in knowledge is to find chronological synchronisms , which can lead to a precise date .",C1
Thermocouples are widely used in science and industry .,C1
"The class does not have a medusa larval stage in its development , unlike the rest of the phylum .",C1
"Of particular interest to astrobiology is the habitable zone of planetary systems where planets could have surface liquid water , and thus the capacity to harbor Earth - like life .",C1
"Earlier during the day , two attempts were made by Dutch battalions to carry out an attack against the western flank of the German perimeter .",C1
De facto segregation in the United States has increased since the civil rights movement .,C1
"Three key rearrangement reactions are 1,2 - rearrangements , pericyclic reactions and olefin metathesis .",C1
Type II rearrangements often involve double hydrogen migration in a carbon skeleton .,C1
The first derivative test is used in calculus optimization problems .,C1
Lung contusion and laceration are injuries to the lung .,C1
"While there is talk of making blue LEDs from zinc oxide , ceramicists are most interested in the electrical properties that show grain boundary effects .",C1
"To convert a number from hexadecimal to decimal , there are two common ways .",C1
The conversion from hexadecimal to binary is equally direct .,C1
"During an instrumental interlude , the music creates a thunder storm to indicate the passage of time .",C1
Flogging was used to punish convicts in the penal colonies of Australia .,C1
"Aquatic animals usually excrete ammonia directly into the water , as this compound is soluble and there is ample water available for dilution .",C1
Nautiluses are the only cephalopods who have an external shell .,C1
Polymers are high molecular mass compounds formed by polymerization of monomers .,C1
"During much of the letterpress era , movable type was composed by hand for each page .",C1
The concept of formally defined layers or strata is central to the geologic discipline of stratigraphy .,C1
"In particle accelerators the beamline is usually housed in a tunnel and / or underground , cased inside a cement housing .",C1
The estuaries and tidal flats are home to an array of plants and animals adapted to living in the oxygen - deficient saline mud .,C1
"It is used in the manufacturing of photographic film , engraving and lithography .",C1
Women get more UTIs than men because women have a urethra that is much shorter and closer to the anus .,C1
Measures to prevent opportunistic infections are effective in many people with HIV / AIDS .,C1
Turtles are divided into two extant suborders : Cryptodira and Pleurodira .,C1
The chessboard on the top of the cabinet was thin enough to allow for a magnetic linkage .,C1
"The lesser roadrunner is an omnivore , meaning it eats both meat and plants .",C1
Some examples of large Plinian eruptions that formed calderas include the following : The lava is usually rhyolitic and has a lot of silicates .,C1
About 200 species of symphylans are known worldwide .,C1
"The geology of the area is layers of gritstone , coal and glacial deposits of sand and gravel .",C1
"A variety of refinements to the attack have been suggested , including using multiple linear approximations or incorporating non-linear expressions , leading to a generalized partitioning cryptanalysis .",C1
The designers analyzed IDEA to measure its strength against differential cryptanalysis and concluded that it is immune under certain assumptions .,C1
Note that unrestricted submarine warfare was resumed in February 1917 and the British began full-scale convoying in September 1917 .,C1
Nitrous oxide also may be used in a monopropellant rocket .,C1
The order Archaeognatha is cosmopolitan ; it includes roughly 500 species in two families .,C1
People who are allergic to wasp venom are also allergic to hornet stings .,C1
Dates in brackets represent the ruling dates of the Ptolemaic pharaohs .,C1
Of the total exploitation length of route 43 % or 1272 km are electrified .,C1
"Under standard conditions , potassium bromide is a white crystalline powder .",C1
Mercury is a silvery - white liquid post-transition metal .,C1
Manganese is a silvery - gray metal and is part of the group known as the transition metals .,C1
Arsenic pentafluoride is a colorless gas .,C1
A slightly different explanation suggests this flexible catchphrase has to do with discarding the essential while retaining the superfluous because of excessive zeal .,C1
"In angiosperms , after the pollen grain has landed on the stigma , it develops a pollen tube which grows down the style until it reaches an ovary .",C1
Mature adults have a pair of small fins projecting from the lateral sides of the mantle .,C1
Prince Be suffered a massive stroke in early 2005 that left him paralyzed on the left side of his body .,C1
"In addition , the torquoselectivity in an electrocyclic reaction refers to the direction of rotation .",C1
The battle also showed the worth of pre-war naval code breaking and intelligence - gathering .,C1
Some extinct animals such as sauropod dinosaurs appear to have used stones to grind tough plant matter .,C1
The increasing use of carbon fiber composites is displacing aluminum from aerospace applications in favor of other metals .,C1
"Sound waves traveling through the ear canal will hit the tympanum , or eardrum .",C1
"Because ovulation is not always triggered by a single mating , females may not be impregnated by the first male with which they mate .",C1
Urinary tract infections have been described since ancient times .,C1
"By 2002 , 36 states had repealed their sodomy laws or their courts had overturned them .",C1
Geologists usually require several pieces of evidence before they will accept that a rock was used by a dinosaur to aid its digestion .,C1
In the circulatory system they move from lymph node to lymph node .,C1
Harvestmen are ancient arachnids .,C1
What is unusual is the overall tilt of the plateaus and hills .,C1
"Schinkel , however , is famous as well for his theoretical work and his architectural drafts .",C1
Other neutral particles are very short-lived and decay before they could be detected even if they were charged .,C1
"Dated to 3.6 million years ag , o they were the oldest known evidence of hominin bipedalism .",C1
"Measurement of the absorption of light is complicated by the solvent used to extract the chlorophyll from plant material , which affects the values obtained ,",C1
Some people think this is because of paranormal or extraterrestrial beings .,C1
"The adult plumage of most of the albatrosses is usually some variation of dark upper-wing and back with white undersides , often compared to that of a gull .",C1
"He died of a brain hemorrhage on 23 March 1995 , after collapsing during the filming of a coaching video .",C1
"Lithium reacts with water easily , but with noticeably less vigor than other alkali metals .",C1
The game ends either when all contestants are eliminated or when the question for the highest value in the money tree is answered .,C1
"Most euglenozoa have two flagella , which are inserted parallel to one another in an apical or subapical pocket .",C1
"Crustaceans exhibit a number of larval forms , of which the earliest and most characteristic is the nauplius .",C1
Some dispute psychometrics entirely .,C1
Sexual development can occur when amoeboid cells are starved for their bacterial food supply and dark humid conditions are present .,C1
Cogeneration is a thermodynamically efficient use of fuel .,C1
"Crossbills are specialist feeders on conifer cones , and the unusual bill shape is an adaptation which enables them to extract seeds from cones .",C1
A stellar classification of M3.5V makes this a red dwarf star that is generating energy through the nuclear fusion of hydrogen at its core .,C1
"Regional metamorphism , or dynamic metamorphism , occurs in great masses of rock .",C1
"The standard method of travel was by foot , as wheeled carts were almost nonexistent and heavy cargo was usually sent by boat .",C1
"Using the residue theorem , we can evaluate closed contour integrals .",C1
"Like the white - tailed hummingbird , it is sometimes considered a subspecies of the more widespread stripe-tailed hummingbird .",C1
"Within the convention of zero being neither positive nor negative , a specific sign- value 0 may be assigned to the number value 0 .",C1
"In more recent times , U.S. warming centers are proliferating as a means to serve the unsheltered homeless during temperature and rainfall spikes .",C1
Atomic nuclei are protons and neutrons held together by the nuclear force .,C1
Wool has several qualities that distinguish it from hair or fur : it is crimped and elastic .,C1
The common names for aldehydes are not always the official names .,C1
Pumice is widely used to make lightweight concrete and insulative low-density cinder blocks .,C1
Sleep disturbances such as insomnia and sleep apnea are risk factors for depression and suicide .,C1
Modern imitation vellum is made from plasticized rag cotton or fibers from interior tree bark .,C1
Excessive modesty is called prudishness .,C1
"The design claim is often challenged as an argument from ignorance , since it is often unexplained or unsupported , or explained by unscientific conjecture .",C1
Untreated streptococcal pharyngitis usually resolves within a few days .,C2
The posterior pituitary is actually an extension of the hypothalamus .,C2
Calcium nitrate is used in waste water pre-conditioning for odor emission prevention .,C2
Clonidine may be used along with benzodiazepines to help some of the symptoms of alcohol withdrawal .,C2
"The mammal - like reptiles are traditionally divided into a primitive group and an advanced group , known respectively as pelycosaurs and therapsids .",C2
"Modern didgeridoo designs are distinct from the traditional Australian Aboriginal didgeridoo , and are innovations recognized by musicologists .",C2
The major advantage of conventional hydroelectric dams with reservoirs is their ability to store water at low cost for dispatch later as high value clean electricity .,C2
Absinthe has often been portrayed as a dangerously addictive psychoactive drug and hallucinogen .,C2
"The zooxanthellae benefit from a safe place to live and consume the polyp 's carbon dioxide , phosphate and nitrogenous waste .",C2
An increase in the number of white blood cells in circulation is called leukocytosis .,C2
"Altogether , the fauna of the time had many large herbivores and few terrestrial carnivores .",C2
Methylphenidate is most commonly used to treat ADHD and narcolepsy .,C2
The hypothalamus releases factors down the pituitary stalk to the pituitary gland where they cause the release of pituitary hormones .,C2
Lithium oxide is produced by thermal dehydration of lithium hydroxide .,C2
Hydrobromic acid has commonly been prepared industrially by reacting bromine with either sulfur or phosphorus and water .,C2
"Jaspillite is also formed as exhalative chemical sediments in certain lead-zinc ore deposits , and as a hydrothermal alteration facies around submarine volcanism .",C2
"Most amphibians go through metamorphosis , a process of significant morphological change after birth .",C2
"Glaucocystophytic algae contain muroplasts , which are similar to chloroplasts except that they have a cell wall , similar to that of prokaryotes .",C2
Epoxides can be deoxygenated using oxophilic reagents .,C2
Organometallic complexes are commonly used in catalysis .,C2
"Mineralized skeletons of bryozoans first appear in rocks from the Early Ordovician period , making it the last major phylum to appear in the fossil record .",C2
The related term homodesmotic reaction also takes into account orbital hybridization and in addition there is no change in the number of carbon to hydrogen bonds .,C2
"X- ray crystallography is the primary method for determining the molecular conformations of biological macromolecules , particularly protein and nucleic acids such as DNA and RNA .",C2
X- ray crystallography was the primary method for determining the 3 - D molecular structure of biological macromolecules .,C2
It is made by reacting sodium carbonate with silver nitrate .,C2
Silver carbonate can be prepared by combining aqueous solutions of sodium carbonate with a deficiency of silver nitrate .,C2
"Potassium chloride is extracted from minerals sylvite , carnallite , and potash .",C2
"Alginate , agar and carrageenan are gelatinous seaweed products collectively known as hydrocolloids or phycocolloids .",C2
Nitrogen dioxide is formed in most combustion processes using air as the oxidant .,C2
"Although most vertical - lift bridges use towers , each equipped with counterweights , some use hydraulic jacks located below the deck .",C2
"All aerobic organisms produce CO2 when they oxidize carbohydrates , fatty acids , and proteins in the mitochondria of cells .",C2
"All aerobic organisms produce when they oxidize carbohydrates , fatty acids , and proteins .",C2
"Deomyines share no morphological characteristics that can be used to separate them from other muroids , though subtle aspects of the third upper molar have been suggested .",C2
Cyclothymia is classified in DSM - 5 as a subtype of bipolar disorder .,C2
"It can sometimes be difficult to distinguish anaphylaxis from asthma , syncope , and panic attacks .",C2
Sometimes it is difficult to tell the difference between anaphylaxis ; asthma ; fainting caused by not having enough oxygen ; and panic attacks .,C2
"Siboglinid tube worms , which may grow to over 2 m tall in the largest species , often form an important part of the community around a hydrothermal vent .",C2
"Correlation diagrams , which connect the molecular orbitals of the reactant to those of the product having the same symmetry , can then be constructed for the two processes .",C2
The function of masturbation in males is to flush out old sperm with low motility from the male 's genital tract .,C2
"Female amphiumas lay their eggs in wet mud , and then remain coiled around them for about five months , until they hatch .",C2
It can be made by reacting ammonium nitrate with potassium hydroxide .,C2
Potassium nitrate can be made by combining ammonium nitrate and potassium hydroxide .,C2
Synthesis of polyesters is generally achieved by a polycondensation reaction .,C2
"He is best known for his 1837 discovery of Purkinje cells , large neurons with many branching dendrites found in the cerebellum .",C2
It is prepared by the reaction of hydrogen peroxide and lithium hydroxide .,C2
"Cofactors can be divided into two types , either inorganic ions , or complex organic molecules called coenzymes .",C2
"Neutrophils are the most abundant white blood cell , constituting 60 - 70 % of the circulating leukocytes , and including two functionally unequal subpopulations : neutrophil-killers and neutrophil-cagers .",C2
"Instruments for measuring voltages include the voltmeter , the potentiometer , and the oscilloscope .",C2
"Sclerophyllous plants occur in many parts of the world , but are most typical in the chaparral biomes .",C2
An example of an electrocyclic reaction is the conrotatory thermal ring-opening of benzocyclobutane .,C2
An often studied electrocyclic reaction is the conrotatory thermal ring-opening of benzocyclobutene .,C2
"Octopuses and most cuttlefish can operate chromatophores in complex , undulating chromatic displays , resulting in a variety of rapidly changing color schemata .",C2
Sexual reproduction first probably evolved about a billion years ago within ancestral single -celled eukaryotes .,C2
"After 1932 he withdrew from tournament play , mostly because his symptoms of schizophrenia prevented normal life .",C2
Epidemiological practice and the results of epidemiological analysis make a significant contribution to emerging population - based health management frameworks .,C2
Hummingbirds are specialized nectarivores and are tied to the ornithophilous flowers upon which they feed .,C2
"Corticosteroids , such as dexamethasone and budesonide , have been shown to improve outcomes in children with all severities of croup .",C2
"Corticosteroids , such as dexamethasone and budesonide , can be used to treat croup .",C2
"The skin is covered in chromatophores , which enable the squid to change color to suit its surroundings , making it effectively camouflaged .",C2
"With the use of aniline dyes he was able to find a structure which strongly absorbed basophilic dyes , which he named chromatin .",C2
"Many fish change sex over the course of their lifespan , a phenomenon called sequential hermaphroditism .",C2
Barium bromide can be prepared from barium sulfide or barium carbonate via reaction with hydrobromic acid to give hydrated barium bromide .,C2
Barium bromide can be made by reacting barium carbonate with hydrobromic acid .,C2
"RNA viruses generally have very high mutation rates compared to DNA viruses , because viral RNA polymerases lack the proofreading ability of DNA polymerases .",C2
Chlorophyll molecules are arranged in and around photosystems that are embedded in the thylakoid membranes of chloroplasts .,C2
"Although most of a cell 's DNA is contained in the cell nucleus , the mitochondrion has its own independent genome that shows substantial similarity to bacterial genomes .",C2
"Most of a cell 's DNA is in the cell nucleus , but the mitochondrion has its own independent genome .",C2
"everyday i get up at 8 a clock. I always turn my music on. To have a nice day. Firstly, i take my shower. In a second time I breakfast. Then i go to school. But that's depend about my timetable. I don't begin at 8h30 everday so sometimes I watch tv",A2
My family is very small. I have a big borther. He is twenty three years old. He is a student.,A1
My name is {name},A1
"Hi my name is {name},",A2
"I have one sister, she is married and she has one children. His name is {name} and he is so cute, he loves the mininons and the car. My father and my mother work for the belgium military. They break up when i was 3 years old. My father are married with another women and my mother lives alone.",A2
"I get up at 7 am on a weekly day, i go to my lessons. And when i come back at home in the evening, ik study a little bit, watch tv, play video games and then i go to sleep at 11 pm.",A1
"I have a mother and a father and they are stil married. I have too a sister and a brother and I am am the jongest. my sister, pauline, don't live whit us anymore because she lives whith her boyfriend now.",A2
"I really like playing video games online with my friend . But i do not see only my friend in games . I also like to go ou with them all ; drinking beer, dancing, laughing ,...",A2
In my daily life i go to class has the university. The rest of the time i ride horse. After horseriding i study for university and for work for the exams.,A1
"I have a little family, i live with my father because my mother is dead last year. I have a lot of family to foreign country but i don't see my cousins and my uncle. She lives to France and Germany, for me my father is my alone family.",A2
"I've one brother and one sister, they are 14 and 4 years old. My mother is 41 years, she works for the communal house of Waterloo and my father is 51 years, he works in a restaurant in Brussel. My parents are separated since 10 years and now, I'm living by my mother. She has a new boyfriend since 5 years. This man has one son of 14 years and we're living in Waterloo. We're the happiest family.",A2
"My hobbies are hockey and golf. I like to play with my friends and i enjoy to have a great time after school or something like this. I train 2 times per week and i play a match of hockey 1 time per week-end, it's always the saturday and when i have more time , i play golf .",A2
"I get up at 7am and I take a shower! This very important if I want to feel me awake. Every morning I look at my Facebook and I wish ""happy birthday"" to my friends.",A2
"Firstly , I'd like thanking you for the invitation. It had been a long time I didn't take part of a birthday's party. I'm hoping the best.",A2
"Last summer I went to Thailand with a volunteer organisation. I went to a orphanage, and the projet is to cleaning and painting this orphanage.",A2
"My biggest memory was in France last year. It was my birthday so we did a party with my best friend, my girlfriend and my parents. but before that, we were gone in a gastronomic restaurant. The same day, I received a gift : a holiday prepaid by my parents for the United States. So this year, I know where I'm going !",B1
"Last holliday, in jully , I went in Croatia, with my boyfriend for two weeks",B1
"I went to Lisboa in September. I was with 3 friends there. We lent an appartment not in the center of Lisboa. To go to Lisboa, we had to take a train during 20 minuts. There was a beach only 1 minuts far of the appartment.",B1
"Dear {name},",B1
"During the first week of easter's holliday, i went in France for the wedding of my brother. It was absolutly amazing! My family and I where waiting for this moment so much and it was exactly like we wanted. After the wedding, a party was organised at the beach. It's seems crazy when I though that I've spend the wedding of my brother near from the see...",A2
"When i was ten yeard old, i walked in the moutain. When i'felt on a rock. The monitor has needed tp call a helicopter. At the hospital, the medecine told me that i has broken my leg. This the longer holliday of my life, sit on a sofa all of the day. The worst in this history, it was the second day of the beging of the holliday, i must waited eleven to back home",A2
"In 10 years time, I would like to be a famous journalist and travel around the world. I really enjoy travelling because I love moving and discover new things. But I also like to be informed and know what is happening in the world. In fact, I think that it is important to know the issues of our world and to try to find solutions about it.",B1
In 10 years i will be an avocant. I hope and will have 2 children. I will be riche because i will work hard. I will travel a lot in the world. I will retourn in Ethiopia and why not stay to live in there. In Ethiopia i will bult a lot bulding for children. i hope so they will happy.,A2
"Hi {name},",B1
Thank you very much for you invitation {name}.,B1
"Firstly In 10 years time, I hope that I'll be happy like today. I'll be the boss of my compagny. I hope that i'll be married and that i will explorate the world with my wife, I want to know all about the planet where i live.",A2
"In 10 years, i will be married to a famous basketball player and have 4 children ; 2 boys and 2 girls. I will leave in a beautiful house in Los Angeles with a big garden and a swimming pool. I will be a professional danser and i will go on Tour with celebrities. I will be a actress to. I will have done many movies with a lot of actors from Hollywod. This is how my life will be in 10 years.",A2
Hey buddy !,B1
I would like a family with a man and 2 children.,A1
I hope that I will have a job in computer sciences in a society whether as a work in Belgium or in an other country. I may have a fiancee with whom I will live in a flat or a little house that we will praise. I would also like to have visit Japan once or twice... This is what I Imagine.,A2
I went to the USA 2years ago. It was an amazing trip.,A2
"Hello {name},",B1
"My best memory of a holiday was San Torini. The sun was shining and the lanscape were beautiful. San Torini is an island in West Greece. There ares many white en little houses. the guide tells us the was in fact hotel today. she also tells us why these houses are whites, it's to keep cold air iside. there were also many orthodoxe chrurch. there were white with a blauw hood.",A2
"Good morning my dear,",A2
"Four years ago, I went to Senegal during two short weeks and I think it was the most beautiful travel that I've made in my life. I took the plane and it was the first time for me because my parents doesn't like plane (my mother is afraid by that). It was the most beautiful travel because I discover a lot of thing that we doesn't know here in Belgium.",A2
"Dear friend,",B1
"Hi {name}, Thank you for your invite ! I was so happy te receive it !",B1
"If i have to imagine my life in the future, it would probably looks like an adventure life. My childhood dream was to discover the world and learn about new culture in different country. So i hope that in 10 years, i will discovered so many beautiful landscape and met people who changed my life, with their culture, as i changed their.",B1
"Hey body, thanks for your invitation for your birthay party! I was really happy when i saw it in my facebook page. So if you need some help on any matters, you know that I'm the man! I can bring some drink, make the decoration of the room, cook some meal,... Wathever you want. I see you tomorow at school, so we will speak about that. Bye!",B1
"For now, I have never think about these amount of monney, so I cna't have a clearly idea of what I can do with. But by thinking now, I can divide these monney to do different projects, like rise up a company, creata an orphanage. But primary I can say that my first goal will be how I can find a way to multipide those monney. It said in introducing the money in the economy.",A2
"Hi everybody,",B1
"I'm not a big fan of reading and i don't read many books. But six months ago, i had read one book very interesting.",B1
"The best book I have ever read is ""La jeune fille à la perle"" of Tracy Chevalier. This book tell the story of a little girl who work for a rich family. In this rich family, live the artist Vermeer. The work of this girl is clean the house and after few months, she become friend with Vermeer. In fact, their friendly is an attirance..",B1
"""Brassicole the 16th of March""",B2
"If i had 1 million euros, i would firstable give a part to my parents because they have been giving me a lot of money since i was born. Then i would buy a normal house and maybe a car if i still have enough money. For the house, a old house in the countryside could be great and for the car, a Clio or a small VW would be really good. One million euros is not so much in fact but it can help a lot !",B1
La brassicole,A2
If i had 1 million euros i'll try to help the people who are most in need.,B1
I would invest in a house of moreover 300.000 €. I would also buy a car for 30.000 € maximum. I would put all the rest at the bank on a spare account.,B1
"The best book I've ever read is a classic, Harry Potter. I've grew up with the saga, since I was a child until now. This made all of my childhood and a part of my teenage.",B1
"The best book I've ever read is the Harry Potter saga, which is composed by 7 books. I love reading this book because the writer talks of a new, magic world which a lot of character and also a lot of moral basis, like friendship, relationship, happiness and the fight between the good and the evil's character.",B2
"A few months ago, I bought a book that I had seen in a library and which seemed very interesting. It's called ""invisible revolutions"". The book is divided in chapters, and actually each chapter is a small ""story"" about a real fact that is happening now. Every story has a link with the environment. For example, they talk about climate change and solutions about it...",B2
"The most important thing to know is that if I had one million euros, I would give the half to help people who need it. I wouldn't give everything to associations as soon as I receive it, but I would keep it until something happens in the world, like a earthquake, so I can help people at the moment they need it the most.",C1
"At the moment, the only event I'm waiting for is the next summer holidays !",B1
"Hello everybody,",B1
"Yesterday, I went to a concert ! It was very original because there were not any intruments. It's weird, no?",B1
"As a student, I would be really delighted if I could study abroad and discover new horizons. Travelling bring experience to the students and that can be really useful in the professional life. It gives them a new look to everyday-problem and this new look can help in future decisions making.",B2
"Nowadays, study abroad becomes more accessible for everyone. Indeed, a lot of programmes and associations propose to the students different opportunities to do part of their studies abroad. For example, the Erasmus program is very popular in the universities.",B1
I don't think study abroad should be a compulsory part of education.,B1
The issue of environment,B1
"I think the most important is to have an enjoyable job because the laps of time between the beginning of your carreer and your retirement is very long nowadays, and will grow in the future. So, you will have to manage all your life with a crappy stressful job.",B2
Eco friendly,B2
"If you are a student, all possibilities are always open. You are young and eager, you can become everything you want... And if don't know what to do with your life... Never mind, you just start it. Make mikstakes, travels and create relationships all around the world. Stability is for after, live your dreams and reach the stars.",B2
"Before starting and write down differents advices, I think this is important to the people to understand the fact that everybody have responsabilities about the environment problem, we all have to contribuate to the improving of this last one.",B1
"Any people agree with this question but as I'm concerned, i don't think so.",B1
I think that following classes abroad should be a compulsory part of education.,B2
"To improve the environment is a large notion, i think however, that it is very important to find solutions in order to finght against the hight emmission of gazes causing global warming and other forms of pollution.",B1
"At the moment, there are a lot of student who want to study abroad in their last year of education. Their main reason is to improve their level of a foreign language.",B1
"At my opinion, having an enjoyable job is better than making money.",B1
"Over the last few years, there has been growing concern about environmental issues. The challenges we are now facing offer unprecedented opportunities to move towards sustainable development.",B2
"In my opinion, it should be a part of education, since it's a great experience for a student, especially those who aren't able to go abroad, mostly due to financial reasons.",C1
"It seems to be rather obvious that social networks have become a key aspect of today's society, specially among millenials. Teenagers all over the world have started sharing their personal live's on these internet spaces at a suprisingly rapid pace, something that has proven itself to be a dramatic change on the way they interact with each other.",C1
"According to more and more people, eating a balanced diet is one of the most factor for a healthy life.",B1
Social networks have grown to become a huge part of our everyday lives and have completely changed the way we interact with people around us. It can be seen that people tend to spend more time speaking with their friends and relatives over the internet than meeting them in real life.,C1
Some people argue that celebrities don't have a right to privacy but I am not sure that is the only part of the question and the right answer.,B2
The balance diert :,B1
"I've always thought that the way we stalk actors, models and even celebrities we don't even know why we do know them, like Kim K, is one of the creepiest hobbies of the human kind.",B2
"I believe that the impact of social networks on relationships can be both positive and negative, indeed, thanks to this new technology we have access to new ways of interacting with each other. Even if social networks can be useful some times, for example, in a long distance relationship these networks can also be damaging for the couple. As an example,",B2
Socials networks have completely changed relationships.,B2
"I tend to think that people who live in the public eye have a right to privacy to a certain extent. In fact, this is their choice to show them as celebrities. Consequently they choose to show a part of their life to the public. As a result, they must not be surprised to be followed by paparazzis who always want to have a good scoop about them. But there are limits on this celebrity.",B2
"Do people who live in the public eye have a right to privacy ?! Of course, they do. Why shouldn't they ? Because they represent us ? Because they are public figures ? I do not agree. They sould have the same rights as any citizen, but they could, maybe, have a few more duties than the average citizen.",B2
"With the new technologies there is new possibilities to hold relationships. To chat with friends or to post photo's on internet at the view of friends is now totally common. Every ""friends"" on your Facebook is aware of your activities, where you was located and with which people. The social network is an open window on your private life.",B1
"Nowadays, more and more people tend to think that the internet and social networks are a good way to socialize and meet new people. However, in my opinion the social networks isolate people who use it.",B2
"Do, nowadays, our relationships depend on social networks ?",B2
"It is probably true to say that people living in the public eye have a extraordinary life. Some people even argue that they are living a dream. However, I am doubtful about the true quality of living of people exposed in public.",C1
"Some people argue that choosing the path to celebrity doesn't give you anymore the right to claim some privacy for youself. While I partly agree with that point of view, I tend to think every human being deserves the right to keep some decency and share only the things he or she wants.",C1
It's sure that having a healthy diet helps to have a healthy life. But for me it's not the most important factor. The way of life is the most important factor. Don't smoking and don't drinking for example are some factors whose help to be healthy.,B1
"I am pretty sure that eating a balanced diet can bring us a healthy life. As we can see, eating junky food or fat food will make us becomming bigger and when you start in this way you may have some problems to get back. Everything will start to decline in your body. You won't make sports or physical actvities anymore.",B1
"There is a belief according which a balanced diet is the most important factor for a healthy life. Personally, I do not think it is THE most important factor for for a healthy life, but it appears to me that it is a key factor.",C1
Social networks : destroyer or potitif factor on relationships ?,B1
"The right to privacy has never been as important as it is today. Wherever we look, this issue keeps making the front page of every newspaper. The progresses of technology makes it increasingly harder to guarantee it. Among those concerned by the issue, movie stars and VIP's. In this essay, it will be discussed about the right to privacy for those who live in the public eye.",C1
"""We are what we eat.""",B2
"For a long time, people did not pay attention at what they were eating. As a consequence, the life expectancy used to be much lower than it is today. I believe that a balanced and diversified diet can actively contribute to a healthy life. Moreover, failing to do so can deteriorate the health at an increasing rythm. However, it is not the only factor of that importance that support that goal.",B2
"Most people think that social networks are just alienating and addictive networks, that are bad for people because it reduces communication and interactions in the real life. However, in my opinion, there are still many benefits behind it.",C1
"Nobody can deny that in our modern daily life, social networks play a major role. Their appearance have changed the way we communicate with each other on a lot of aspects. Altough most of the people say that it has a real positive impact on our relationships because we can communicate more easily, I don't really think this way and I will explain why.",C1
There are two different possible effect.,B2
"Nowadays, the internet is a part of our daily life. But it doesn't mean that it has only advantages. Knowing lots of people doesn't mean you are close to them.",B2
Everyone would agree on the fact that we have to develop a healthy lifestyle but according to me eating balanced is not always the most important factor.,B2
"Nowadays, thanks to the many progresses in the medecine sector, people are far more aware that their health is highly linked with what they eat.",B2
"In order to take a stance on that statement, it is necessary to give a more accurate definition of the word ""privacy"". According to me, the right to privacy relates to the possibility, not of hiding some of our actions, but to be able to live without having judging eye following us in our thoughts and deeds.",C1
"We are tought to have a balanced diet early in life but the society in wich we live has a tendency to make us eat whatever is advertised the most. Be eat fast food, lots of sugar-base product and a lot of meat.",B2
"Some people argue that a balanced diet is the most important factor for a healthy life. I believe it's mostly true to say that, nevertheless I don't think the factors can be organised to least important to most important.",C1
"First of all, social networks take a big place in our life. Everyone is confronting all day with smartphone, laptop.",B1
Social networks are present for even everybody in our civlization and particulary for people between 14 and 35 year old. Social networks have consequences in different ways and one of the most important way is the relationships. This is what I will speak about.,B2
"For starters, social networks have spread the ease to communicate and to meet new people. Thus, the feeling that it generates can often be of mistrust.",B2
It's probably true to say that eating a balanced diet is a key factor for a healthy life.,B2
The most important factor of a healthy life,C1
"Social networks are certainly gaining an important place in our lives, we are now able to contact our family and friends insanely fast thanks to Facebook ,Twitter allows us to follow people and firms' activities on a daily basis, while Instagram rallies a community of photographs' lovers. Now, how did we react to such big changes over the last decade ?",C1
"Since the begining of humanity, men are triying to build new things, to find new technologies. We live in a connected world thanks to the internet. Now, we can easily get in contact with anybody, anywhere, at any time.",B2
The most important factor of a healthy life,B2
"My hobbies are : cooking, gardening, sewing, learning chinese ( Mandarin), play with my grandchildren. I also like to improve my English language for example ""Memrise"" Chinese - English. With ""Skritter"" reproduce caractères in Chinese.",A2
"We are two persons living in the same home. I am married whith {name}, he is fifty seven years old. My name is {name} and I am sixty one years old. We are married since 1978. We have no childrens, but we have many members of our family around us.",A2
"I haven't many hobbies. I'm working like teacher in a primary school and prepare some activities for my students is my favorite hobby. Also, i like to go shopping with my daughter and my friends, to walk outside when the weather is good. I don't like sport very much, but roll on my bicycle when the sun is, is very enjoy for me!",A1
"I am a single father of twoo boys. The older is fifteen years old. He is tall with short brown hairs, and is name is {name}. The younger is ten years old, with blond hairs and is name is {name}. They are very kind and I am so proud of them.",A2
I have a daugther .She is 13 years. I have a sister who is 55 years . My mother is dead because she had a cancer. She was 71 years when she dead My father live alone whith his little dog. I go to his house every day to take his news,A2
"I like sport. 3 times in week i run. I pratice a chinese martial art: this is the wing tchun, it's a style of kung-fu. When i have times i watch movies in cinema. I like go to visit another city and another country. when i have time i go on internet for listen musique.",A1
"My hobbies are yoga because it's a good exercices psychic, physic and spirituel ; tennis and petanque for a pleasure. Are a good hobbies because i meet somes persons and give a strong moral. I dream to be yoga's teacher for children. I like too to learn how to play guitare or harmonica. I find teacher to assist me.",A2
"Hello, I'm {name}. I have a big family: I have two parents, six sisters any brother but I have three brothers-in-law and one niece. My niece, her mother and the sister's husband live in Italy. I have also twenty-nine cousins and fourten uncle and tant",A1
"My hobby is learn and create a lot of things who ask me to use my creativity. For exemple, today I work on a project for a contest. I must make a demo actor's video. I feel very good, I feel alive when I'm doing this. I'm not actor or video fitter but I use google for help me to make everything.",A2
"My family is happy , it is a beautiful family. In my family we are strongh serious , enjoy , every body is happy. their . My mather wonderfull woman. My family is wonderful family",A1
"At home, my hobbies are sudoku, to watch télévision and the BD. I like to travelling with my familly in the different country in the world. i visit the muséum and the city with my camping-car",A1
"I like Athletics.I run three times a week in my club.My club is Seraing Athletics.But I have 2 or 3 other hobbies as video games and I play oudside with my friends.I really really like video games.I have a xbox 360 for play whith my games.And the last one is in summer I go to my city for play with my friends and speak the school,jobs,hobbies...",A2
"My favorit hobbie's running in nature. I like it, it's fun, and after, i'm relaxed for any time! I should like progress, step by step! The running, is verry important for my self! :-)",A1
"I usually get up at 7:00 in the morning. I have lunch and then take a shower. I share then work until 17:00. Go home, i eat dinner I then watch a little tv news. Then i go to bed.",A1
My family doesn't understand me after some bad experiences in my life. Some projects didn't succes and I lost one situation. Since few months I try to build again my life with a woman. We try to have a baby to have our family. But it's not easy each day to sruvive with a minimum of money but each day is a new experience.,A2
"We are three at home. My daughter have 15 years, she is called {name}. My husband work as employee. We live in the country. I'm work at Brussels in the public sector and I take the train for at working.",A1
"I get up with my children at zeven o'clock. I have a shower. I get dressed and I always have breakfast. I go to work in my bookshop from eight o'clock until zeven o'clock. In the evening, I do the children's homework, I cook. I sometimes watch Tv and go to bed at eleven o'clock.",A2
"I like travelling. My favourite country is South Africa with the bush, animals and beautiful landscape. People is fantastict with a very good bevahiour. I like gardening. It is a moment where i don't never thing. I like cooking.",A1
"Hello, I describe my hobbies. The first hobby, it's a music. I play three instruments : piano, accordeon and saxo. The second hobby, it's indoor soccer. Indeed, i'm a referee. And the last hobby, i like to travel in the other land, especially Italy. My origine is Sicily and it's a beautiful isle. I travel with my family. I've my wife and thre children. Two girls and a boy.",A1
"I like cooking when I have the time, I like reading to,the books thriller or police,, I 'm walking in the wood when the weather is good and when it rains I watching TV",A1
"I like my job,i'm a butcher. I'm work in a hypermarché in a good team. I like and eat meat everyday. My boss is a women,a very good boss. She work like a man.",A1
"I was in holidays last year in morroco. I went there by plane and i come back by bus. With my cousin we went to the beach every day until the afternoon and we take a bath of sun. All evening we were doing tour by car and listening music it was so cool, we had enjoy a lot. We are now waiting for the next holiday we are going to Málaga !",A2
"It was in my city and I was 13 years old. With a friend, we decided to discover our own city. We walked in very old small streets, we admired splendide houses from past times, we visited museums... There is a very beautiful church in my town, much visited by tourists. That day we had a guide just for us, so we could play some notes on the organ, we even went under the roof and it was great!",B1
"My son went in Democratic Republic of Congo .He received a coq. In the night he took a pot ,for his coq to made his toilette,but in the morning he found nothing in the pot ,my son was sad he went and bring water so his coq can wash his body but his coq could't.He was cring but at his age of 5 year he coul't know that animal can't do toilette as human being.",A2
"He {name}, I'am very happy to come home next week-end to celebrate your birthday. I asked to my friend {name}, the photograph to take some pictures during de the party. He is Ok. {name} take the wonderful pictures. Can you send him your adress please? Him number phone is {number}. See you next week. Kiss.",A2
"This is easy for me to answer the question. Because I'm not going to vacation. But I wish I could go. Ok, if I could go on vacation, I would go in the countries where there are horses and I will do of ethology with them. I would choose the USA or Venezuela. In the USA I would gather the herds of horses and take it back to the coral. Here's how I would spend the holidays.",B1
"Dear {name}, I'm happy to receive your invitation. Yes of course it's a pleasure to help you for organize your birthday. First time we could to drink a glass and listening a music. After that we could to go listen a movie. and second time, we could to go eat a restaurant and finish in the dancing. What do you think about that see you later my friend's",B1
The sun is shining and is warming my heart. The blue sky is smiling me to bring dream. The light and cool wind is rocking me like a child. The birds are singing to tell the aperitf time with a lot of friends. It is a simple moment of peace and sharing. A soft wave of frienship is dancing in my heart and my soul. I m happy,B1
"Every year, for 12 years, we go to the same club in Turkie. We know the animators and some customers who come every year as we. My best memory is the night of 21th July last year. We have clothes and accesories with the colors of Belgium and the atmosphere was fantastic. We always have fun there and we forget everything else.",A2
"In ten years, I would like visit many country in the world to meet many people and speak, change ideas between us. The first land to visit is the America of south : deserts, mountains, cities and seas with different transports : aeroplane, auto, car, bike and boat. For that, I would like learn spanish and englih language. It is most aisy to meet people if you understand their language.",A2
"Last year, I went to a camping in French. I went there with my family : my mother, his boyfriend and children's boyfriend. I always went to swimmingpool, I liked parties the afternoon. But my boyfriend miss you. I would like come back in Belgium to see my boyfriend. We stayed two weeks during the holiday. We came back by car. I didn't like stay it too long.",A2
"Hi friend, that's wonderful you make a great dinner for your birthday, but it's not cool that you has all the work if you want I'll be there to help you. What can I do ? I like drink dance laugh then I can create the atmosphere and fun.If you want I'll say to my sister to come with me, because she likes working cooking washing then with us two, everything will be perfect. See you soon",A2
"In ten years time, my life will be easy! My children will be adults, so i could stop to work. Everyday, i will go to walk and after i could read a lot of books. I will go to travel too. I want to plant many flowers and trees. Sometimes, i'll go to see my friends and my sisters.",A2
"I'm keen on the mountains, specialy The Alpes. And my dream would be living there. I imagine the fixture and furniture in a pretty chalet or flat, front of a majestic vieuw. I often could walking in this marvelous scenary. Sometimes, friends and especcialy my children would come for some stays. They could be accomodated at our home, of course. I must be patient and keep hope. Time will tell us.",B1
"My life in 10 years time, probably on beautifull island in Indonesia with my son. My occupation would be, scuba diving teatcher on a sailboat with friends or family, certainly my son would be dive master too. We would have a house on the beach very closer the sea, with two dogs. That was a beautifull dream, but can be make it happens.",A2
"Hello, I've just received your invitation and I wouldn't miss it for the world! Thanks a lot!! I know organising a party can be difficult: there is so much to plan, to think of... So if you need my help, don't hesitate to ask. I could for example come tomorrow morning to help you with the decoration, or run errands for you this afternoon. Let me know ;) Bye!!",C1
"Oh, my best book? Well, to be honnest, I don't read at all. I don't know why but I can't spend my time reading books, I fell it like a waste of time... it's not funny because I want to read, the Lovecraft's novels seems to be very good for me, for my imagination maybe. Now I don't know what to write for you, maybe a story?",B1
"As I'm retired, I'll give a part of it to my son to enable it to carry out a major project he wants to achive.",B1
"Great event, when sport met charity!",A2
"If I had 1 million euros, I think that I will build a big house. I would like to have 3 children so I want they will have a lot of place to play, to run outside, play football or something like that.",B1
"Yesterday, I attended at the launch of the new perfume of the Delavigne corporation, the famous Californian's firm.",B1
"It's a good question, my opinion changes each month but now i think it's the saga of ""Pierre Bottero"". (i hesitate with R.A. salvatore, writter of Drizzt's saga and adaptator of Star wars for books, he is talented and the charism of his characters is great)",B1
"The last book I read was a novel of Mary Higgins Clark. The next I'm going to read is a book of Arthur Conan Doyle, or Agatha Christie, or Michael Connelly, or ...",C1
"Hi Guys,",B1
"It's only a dream for me but, if it happened, you'll find my projects.",A2
"I read a lot of books. And in my view, the best book, I've ever read, it's ""D. "", writting by Robert Harris.",B1
On Sunday I had the opportunity to participate to the Batibauw event and I would like to share my feeling with you !,B1
"Hello world,",A2
That's a very good question !,B1
I think i woudn't change too much my live.,B1
"If I had 1 million euros, I'd like to buy a house in California, USA...",C1
"The politicians could choose and pay for other energy than the nuclear. And they could invest more in renewable energy. It is for all the planet in oneway, not only for one state or one little group.",B1
"Tryiing to avoid carbon energy, using public transport, recycling whatever may be recycled, using local food and season food such as vegetables coming from our country and not using imported food such as exotic fruit and vegetables. Walking by foot as soon as possible and so often we can.",B2
"I'm not sure it's something necessary for everybody, it depends of what you want to do later. Some people'll never use language is theyre job and for some people, languages are boring, you may not force somebody to learn languages.",B2
Both are important in some points of view.,B2
"No I think we could only learn by ourself. For instance, the simple fact that we spend hours on internet which is a lot written in english help us to improve.",B1
"First i'll give as an important advice, to turn off the the tap while brushing teeth.",B1
"I think the most important is to feel happy with your work, whatever your salary.",B1
"In a world where tthe countries no longe have frontiers, it seems attractive to travel and why not study abroad ?",B2
"This question is very interesting indeed and especially when you are reconsidering your career path, after having been in the same company for many many years.",C1
I personally think it is more important to have an enjoyable job than to make money.,B2
"The world where we are isn't very good in matters of environment. There are pollution, radiation, we destroy forest and nature. By this way we also kill himanity.",B1
It shouldn't because it's not easy for everyone to be comfortable with that. It's difficult to be away from friends and family.,B2
"N.B. I did not know the word ""compulsory"" and I needed to check the translation :)",B2
"Money and enjoyable job, both are important. I need money to live and I also need to feel comfortable with my Job.",B1
"First of all, I advice every body to do sparings: water sparing but also food, electricity and in genaral power sparings.",B1
We need money to live. That's a fact.,B2
"If we speak about the Earth environment, and thus, global Earth bad conditions, maybee the first thing to do, internationnaly, from each human to each company (from the smalest to the biggest) is to reduce what we consume.",B2
According to my experiences I would say that having an enjoyable job is really more important that having a boring one with a high salary.,B2
"I don't totaly agree with that point of view. For sure, eating a balanced diet is necesary for a healthy life, but it is not enough.",B2
"Yes they have. If I were a ""star"" I would enjoy to meet my fans ,",B1
"At first, we can consider social network as an easy way to keep in touch with other people (for instance : friends from childhood, close ones living far away...), as well as a manner to discover new people ""by chance"" on the internet enabling us to widen our circles.",B2
"I totally agree with this sentence. In fact, if you want to be fit, a balanced diet is more important than doing sport only. But being fit is not the only purpose in life. A good diet keeps you in shape, lively, awake... It brings you everything you need ( vitamins, calcium, ... ) and keeps away illness.",C1
"Social networks can impact relationships at different levels. First of all, they can serve as upgraded address books that allow people to remain connected even if life has separated them. Social networks also allow people to stay closer as they can stay away while remaining aware of their friend's whereabouts.",C2
My opinion has to be qualified .,B2
"I think that social networks are a usefull and powerfull tool from our century. They kind of change the way that people communicate with each other. Sometimes for the best but sometimes, unfortunately, for the worst.",B2
"Each day we can hear stronger the sentence ""We are what we eat"". We keep on seeing on the news how in developed countries there are higher percentages of obese children. Usually, we can see those kids eating a hamburger-fries-soda menu of any well-know food chain. Is it what we want for our present and future?",B2
According to me social networks have a huge impact on our relationships. Many people nowadays have access to social media and use it to communicate and we can all say that communication is a basic thing for every relationship.,B2
"In my opinion every have a right to have a private life. Doing a job, that puts us in the public eye should not prevent us keeping a part of our life secret for the others. It is not because we are famous that everybody has to know everything about us.",B2
Social networks such as Facebook can have postive impacts as well as negative impacts on relationships.,C1
"Social networks are giving the feeling to have relationships, by sharing informations to 'friends'. In place of having real contacts with other people, and building real relations, we are sitting in front of our screens, sharing unimportant news to people we don't really know.",B1
"I don't totally agree with this sentence. Of course, to have a healthy life you need to look after what you eat but this isn't the main thing. You will also need to do some sport. I am not talking about going to the gym, walking or cycling instead of taking the car when possible is enough, as long as it is done more than once a week.",B2
"Humans, like all the other animals, need to eat to live. Indeed, nutriment intake is the main source of energy for our bodies and therefore one of the most important aspect of our health. In fact, one can live without exercices, one can live without sun (albeit indirectly humans need sunlight), or one can even live without social life or intellectual activity.",C1
"Do social networks have an impact on relationships? Yes, they do. Another question would be to define the kind of relationships which are affected. According to me social networks can either damage relationships or make them feel more real than they actually are.",C2
Yes of course they are ppl after all.,B2
"Though I would have fully agreed with the statement a few years ago, I now believe that the quality of the food is what matters, more than a balanced diet unfortunately.",C1
"Social networks tends to create a distance between people, but paradoxally it is also a very good way to keep in touch with friends and family abroad.",B2
